order_id,business_id,rider_id,flour_id,order_date,total_amount,quantity_bags,price_per_bag,payment_method,order_status
ORD-214576,BIZ-1018,1,1,2025-10-25,247000.0,26,9500.0,POS,Delivered
ORD-299448,BIZ-1006,2,2,2025-10-08,270000.0,27,10000.0,POS,Cancelled
ORD-246991,BIZ-1052,2,3,2025-10-17,205800.0,21,9800.0,Bank Transfer,Cancelled
ORD-392075,BIZ-1035,2,4,2025-10-13,210000.0,20,10500.0,Bank Transfer,Pending
ORD-179046,BIZ-1039,3,2,2025-10-14,380000.0,40,10000.0,POS,Pending
ORD-997546,BIZ-1025,3,2,2025-10-14,90000.0,9,10000.0,Cash,Pending
ORD-153045,BIZ-1001,2,4,2025-10-17,115500.0,11,10500.0,POS,Cancelled
ORD-666847,BIZ-1004,1,5,2025-10-20,190000.0,20,9500.0,Bank Transfer,Delivered
ORD-197793,BIZ-1023,2,5,2025-10-26,352800.0,36,9800.0,POS,Delivered
ORD-989921,BIZ-1032,2,3,2025-10-28,215600.0,22,9800.0,Cash,Delivered
ORD-526156,BIZ-1021,2,4,2025-10-08,63000.0,6,10500.0,Bank Transfer,Pending
ORD-324130,BIZ-1015,1,3,2025-10-15,90000.0,9,10000.0,POS,Cancelled
ORD-161483,BIZ-1037,3,4,2025-10-26,266000.0,28,9500.0,POS,Delivered
ORD-102260,BIZ-1033,2,2,2025-10-05,332500.0,35,9500.0,Cash,Delivered
ORD-378085,BIZ-1007,2,4,2025-10-30,30000.0,3,10000.0,Cash,Delivered
ORD-923267,BIZ-1054,2,3,2025-10-28,152000.0,16,9500.0,POS,Cancelled
ORD-543555,BIZ-1039,1,2,2025-10-14,98000.0,10,9800.0,Cash,Delivered
ORD-865990,BIZ-1033,4,2,2025-10-21,120000.0,12,10000.0,Cash,Delivered
ORD-682765,BIZ-1034,3,3,2025-10-30,73500.0,7,10500.0,Bank Transfer,Delivered
ORD-610311,BIZ-1038,2,2,2025-10-20,300000.0,30,10000.0,Bank Transfer,Delivered
ORD-411120,BIZ-1038,2,5,2025-10-05,136500.0,13,10500.0,Bank Transfer,Pending
ORD-161324,BIZ-1057,2,4,2025-10-07,241500.0,23,10500.0,Bank Transfer,Pending
ORD-668532,BIZ-1048,3,4,2025-10-18,120000.0,12,10000.0,POS,Pending
ORD-428838,BIZ-1009,4,4,2025-10-02,230000.0,23,10000.0,Cash,Cancelled
ORD-712554,BIZ-1010,3,3,2025-10-02,130000.0,13,10000.0,Bank Transfer,Cancelled
ORD-994141,BIZ-1005,2,3,2025-10-15,343000.0,35,9800.0,Bank Transfer,Cancelled
ORD-159642,BIZ-1029,3,5,2025-10-16,220000.0,22,10000.0,POS,Pending
ORD-184002,BIZ-1009,4,1,2025-10-29,270000.0,27,10000.0,POS,Delivered
ORD-171849,BIZ-1061,4,2,2025-10-26,136500.0,13,10500.0,POS,Cancelled
ORD-808011,BIZ-1060,3,1,2025-10-18,210000.0,20,10500.0,Cash,Delivered
ORD-523389,BIZ-1045,4,3,2025-10-26,280000.0,28,10000.0,Cash,Cancelled
ORD-697347,BIZ-1034,1,4,2025-10-04,147000.0,14,10500.0,Cash,Cancelled
ORD-723398,BIZ-1011,3,2,2025-10-08,400000.0,40,10000.0,POS,Pending
ORD-185965,BIZ-1015,1,4,2025-10-02,147000.0,15,9800.0,Bank Transfer,Delivered
ORD-712024,BIZ-1035,4,3,2025-10-13,294500.0,31,9500.0,POS,Cancelled
ORD-431737,BIZ-1029,4,3,2025-10-17,136500.0,13,10500.0,Bank Transfer,Delivered
ORD-314181,BIZ-1055,4,2,2025-10-29,9500.0,1,9500.0,Bank Transfer,Cancelled
ORD-429445,BIZ-1055,3,2,2025-10-21,357000.0,34,10500.0,Bank Transfer,Pending
ORD-515011,BIZ-1038,2,3,2025-10-08,94500.0,9,10500.0,POS,Cancelled
ORD-776856,BIZ-1025,4,2,2025-10-04,346500.0,33,10500.0,POS,Pending
ORD-431535,BIZ-1046,1,5,2025-10-09,290000.0,29,10000.0,POS,Pending
ORD-176066,BIZ-1013,4,4,2025-10-28,160000.0,16,10000.0,POS,Pending
ORD-751332,BIZ-1042,2,5,2025-10-01,160000.0,16,10000.0,POS,Delivered
ORD-204837,BIZ-1017,1,3,2025-10-30,88200.0,9,9800.0,POS,Delivered
ORD-323508,BIZ-1038,4,3,2025-10-03,133000.0,14,9500.0,Cash,Cancelled
ORD-238890,BIZ-1039,3,2,2025-10-16,315000.0,30,10500.0,Cash,Pending
ORD-172132,BIZ-1014,4,3,2025-10-28,361000.0,38,9500.0,Bank Transfer,Pending
ORD-487477,BIZ-1045,4,2,2025-10-27,210000.0,20,10500.0,Cash,Delivered
ORD-559469,BIZ-1012,4,4,2025-10-09,189000.0,18,10500.0,Cash,Pending
ORD-837715,BIZ-1019,4,2,2025-10-26,254800.0,26,9800.0,POS,Cancelled
ORD-946305,BIZ-1053,3,4,2025-10-10,21000.0,2,10500.0,POS,Pending
ORD-108203,BIZ-1022,1,4,2025-10-20,94500.0,9,10500.0,Cash,Pending
ORD-681542,BIZ-1016,4,5,2025-10-21,205800.0,21,9800.0,Cash,Pending
ORD-795613,BIZ-1057,2,4,2025-10-09,189000.0,18,10500.0,Cash,Delivered
ORD-240814,BIZ-1056,2,2,2025-10-04,332500.0,35,9500.0,POS,Delivered
ORD-212235,BIZ-1036,1,2,2025-10-08,28500.0,3,9500.0,Bank Transfer,Cancelled
ORD-262998,BIZ-1036,1,3,2025-10-23,98000.0,10,9800.0,POS,Delivered
ORD-734210,BIZ-1008,4,1,2025-10-09,362600.0,37,9800.0,Cash,Delivered
ORD-459536,BIZ-1032,1,5,2025-10-07,370500.0,39,9500.0,Bank Transfer,Cancelled
ORD-765046,BIZ-1048,4,3,2025-10-07,20000.0,2,10000.0,POS,Delivered
ORD-629959,BIZ-1019,3,5,2025-10-26,49000.0,5,9800.0,POS,Cancelled
ORD-987204,BIZ-1005,2,3,2025-10-15,76000.0,8,9500.0,POS,Pending
ORD-765095,BIZ-1030,3,3,2025-10-02,50000.0,5,10000.0,Cash,Delivered
ORD-390120,BIZ-1003,4,2,2025-10-13,280000.0,28,10000.0,Cash,Delivered
ORD-449759,BIZ-1003,4,3,2025-10-02,340000.0,34,10000.0,Cash,Cancelled
ORD-768061,BIZ-1044,2,2,2025-10-24,380000.0,38,10000.0,Bank Transfer,Pending
ORD-269430,BIZ-1033,4,3,2025-10-30,284200.0,29,10000.0,Cash,Delivered
ORD-678478,BIZ-1059,1,3,2025-10-23,320000.0,32,10000.0,Bank Transfer,Pending
ORD-688153,BIZ-1058,2,5,2025-10-22,170000.0,17,10000.0,POS,Delivered
ORD-178898,BIZ-1051,3,2,2025-10-01,333200.0,34,9800.0,POS,Pending
ORD-824586,BIZ-1041,4,3,2025-10-29,313600.0,32,9800.0,Cash,Delivered
ORD-672092,BIZ-1053,1,3,2025-10-28,60000.0,6,10000.0,POS,Delivered
ORD-487151,BIZ-1026,4,5,2025-10-02,200000.0,20,10000.0,Cash,Cancelled
ORD-255287,BIZ-1019,2,3,2025-10-18,360000.0,36,10000.0,Cash,Pending
ORD-143860,BIZ-1040,3,2,2025-10-13,166600.0,17,9800.0,Cash,Delivered
ORD-934794,BIZ-1026,1,2,2025-10-10,343000.0,35,9800.0,POS,Pending
ORD-141832,BIZ-1013,3,2,2025-10-30,180000.0,18,10000.0,Cash,Delivered
ORD-320281,BIZ-1004,2,4,2025-10-27,235200.0,24,10000.0,POS,Cancelled
ORD-799330,BIZ-1016,3,4,2025-10-21,90000.0,9,10000.0,POS,Pending
ORD-918011,BIZ-1058,3,4,2025-10-04,94500.0,9,10500.0,POS,Pending
ORD-526117,BIZ-1001,4,5,2025-10-17,325500.0,31,10500.0,Bank Transfer,Delivered
ORD-885884,BIZ-1013,3,1,2025-10-30,178500.0,17,10500.0,Cash,Pending
ORD-348237,BIZ-1033,1,2,2025-10-05,47500.0,5,9500.0,POS,Pending
ORD-938742,BIZ-1016,3,3,2025-10-26,58800.0,6,9800.0,POS,Cancelled
ORD-532322,BIZ-1035,4,3,2025-10-25,392000.0,40,9800.0,Cash,Pending
ORD-872343,BIZ-1011,2,4,2025-10-01,399000.0,38,10000.0,POS,Cancelled
ORD-920391,BIZ-1013,1,5,2025-10-28,68600.0,7,9800.0,POS,Delivered
ORD-941204,BIZ-1024,1,4,2025-10-28,107800.0,11,9800.0,Bank Transfer,Delivered
ORD-870763,BIZ-1020,4,5,2025-10-21,283500.0,27,10500.0,Bank Transfer,Delivered
ORD-379766,BIZ-1035,4,4,2025-10-25,190000.0,19,10000.0,POS,Delivered
ORD-835343,BIZ-1055,4,4,2025-10-05,166600.0,17,9800.0,POS,Delivered
ORD-140605,BIZ-1016,1,4,2025-10-04,100000.0,10,10000.0,Bank Transfer,Delivered
ORD-333238,BIZ-1042,4,4,2025-10-26,200000.0,20,10000.0,Cash,Cancelled
ORD-582662,BIZ-1038,2,3,2025-10-06,210000.0,20,10500.0,Cash,Delivered
ORD-960394,BIZ-1002,4,5,2025-10-11,370500.0,39,9500.0,POS,Pending
ORD-338651,BIZ-1011,1,4,2025-10-24,19000.0,2,9500.0,POS,Pending
ORD-792094,BIZ-1009,1,3,2025-10-07,351500.0,37,9500.0,POS,Cancelled
ORD-444207,BIZ-1028,1,3,2025-10-06,290000.0,29,10000.0,POS,Pending
ORD-172792,BIZ-1008,2,3,2025-10-09,63000.0,6,10500.0,Cash,Pending
ORD-392683,BIZ-1060,2,1,2025-10-30,68600.0,7,9800.0,POS,Pending
ORD-634150,BIZ-1023,3,3,2025-10-11,199500.0,19,10500.0,Bank Transfer,Pending
ORD-984642,BIZ-1013,3,3,2025-10-12,170000.0,17,10000.0,POS,Delivered
ORD-128941,BIZ-1039,4,4,2025-10-17,367500.0,35,10500.0,Bank Transfer,Cancelled
ORD-373903,BIZ-1001,4,4,2025-10-04,252000.0,24,10500.0,Bank Transfer,Pending
ORD-378361,BIZ-1027,2,1,2025-10-06,352800.0,36,9800.0,POS,Pending
ORD-725550,BIZ-1019,1,2,2025-10-02,76000.0,8,9500.0,Cash,Cancelled
ORD-863934,BIZ-1036,3,2,2025-10-14,10500.0,1,10500.0,Bank Transfer,Pending
ORD-557592,BIZ-1054,4,5,2025-10-24,78400.0,8,9800.0,POS,Cancelled
ORD-636265,BIZ-1054,4,3,2025-10-19,189000.0,18,10500.0,Bank Transfer,Pending
ORD-704596,BIZ-1046,4,2,2025-10-04,352800.0,36,9800.0,POS,Cancelled
ORD-146542,BIZ-1014,2,3,2025-10-06,85500.0,9,9500.0,Cash,Cancelled
ORD-101773,BIZ-1060,2,5,2025-10-22,171000.0,18,9500.0,POS,Cancelled
ORD-945687,BIZ-1053,4,3,2025-10-16,313600.0,32,9800.0,Cash,Pending
ORD-854377,BIZ-1031,4,5,2025-10-17,378000.0,36,10500.0,Bank Transfer,Cancelled
ORD-872840,BIZ-1012,1,3,2025-10-29,168000.0,16,10500.0,Bank Transfer,Pending
ORD-481913,BIZ-1026,4,2,2025-10-21,325500.0,31,10500.0,Cash,Delivered
ORD-796503,BIZ-1043,3,3,2025-10-13,90000.0,9,10000.0,Bank Transfer,Cancelled
ORD-753425,BIZ-1002,1,3,2025-10-28,285000.0,30,9500.0,POS,Delivered
ORD-989208,BIZ-1058,2,5,2025-10-10,52500.0,5,10500.0,POS,Cancelled
ORD-414910,BIZ-1027,2,3,2025-10-04,247000.0,26,9500.0,Cash,Cancelled
ORD-799287,BIZ-1013,3,2,2025-10-16,304000.0,32,9500.0,POS,Cancelled
ORD-521947,BIZ-1007,3,3,2025-10-13,186200.0,19,9800.0,Bank Transfer,Cancelled
ORD-681343,BIZ-1012,1,5,2025-10-21,73500.0,7,10500.0,Bank Transfer,Delivered
ORD-540869,BIZ-1051,2,5,2025-10-04,199500.0,21,9500.0,Cash,Pending
ORD-497562,BIZ-1048,4,2,2025-10-20,98000.0,10,9800.0,Bank Transfer,Delivered
ORD-282480,BIZ-1055,1,3,2025-10-21,63000.0,6,10500.0,POS,Delivered
ORD-415568,BIZ-1014,2,3,2025-10-19,157500.0,15,10500.0,Cash,Cancelled
ORD-974224,BIZ-1013,2,2,2025-10-13,10500.0,1,10500.0,Bank Transfer,Pending
ORD-400850,BIZ-1046,4,5,2025-10-01,230000.0,23,10000.0,Cash,Pending
ORD-923927,BIZ-1021,4,4,2025-10-07,136500.0,13,10500.0,Bank Transfer,Pending
ORD-786508,BIZ-1010,2,5,2025-10-18,370000.0,37,10000.0,Bank Transfer,Cancelled
ORD-563246,BIZ-1006,3,4,2025-10-10,260000.0,26,10000.0,POS,Cancelled
ORD-324082,BIZ-1039,1,5,2025-10-14,320000.0,32,10000.0,Bank Transfer,Cancelled
ORD-932291,BIZ-1035,1,4,2025-10-16,130000.0,13,10000.0,POS,Cancelled
ORD-934692,BIZ-1019,4,4,2025-10-28,30000.0,3,10000.0,POS,Pending
ORD-790855,BIZ-1029,2,5,2025-10-23,85500.0,9,9500.0,POS,Pending
ORD-640490,BIZ-1017,1,5,2025-10-03,117600.0,12,9800.0,POS,Cancelled
ORD-749342,BIZ-1017,2,3,2025-10-20,176400.0,18,9800.0,Cash,Cancelled
ORD-958179,BIZ-1034,4,4,2025-10-11,209000.0,22,9500.0,Bank Transfer,Delivered
ORD-346277,BIZ-1030,3,3,2025-10-29,260000.0,26,10000.0,Bank Transfer,Pending
ORD-335552,BIZ-1001,4,5,2025-10-21,332500.0,35,9500.0,POS,Cancelled
ORD-254511,BIZ-1018,2,4,2025-10-25,178500.0,17,10500.0,POS,Delivered
ORD-356736,BIZ-1008,2,2,2025-10-01,294500.0,31,9500.0,POS,Delivered
ORD-740967,BIZ-1019,4,4,2025-10-30,300000.0,30,10000.0,Bank Transfer,Delivered
ORD-176365,BIZ-1026,4,4,2025-10-26,30000.0,3,10000.0,Bank Transfer,Delivered
ORD-760356,BIZ-1042,4,3,2025-10-14,343000.0,35,9800.0,Cash,Cancelled
ORD-853240,BIZ-1056,1,3,2025-10-18,367500.0,35,10500.0,POS,Delivered
ORD-618392,BIZ-1015,2,4,2025-10-21,336000.0,32,10500.0,POS,Pending
ORD-254739,BIZ-1025,4,2,2025-10-12,147000.0,14,10500.0,Cash,Delivered
ORD-105814,BIZ-1008,3,3,2025-10-20,240000.0,24,10000.0,Cash,Delivered
ORD-907451,BIZ-1053,3,2,2025-10-27,84000.0,8,10500.0,POS,Cancelled
ORD-916232,BIZ-1035,3,5,2025-10-27,370500.0,39,9500.0,Bank Transfer,Delivered
ORD-284430,BIZ-1056,3,2,2025-10-13,362600.0,37,9800.0,POS,Delivered
ORD-829716,BIZ-1015,1,4,2025-10-25,150000.0,15,10000.0,Cash,Delivered
ORD-152657,BIZ-1017,1,4,2025-10-16,90000.0,9,10000.0,POS,Delivered
ORD-989545,BIZ-1058,2,2,2025-10-17,85500.0,9,9500.0,POS,Pending
ORD-239816,BIZ-1004,2,4,2025-10-04,19600.0,2,10000.0,Bank Transfer,Cancelled
ORD-800005,BIZ-1035,3,3,2025-10-25,256500.0,27,9500.0,Cash,Pending
ORD-686075,BIZ-1059,4,2,2025-10-16,313500.0,33,9500.0,POS,Delivered
ORD-891937,BIZ-1003,4,4,2025-10-18,340000.0,34,10000.0,Bank Transfer,Pending
ORD-742412,BIZ-1040,3,3,2025-10-27,273000.0,26,10500.0,POS,Pending
ORD-629298,BIZ-1000,2,2,2025-10-25,47500.0,5,9500.0,Bank Transfer,Delivered
ORD-674485,BIZ-1060,4,5,2025-10-13,180000.0,18,10000.0,Cash,Cancelled
ORD-266889,BIZ-1004,3,4,2025-10-14,409500.0,39,10500.0,POS,Cancelled
ORD-597732,BIZ-1015,4,3,2025-10-23,352800.0,36,9800.0,Bank Transfer,Pending
ORD-888295,BIZ-1028,4,3,2025-10-14,231000.0,22,10500.0,POS,Delivered
ORD-768636,BIZ-1030,2,5,2025-10-08,220500.0,21,10500.0,Cash,Delivered
ORD-915451,BIZ-1018,3,4,2025-10-09,294500.0,31,9500.0,Bank Transfer,Pending
ORD-757193,BIZ-1050,1,4,2025-10-16,70000.0,7,10000.0,POS,Cancelled
ORD-561239,BIZ-1001,3,3,2025-10-08,360000.0,36,10000.0,Cash,Cancelled
ORD-399607,BIZ-1035,2,5,2025-10-03,266000.0,28,9500.0,Cash,Delivered
ORD-452161,BIZ-1058,1,3,2025-10-08,362600.0,37,9800.0,Bank Transfer,Delivered
ORD-666390,BIZ-1008,3,5,2025-10-10,230000.0,23,10000.0,POS,Delivered
ORD-258157,BIZ-1004,2,1,2025-10-03,266000.0,28,9500.0,Bank Transfer,Pending
ORD-827659,BIZ-1042,2,4,2025-10-07,200000.0,20,10000.0,Bank Transfer,Delivered
ORD-324345,BIZ-1038,3,2,2025-10-05,388500.0,37,10500.0,POS,Cancelled
ORD-527398,BIZ-1005,1,3,2025-10-02,19000.0,2,9500.0,Cash,Pending
ORD-588557,BIZ-1004,2,5,2025-10-10,215600.0,22,9800.0,POS,Pending
ORD-316881,BIZ-1006,3,2,2025-10-13,351500.0,37,9500.0,Bank Transfer,Cancelled
ORD-508396,BIZ-1058,2,3,2025-10-25,38000.0,4,9500.0,POS,Pending
ORD-712451,BIZ-1017,4,5,2025-10-28,336000.0,32,10500.0,Bank Transfer,Cancelled
ORD-120480,BIZ-1019,4,4,2025-10-29,80000.0,8,10000.0,Cash,Cancelled
ORD-902784,BIZ-1006,2,4,2025-10-26,399000.0,38,10500.0,Bank Transfer,Pending
ORD-600149,BIZ-1014,3,2,2025-10-18,370500.0,39,9500.0,Cash,Delivered
ORD-468845,BIZ-1029,2,5,2025-10-01,90000.0,9,10000.0,Bank Transfer,Delivered
ORD-508930,BIZ-1046,1,2,2025-10-09,336000.0,32,10500.0,Cash,Cancelled
ORD-976325,BIZ-1017,3,3,2025-10-26,150000.0,15,10000.0,POS,Delivered
ORD-883826,BIZ-1014,4,4,2025-10-13,266000.0,28,9500.0,Cash,Cancelled
ORD-938722,BIZ-1033,4,5,2025-10-23,294000.0,28,10500.0,Bank Transfer,Pending
ORD-331251,BIZ-1039,1,3,2025-10-19,20000.0,2,10000.0,POS,Pending
ORD-386193,BIZ-1032,3,2,2025-10-15,63000.0,6,10500.0,Cash,Cancelled
ORD-130434,BIZ-1027,4,5,2025-10-14,247000.0,26,9500.0,POS,Pending
ORD-801364,BIZ-1043,1,4,2025-10-12,150000.0,15,10000.0,POS,Cancelled
ORD-523956,BIZ-1027,2,5,2025-10-21,78400.0,8,9800.0,POS,Cancelled
ORD-981334,BIZ-1017,3,2,2025-10-22,98000.0,10,9800.0,Cash,Delivered
ORD-233827,BIZ-1044,3,2,2025-10-15,117600.0,12,9800.0,POS,Pending
ORD-660069,BIZ-1023,2,5,2025-10-30,315000.0,30,10500.0,Bank Transfer,Pending
ORD-513160,BIZ-1024,4,5,2025-10-01,52500.0,5,10000.0,Cash,Cancelled
ORD-795205,BIZ-1060,3,5,2025-10-18,40000.0,4,10000.0,Cash,Pending
ORD-773971,BIZ-1014,2,5,2025-10-01,28500.0,3,9500.0,Bank Transfer,Cancelled
ORD-584125,BIZ-1033,4,4,2025-10-13,63000.0,6,10500.0,Cash,Cancelled
ORD-372793,BIZ-1051,4,2,2025-10-06,130000.0,13,10000.0,Bank Transfer,Pending
ORD-321941,BIZ-1058,3,2,2025-10-12,70000.0,7,10000.0,Bank Transfer,Delivered
ORD-453894,BIZ-1015,1,5,2025-10-14,304500.0,29,10500.0,Cash,Pending
ORD-497542,BIZ-1001,2,4,2025-10-23,262500.0,25,10500.0,POS,Cancelled
ORD-972335,BIZ-1052,2,4,2025-10-09,209000.0,22,9500.0,POS,Cancelled
ORD-975467,BIZ-1043,2,2,2025-10-13,250000.0,25,10000.0,Cash,Delivered
ORD-120324,BIZ-1007,2,5,2025-10-03,372400.0,38,9800.0,POS,Cancelled
ORD-154615,BIZ-1030,3,5,2025-10-23,254800.0,26,9800.0,POS,Pending
ORD-466960,BIZ-1013,3,3,2025-10-30,215600.0,22,9800.0,POS,Pending
ORD-171951,BIZ-1005,2,2,2025-10-07,20000.0,2,10000.0,Bank Transfer,Pending
ORD-783414,BIZ-1057,1,2,2025-10-24,313600.0,32,9800.0,Bank Transfer,Delivered
ORD-132537,BIZ-1029,3,5,2025-10-02,180500.0,19,9500.0,POS,Delivered
ORD-309044,BIZ-1055,1,2,2025-10-29,409500.0,39,10500.0,Bank Transfer,Cancelled
ORD-751517,BIZ-1032,4,4,2025-10-26,392000.0,40,10000.0,Cash,Pending
ORD-232352,BIZ-1045,2,3,2025-10-05,168000.0,16,10500.0,Bank Transfer,Cancelled
ORD-219946,BIZ-1043,4,2,2025-10-15,160000.0,16,10000.0,Cash,Cancelled
ORD-328552,BIZ-1039,4,5,2025-10-17,388500.0,37,10500.0,Cash,Cancelled
ORD-368690,BIZ-1045,1,2,2025-10-14,357000.0,34,10500.0,POS,Delivered
ORD-275939,BIZ-1053,4,5,2025-10-24,161500.0,17,9500.0,POS,Delivered
ORD-884256,BIZ-1002,2,4,2025-10-19,323000.0,34,9500.0,Bank Transfer,Pending
ORD-915573,BIZ-1031,4,4,2025-10-22,284200.0,29,9800.0,Bank Transfer,Pending
ORD-426147,BIZ-1024,4,4,2025-10-25,218500.0,23,9500.0,Cash,Cancelled
ORD-126925,BIZ-1029,4,4,2025-10-04,235200.0,24,9800.0,Cash,Delivered
ORD-703766,BIZ-1057,3,5,2025-10-28,20000.0,2,10000.0,Bank Transfer,Delivered
ORD-493537,BIZ-1030,4,1,2025-10-21,30000.0,3,10000.0,POS,Pending
ORD-849747,BIZ-1034,3,4,2025-10-12,275500.0,29,9500.0,Cash,Delivered
ORD-720859,BIZ-1043,3,5,2025-10-06,105000.0,10,10500.0,Bank Transfer,Pending
ORD-757711,BIZ-1047,1,1,2025-10-21,76000.0,8,9500.0,POS,Cancelled
ORD-831059,BIZ-1016,3,3,2025-10-08,285000.0,30,9500.0,POS,Cancelled
ORD-991597,BIZ-1055,1,5,2025-10-24,19600.0,2,9800.0,Cash,Delivered
ORD-944657,BIZ-1002,1,3,2025-10-21,400000.0,40,10000.0,Bank Transfer,Cancelled
ORD-693423,BIZ-1016,3,1,2025-10-04,60000.0,6,10000.0,Cash,Pending
ORD-464069,BIZ-1027,2,5,2025-10-24,31500.0,3,10500.0,POS,Delivered
ORD-793655,BIZ-1026,2,2,2025-10-16,218500.0,23,9500.0,POS,Cancelled
ORD-630538,BIZ-1033,1,4,2025-10-12,70000.0,7,10000.0,Cash,Cancelled
ORD-113266,BIZ-1011,4,3,2025-10-20,215600.0,22,9800.0,POS,Delivered
ORD-962276,BIZ-1006,4,4,2025-10-26,85500.0,9,9500.0,Cash,Delivered
ORD-554582,BIZ-1025,3,5,2025-10-15,29400.0,3,9800.0,Cash,Cancelled
ORD-766459,BIZ-1058,2,4,2025-10-29,273000.0,26,10500.0,POS,Delivered
ORD-582071,BIZ-1010,3,5,2025-10-27,190000.0,19,10000.0,Cash,Delivered
ORD-556641,BIZ-1055,4,3,2025-10-22,252000.0,24,10500.0,Cash,Pending
ORD-647091,BIZ-1044,4,5,2025-10-06,126000.0,12,10500.0,POS,Pending
ORD-383201,BIZ-1047,3,3,2025-10-29,63000.0,6,10500.0,POS,Delivered
ORD-664315,BIZ-1027,2,4,2025-10-19,350000.0,35,10000.0,Bank Transfer,Pending
ORD-587455,BIZ-1042,4,3,2025-10-24,190000.0,19,10000.0,Bank Transfer,Cancelled
ORD-866536,BIZ-1042,4,4,2025-10-14,290000.0,29,10000.0,POS,Pending
ORD-437960,BIZ-1041,2,4,2025-10-18,420000.0,40,10500.0,Bank Transfer,Cancelled
ORD-971084,BIZ-1027,1,4,2025-10-26,260000.0,26,10000.0,Bank Transfer,Cancelled
ORD-392477,BIZ-1017,1,4,2025-10-29,275500.0,29,9500.0,Bank Transfer,Cancelled
ORD-355709,BIZ-1049,4,4,2025-10-27,240000.0,24,10000.0,POS,Delivered
ORD-697530,BIZ-1011,2,3,2025-10-23,290000.0,29,10000.0,Bank Transfer,Cancelled
ORD-497399,BIZ-1058,4,1,2025-10-19,90000.0,9,10000.0,POS,Pending
ORD-618317,BIZ-1008,3,2,2025-10-11,152000.0,16,9500.0,Cash,Cancelled
ORD-290672,BIZ-1049,2,5,2025-10-26,237500.0,25,9500.0,POS,Pending
ORD-472060,BIZ-1020,4,2,2025-10-15,140000.0,14,10000.0,Bank Transfer,Delivered
ORD-456871,BIZ-1036,1,3,2025-10-24,52500.0,5,10500.0,Bank Transfer,Cancelled
ORD-725113,BIZ-1050,3,5,2025-10-09,210000.0,21,10000.0,Cash,Delivered
ORD-389688,BIZ-1028,1,4,2025-10-22,120000.0,12,10000.0,Bank Transfer,Delivered
ORD-641722,BIZ-1002,3,1,2025-10-17,168000.0,16,10500.0,POS,Cancelled
ORD-189771,BIZ-1055,1,4,2025-10-29,252000.0,24,10500.0,Bank Transfer,Pending
ORD-526170,BIZ-1006,4,3,2025-10-08,273000.0,26,10500.0,POS,Delivered
ORD-894993,BIZ-1058,3,3,2025-10-15,90000.0,9,10000.0,Cash,Cancelled
ORD-599219,BIZ-1061,1,2,2025-10-08,340000.0,34,10000.0,Bank Transfer,Pending
ORD-614663,BIZ-1005,3,2,2025-10-20,313500.0,33,9500.0,Cash,Delivered
ORD-118080,BIZ-1011,1,1,2025-10-14,110000.0,11,10000.0,POS,Pending
ORD-332360,BIZ-1031,1,5,2025-10-03,60000.0,6,10000.0,Bank Transfer,Cancelled
ORD-355123,BIZ-1022,1,2,2025-10-13,190000.0,20,9500.0,Bank Transfer,Cancelled
ORD-709805,BIZ-1056,3,4,2025-10-10,400000.0,40,10000.0,Bank Transfer,Delivered
ORD-680358,BIZ-1009,1,3,2025-10-12,370000.0,37,10000.0,POS,Cancelled
ORD-546173,BIZ-1005,2,5,2025-10-16,21000.0,2,10500.0,Cash,Delivered
ORD-677124,BIZ-1047,4,4,2025-10-30,260000.0,26,10000.0,POS,Delivered
ORD-836996,BIZ-1052,4,3,2025-10-10,115500.0,11,10500.0,Cash,Delivered
ORD-421517,BIZ-1030,2,5,2025-10-14,215600.0,22,9800.0,POS,Pending
ORD-226516,BIZ-1021,2,4,2025-10-08,254800.0,26,9800.0,Cash,Delivered
ORD-430876,BIZ-1043,2,3,2025-10-22,285000.0,30,9500.0,Bank Transfer,Delivered
ORD-661894,BIZ-1050,2,3,2025-10-04,66500.0,7,9500.0,POS,Pending
ORD-823688,BIZ-1049,2,5,2025-10-29,156800.0,16,9800.0,Bank Transfer,Delivered
ORD-326895,BIZ-1059,4,5,2025-10-06,336000.0,32,10500.0,Cash,Delivered
ORD-389930,BIZ-1034,4,2,2025-10-23,63000.0,6,10500.0,Bank Transfer,Cancelled
ORD-897135,BIZ-1045,3,5,2025-10-22,218500.0,23,9500.0,Cash,Cancelled
ORD-396745,BIZ-1017,3,4,2025-10-16,310000.0,31,10000.0,Cash,Delivered
ORD-973074,BIZ-1011,4,5,2025-10-30,170000.0,17,10000.0,Bank Transfer,Pending
ORD-338533,BIZ-1029,2,5,2025-10-06,39200.0,4,9800.0,Bank Transfer,Pending
ORD-416950,BIZ-1016,2,4,2025-10-11,346500.0,33,10500.0,Bank Transfer,Delivered
ORD-660081,BIZ-1053,2,1,2025-10-01,260000.0,26,10000.0,Bank Transfer,Delivered
ORD-147726,BIZ-1031,3,4,2025-10-04,409500.0,39,10500.0,Bank Transfer,Delivered
ORD-680238,BIZ-1024,4,2,2025-10-30,231000.0,22,10500.0,POS,Cancelled
ORD-232413,BIZ-1004,2,2,2025-10-09,90000.0,9,10000.0,Cash,Cancelled
ORD-889359,BIZ-1037,4,5,2025-10-20,200000.0,20,10000.0,Cash,Delivered
ORD-112861,BIZ-1035,3,3,2025-10-15,240000.0,24,10000.0,POS,Pending
ORD-592198,BIZ-1053,2,2,2025-10-18,21000.0,2,10500.0,POS,Delivered
ORD-457256,BIZ-1005,1,3,2025-10-15,399000.0,38,10500.0,Bank Transfer,Cancelled
ORD-153872,BIZ-1055,3,2,2025-10-06,152000.0,16,9500.0,Bank Transfer,Pending
ORD-600935,BIZ-1031,1,3,2025-10-08,220500.0,21,10500.0,POS,Delivered
ORD-168517,BIZ-1014,3,2,2025-10-04,283500.0,27,10500.0,POS,Delivered
ORD-177680,BIZ-1004,4,3,2025-10-13,360000.0,36,10000.0,Cash,Delivered
ORD-819796,BIZ-1059,2,1,2025-10-18,300000.0,30,10000.0,POS,Pending
ORD-256445,BIZ-1029,2,5,2025-10-02,127400.0,13,9800.0,Bank Transfer,Pending
ORD-418594,BIZ-1047,4,5,2025-10-25,186200.0,19,9800.0,Cash,Pending
ORD-360247,BIZ-1033,2,4,2025-10-03,360000.0,36,10000.0,POS,Cancelled
ORD-901577,BIZ-1047,4,5,2025-10-04,367500.0,35,10000.0,Bank Transfer,Pending
ORD-725084,BIZ-1052,3,5,2025-10-13,30000.0,3,10000.0,Cash,Cancelled
ORD-336650,BIZ-1019,1,2,2025-10-24,178500.0,17,10500.0,POS,Pending
ORD-498855,BIZ-1000,1,4,2025-10-24,360000.0,36,10000.0,POS,Cancelled
ORD-564226,BIZ-1018,1,4,2025-10-14,372400.0,38,9800.0,POS,Cancelled
ORD-717113,BIZ-1015,3,4,2025-10-09,147000.0,15,9800.0,Cash,Pending
ORD-420214,BIZ-1029,1,4,2025-10-30,294500.0,31,9500.0,POS,Delivered
ORD-163156,BIZ-1055,4,2,2025-10-18,283500.0,27,10500.0,Cash,Pending
ORD-876039,BIZ-1040,3,2,2025-10-19,180500.0,19,9500.0,POS,Cancelled
ORD-899787,BIZ-1049,4,2,2025-10-03,29400.0,3,10000.0,Bank Transfer,Pending
ORD-321275,BIZ-1061,2,4,2025-10-07,313600.0,32,9800.0,Bank Transfer,Pending
ORD-185131,BIZ-1058,2,5,2025-10-08,351500.0,37,9500.0,Cash,Cancelled
ORD-282256,BIZ-1003,1,3,2025-10-05,367500.0,35,10500.0,Cash,Delivered
ORD-264136,BIZ-1041,1,3,2025-10-17,80000.0,8,10000.0,POS,Pending
ORD-572387,BIZ-1041,2,5,2025-10-01,114000.0,12,10000.0,POS,Cancelled
ORD-592738,BIZ-1031,4,3,2025-10-21,127400.0,13,9800.0,POS,Pending
ORD-342720,BIZ-1056,3,2,2025-10-09,63000.0,6,10500.0,Bank Transfer,Pending
ORD-396451,BIZ-1057,3,5,2025-10-09,205800.0,21,9800.0,Cash,Delivered
ORD-576086,BIZ-1053,2,5,2025-10-22,290000.0,29,10000.0,POS,Cancelled
ORD-344762,BIZ-1004,2,5,2025-10-03,351500.0,37,9500.0,POS,Delivered
ORD-926097,BIZ-1033,4,5,2025-10-28,38000.0,4,9500.0,Bank Transfer,Pending
ORD-718439,BIZ-1047,3,5,2025-10-24,330000.0,33,10000.0,Cash,Cancelled
ORD-307428,BIZ-1054,1,3,2025-10-20,147000.0,15,9800.0,Bank Transfer,Pending
ORD-671015,BIZ-1026,4,3,2025-10-13,390000.0,39,10000.0,POS,Cancelled
ORD-256226,BIZ-1061,3,3,2025-10-07,137200.0,14,9800.0,POS,Cancelled
ORD-966785,BIZ-1025,3,4,2025-10-28,228000.0,24,9500.0,POS,Cancelled
ORD-162535,BIZ-1022,1,5,2025-10-05,127400.0,13,9800.0,POS,Pending
ORD-422554,BIZ-1046,4,4,2025-10-05,78400.0,8,9800.0,POS,Pending
ORD-964278,BIZ-1026,1,3,2025-10-18,42000.0,4,10500.0,Cash,Cancelled
ORD-402630,BIZ-1005,2,4,2025-10-18,42000.0,4,10500.0,Cash,Pending
ORD-591465,BIZ-1000,3,4,2025-10-14,9800.0,1,9800.0,Cash,Pending
ORD-833723,BIZ-1027,3,3,2025-10-21,47500.0,5,9500.0,Bank Transfer,Pending
ORD-385470,BIZ-1024,1,3,2025-10-13,264600.0,27,9800.0,Cash,Pending
ORD-617781,BIZ-1050,4,4,2025-10-16,304500.0,29,10500.0,POS,Cancelled
ORD-727086,BIZ-1009,2,4,2025-10-14,343000.0,35,9800.0,Bank Transfer,Cancelled
ORD-553014,BIZ-1053,1,4,2025-10-02,254800.0,26,9800.0,Bank Transfer,Pending
ORD-733039,BIZ-1037,4,2,2025-10-23,315000.0,30,10500.0,Bank Transfer,Pending
ORD-195763,BIZ-1061,2,2,2025-10-08,225400.0,23,9800.0,POS,Delivered
ORD-807053,BIZ-1002,3,2,2025-10-07,31500.0,3,10500.0,Bank Transfer,Delivered
ORD-703139,BIZ-1012,4,4,2025-10-26,66500.0,7,9500.0,Bank Transfer,Cancelled
ORD-121753,BIZ-1034,4,2,2025-10-18,31500.0,3,10500.0,POS,Delivered
ORD-804938,BIZ-1000,2,2,2025-10-30,39200.0,4,9800.0,POS,Cancelled
ORD-704238,BIZ-1036,1,5,2025-10-25,210000.0,21,10000.0,Bank Transfer,Cancelled
ORD-893005,BIZ-1000,4,1,2025-10-02,333200.0,34,9800.0,Cash,Delivered
ORD-644173,BIZ-1038,4,3,2025-10-06,352800.0,36,9800.0,Bank Transfer,Pending
ORD-391668,BIZ-1026,4,3,2025-10-20,250000.0,25,10000.0,Bank Transfer,Pending
ORD-713762,BIZ-1000,4,2,2025-10-06,245000.0,25,9800.0,Bank Transfer,Pending
ORD-953797,BIZ-1028,3,3,2025-10-14,105000.0,10,10500.0,Cash,Cancelled
ORD-195674,BIZ-1028,4,2,2025-10-15,333200.0,34,10000.0,Cash,Delivered
ORD-528184,BIZ-1056,4,5,2025-10-15,209000.0,22,9500.0,Bank Transfer,Cancelled
ORD-802685,BIZ-1015,2,3,2025-10-10,123500.0,13,9500.0,POS,Cancelled
ORD-268637,BIZ-1052,3,2,2025-10-04,370500.0,39,9500.0,POS,Cancelled
ORD-827369,BIZ-1055,4,2,2025-10-10,352800.0,36,9800.0,Cash,Pending
ORD-794769,BIZ-1041,1,4,2025-10-15,9800.0,1,9800.0,POS,Pending
ORD-953085,BIZ-1025,4,2,2025-10-29,156800.0,16,9800.0,POS,Pending
ORD-138479,BIZ-1012,4,5,2025-10-23,199500.0,19,10500.0,Cash,Pending
ORD-429795,BIZ-1022,4,4,2025-10-14,252000.0,24,10500.0,POS,Pending
ORD-221552,BIZ-1007,2,5,2025-10-08,205800.0,21,9800.0,Cash,Delivered
ORD-523808,BIZ-1018,1,4,2025-10-30,362600.0,37,9800.0,Cash,Cancelled
ORD-964998,BIZ-1015,2,2,2025-10-26,399000.0,38,10500.0,Bank Transfer,Pending
ORD-789606,BIZ-1039,1,3,2025-10-30,157500.0,15,10500.0,POS,Cancelled
ORD-584417,BIZ-1031,4,3,2025-10-27,220000.0,22,10000.0,Cash,Delivered
ORD-296694,BIZ-1009,1,3,2025-10-13,225400.0,23,9800.0,Bank Transfer,Cancelled
ORD-752878,BIZ-1041,3,4,2025-10-16,38000.0,4,9500.0,Bank Transfer,Pending
ORD-755788,BIZ-1027,3,2,2025-10-23,88200.0,9,9800.0,Bank Transfer,Delivered
ORD-154118,BIZ-1007,2,4,2025-10-14,346500.0,33,10500.0,POS,Cancelled
ORD-675898,BIZ-1053,4,4,2025-10-07,420000.0,40,10500.0,Bank Transfer,Cancelled
ORD-402020,BIZ-1015,3,4,2025-10-04,378000.0,36,10500.0,POS,Cancelled
ORD-832168,BIZ-1002,3,3,2025-10-14,180000.0,18,10000.0,Bank Transfer,Delivered
ORD-130271,BIZ-1007,1,2,2025-10-15,68600.0,7,9800.0,POS,Cancelled
ORD-738448,BIZ-1027,2,3,2025-10-30,170000.0,17,10000.0,Bank Transfer,Pending
ORD-844261,BIZ-1051,1,2,2025-10-24,273000.0,26,10500.0,Cash,Cancelled
ORD-677596,BIZ-1003,3,3,2025-10-05,57000.0,6,10000.0,Cash,Pending
ORD-527809,BIZ-1055,3,4,2025-10-01,378000.0,36,10500.0,POS,Delivered
ORD-982277,BIZ-1043,4,5,2025-10-03,63000.0,6,10500.0,POS,Delivered
ORD-583863,BIZ-1025,1,2,2025-10-28,323000.0,34,9500.0,POS,Cancelled
ORD-779172,BIZ-1004,3,4,2025-10-29,310000.0,31,10000.0,POS,Pending
ORD-622584,BIZ-1055,1,5,2025-10-25,332500.0,35,9500.0,Bank Transfer,Delivered
ORD-406039,BIZ-1002,4,4,2025-10-28,372400.0,38,9800.0,Cash,Delivered
ORD-386706,BIZ-1007,4,5,2025-10-16,362600.0,37,9800.0,Cash,Cancelled
ORD-605937,BIZ-1017,2,1,2025-10-13,85500.0,9,9500.0,Bank Transfer,Pending
ORD-355570,BIZ-1016,2,3,2025-10-30,142500.0,15,9500.0,Cash,Delivered
ORD-251668,BIZ-1023,4,2,2025-10-14,189000.0,18,10500.0,Cash,Cancelled
ORD-728492,BIZ-1055,1,3,2025-10-12,262500.0,25,10500.0,Bank Transfer,Cancelled
ORD-243139,BIZ-1016,3,4,2025-10-16,186200.0,19,9800.0,Cash,Delivered
ORD-389666,BIZ-1037,4,5,2025-10-26,245000.0,25,9800.0,Cash,Delivered
ORD-995916,BIZ-1039,2,3,2025-10-24,57000.0,6,9500.0,Cash,Pending
ORD-925981,BIZ-1051,3,2,2025-10-13,68600.0,7,9800.0,Cash,Pending
ORD-960408,BIZ-1048,3,4,2025-10-16,378000.0,36,10500.0,Bank Transfer,Pending
ORD-861319,BIZ-1031,2,3,2025-10-01,342000.0,36,9500.0,Bank Transfer,Pending
ORD-715448,BIZ-1043,3,2,2025-10-09,283500.0,27,10500.0,POS,Cancelled
ORD-791998,BIZ-1022,1,2,2025-10-18,115500.0,11,10500.0,Cash,Pending
ORD-255813,BIZ-1015,1,4,2025-10-15,189000.0,18,10500.0,Bank Transfer,Pending
ORD-607868,BIZ-1032,2,3,2025-10-14,189000.0,18,10500.0,Bank Transfer,Pending
ORD-678727,BIZ-1034,4,2,2025-10-11,166600.0,17,9800.0,Cash,Delivered
ORD-495533,BIZ-1012,3,3,2025-10-23,90000.0,9,10000.0,Cash,Cancelled
ORD-437408,BIZ-1043,4,5,2025-10-14,250000.0,25,10000.0,Cash,Cancelled
ORD-831380,BIZ-1001,2,5,2025-10-27,382200.0,39,9800.0,POS,Cancelled
ORD-501574,BIZ-1008,2,2,2025-10-08,136500.0,13,10500.0,Cash,Pending
ORD-913217,BIZ-1046,1,5,2025-10-08,199500.0,19,10500.0,Cash,Pending
ORD-433632,BIZ-1042,3,2,2025-10-13,260000.0,26,10000.0,POS,Cancelled
ORD-839485,BIZ-1048,4,2,2025-10-23,114000.0,12,9500.0,Cash,Pending
ORD-499749,BIZ-1030,4,2,2025-10-28,52500.0,5,10500.0,POS,Pending
ORD-795928,BIZ-1053,1,3,2025-10-12,160000.0,16,10000.0,Cash,Delivered
ORD-783691,BIZ-1015,4,3,2025-10-24,304500.0,29,10500.0,POS,Delivered
ORD-619389,BIZ-1055,3,1,2025-10-30,228000.0,24,9500.0,POS,Cancelled
ORD-232378,BIZ-1009,3,3,2025-10-29,225400.0,23,9800.0,Cash,Pending
ORD-718849,BIZ-1045,3,5,2025-10-16,66500.0,7,9500.0,Bank Transfer,Cancelled
ORD-205239,BIZ-1017,4,5,2025-10-10,333200.0,34,9800.0,Cash,Pending
ORD-561694,BIZ-1034,2,4,2025-10-27,372400.0,38,9800.0,Cash,Delivered
ORD-579123,BIZ-1000,3,4,2025-10-03,199500.0,19,10500.0,POS,Delivered
ORD-251157,BIZ-1044,2,3,2025-10-01,230000.0,23,10000.0,Bank Transfer,Cancelled
ORD-786587,BIZ-1001,4,4,2025-10-13,310000.0,31,10000.0,Cash,Cancelled
ORD-178463,BIZ-1025,3,5,2025-10-30,290000.0,29,10000.0,Bank Transfer,Cancelled
ORD-377896,BIZ-1032,2,4,2025-10-15,76000.0,8,9500.0,POS,Delivered
ORD-826353,BIZ-1044,1,5,2025-10-11,156800.0,16,9800.0,POS,Pending
ORD-184216,BIZ-1055,4,2,2025-10-12,294000.0,30,9800.0,Bank Transfer,Cancelled
ORD-993744,BIZ-1059,3,2,2025-10-26,294000.0,28,10500.0,Cash,Cancelled
ORD-659543,BIZ-1039,3,1,2025-10-21,294000.0,28,10500.0,Bank Transfer,Pending
ORD-432043,BIZ-1054,1,1,2025-10-12,47500.0,5,9500.0,Cash,Delivered
ORD-896290,BIZ-1052,2,3,2025-10-19,285000.0,30,9500.0,POS,Cancelled
ORD-667296,BIZ-1026,4,4,2025-10-15,220500.0,21,10500.0,Cash,Pending
ORD-171744,BIZ-1006,2,4,2025-10-02,294000.0,30,9800.0,POS,Delivered
ORD-817644,BIZ-1059,1,5,2025-10-08,199500.0,21,9500.0,Bank Transfer,Delivered
ORD-338536,BIZ-1037,4,3,2025-10-28,235200.0,24,9800.0,POS,Delivered
ORD-555052,BIZ-1022,4,2,2025-10-23,388500.0,37,10500.0,Cash,Cancelled
ORD-897305,BIZ-1056,1,3,2025-10-30,343000.0,35,9800.0,Cash,Delivered
ORD-205389,BIZ-1046,4,4,2025-10-20,120000.0,12,10000.0,Cash,Delivered
ORD-827712,BIZ-1033,1,3,2025-10-14,313600.0,32,9800.0,POS,Cancelled
ORD-130353,BIZ-1005,4,3,2025-10-09,336000.0,32,10500.0,POS,Pending
ORD-934816,BIZ-1003,3,4,2025-10-02,313600.0,32,9800.0,Bank Transfer,Pending
ORD-475876,BIZ-1002,1,5,2025-10-02,30000.0,3,10000.0,Bank Transfer,Pending
ORD-252640,BIZ-1030,3,4,2025-10-12,388500.0,37,10500.0,Cash,Cancelled
ORD-532067,BIZ-1053,4,2,2025-10-08,228000.0,24,10000.0,Cash,Delivered
ORD-931016,BIZ-1004,3,3,2025-10-17,160000.0,16,10000.0,Cash,Pending
ORD-283573,BIZ-1017,3,2,2025-10-06,63000.0,6,10500.0,Bank Transfer,Cancelled
ORD-501126,BIZ-1036,4,2,2025-10-03,380000.0,38,10000.0,POS,Delivered
ORD-352528,BIZ-1017,3,5,2025-10-19,137200.0,14,9800.0,POS,Pending
ORD-711484,BIZ-1027,2,5,2025-10-15,382200.0,39,9800.0,Cash,Cancelled
ORD-583550,BIZ-1036,1,3,2025-10-05,171000.0,18,9500.0,Bank Transfer,Pending
ORD-581894,BIZ-1008,1,2,2025-10-20,88200.0,9,10000.0,POS,Pending
ORD-109853,BIZ-1055,4,2,2025-10-08,168000.0,16,10500.0,POS,Cancelled
ORD-587853,BIZ-1033,4,3,2025-10-27,189000.0,18,10500.0,Bank Transfer,Cancelled
ORD-810526,BIZ-1056,2,1,2025-10-28,63000.0,6,10500.0,Cash,Pending
ORD-177449,BIZ-1054,3,3,2025-10-17,199500.0,21,9500.0,POS,Cancelled
ORD-462351,BIZ-1041,4,2,2025-10-14,218500.0,23,9500.0,Cash,Delivered
ORD-413685,BIZ-1049,2,5,2025-10-30,320000.0,32,10000.0,Cash,Cancelled
ORD-544920,BIZ-1030,4,5,2025-10-20,362600.0,37,9800.0,POS,Delivered
ORD-579027,BIZ-1014,4,4,2025-10-21,28500.0,3,9500.0,Bank Transfer,Delivered
ORD-308894,BIZ-1018,3,3,2025-10-26,304500.0,29,10500.0,Bank Transfer,Cancelled
ORD-994787,BIZ-1041,1,5,2025-10-30,90000.0,9,10000.0,Bank Transfer,Cancelled
ORD-348728,BIZ-1021,3,5,2025-10-15,240000.0,24,10000.0,POS,Cancelled
ORD-476395,BIZ-1012,4,5,2025-10-12,104500.0,11,9500.0,POS,Cancelled
ORD-833247,BIZ-1040,3,4,2025-10-18,157500.0,15,10500.0,Bank Transfer,Delivered
ORD-970357,BIZ-1057,1,2,2025-10-09,294500.0,31,9500.0,POS,Cancelled
ORD-387813,BIZ-1053,3,5,2025-10-20,275500.0,29,9500.0,Bank Transfer,Pending
ORD-819112,BIZ-1039,3,2,2025-10-01,94500.0,9,10500.0,Cash,Delivered
ORD-151426,BIZ-1029,2,1,2025-10-24,66500.0,7,9500.0,Cash,Delivered
ORD-881369,BIZ-1048,1,4,2025-10-28,245000.0,25,9800.0,POS,Cancelled
ORD-400096,BIZ-1033,4,5,2025-10-15,9800.0,1,9800.0,POS,Delivered
ORD-341296,BIZ-1059,4,2,2025-10-24,105000.0,10,10500.0,Bank Transfer,Delivered
ORD-469435,BIZ-1038,4,5,2025-10-19,85500.0,9,9500.0,Cash,Pending
ORD-299367,BIZ-1046,2,4,2025-10-07,88200.0,9,10000.0,Bank Transfer,Cancelled
ORD-810687,BIZ-1054,3,5,2025-10-19,390000.0,39,10000.0,Bank Transfer,Cancelled
ORD-904751,BIZ-1003,4,5,2025-10-23,382200.0,39,9800.0,POS,Delivered
ORD-979060,BIZ-1016,4,4,2025-10-20,168000.0,16,10500.0,Bank Transfer,Pending
ORD-201883,BIZ-1056,3,5,2025-10-05,370500.0,39,9500.0,Cash,Delivered
ORD-777737,BIZ-1049,2,2,2025-10-28,262500.0,25,10500.0,Cash,Delivered
ORD-926918,BIZ-1032,3,5,2025-10-02,19000.0,2,9500.0,Bank Transfer,Delivered
ORD-707727,BIZ-1012,2,3,2025-10-14,42000.0,4,10500.0,Cash,Cancelled
ORD-237795,BIZ-1021,1,5,2025-10-11,247000.0,26,9500.0,Bank Transfer,Pending
ORD-409445,BIZ-1059,1,5,2025-10-03,58800.0,6,9800.0,Cash,Cancelled
ORD-535686,BIZ-1013,4,2,2025-10-10,50000.0,5,10000.0,Bank Transfer,Delivered
ORD-238579,BIZ-1018,3,1,2025-10-06,63000.0,6,10500.0,POS,Cancelled
ORD-483629,BIZ-1024,1,4,2025-10-24,40000.0,4,10000.0,Bank Transfer,Cancelled
ORD-385765,BIZ-1059,1,3,2025-10-16,85500.0,9,9500.0,Cash,Cancelled
ORD-369452,BIZ-1026,1,5,2025-10-25,340000.0,34,10000.0,Bank Transfer,Cancelled
ORD-605254,BIZ-1028,3,5,2025-10-28,171000.0,18,9500.0,Cash,Pending
ORD-409478,BIZ-1027,2,4,2025-10-30,323000.0,34,9500.0,Cash,Pending
ORD-455168,BIZ-1022,3,1,2025-10-23,330000.0,33,10000.0,POS,Delivered
ORD-591081,BIZ-1041,2,4,2025-10-25,235200.0,24,10000.0,POS,Cancelled
ORD-247594,BIZ-1038,3,4,2025-10-29,78400.0,8,9800.0,Bank Transfer,Delivered
ORD-336574,BIZ-1001,2,3,2025-10-23,31500.0,3,10500.0,Bank Transfer,Delivered
ORD-859396,BIZ-1022,1,5,2025-10-26,31500.0,3,10000.0,Bank Transfer,Pending
ORD-516716,BIZ-1001,3,5,2025-10-21,210000.0,21,10000.0,Bank Transfer,Cancelled
ORD-943671,BIZ-1019,1,4,2025-10-30,39200.0,4,9800.0,Cash,Delivered
ORD-194689,BIZ-1061,2,5,2025-10-17,300000.0,30,10000.0,Bank Transfer,Cancelled
ORD-114594,BIZ-1014,2,2,2025-10-24,285000.0,30,9500.0,Cash,Cancelled
ORD-229592,BIZ-1010,4,5,2025-10-08,196000.0,20,9800.0,POS,Pending
ORD-805511,BIZ-1045,1,4,2025-10-14,127400.0,13,9800.0,Cash,Delivered
ORD-374896,BIZ-1023,3,5,2025-10-23,150000.0,15,10000.0,Bank Transfer,Cancelled
ORD-962367,BIZ-1003,3,2,2025-10-18,250000.0,25,10000.0,POS,Delivered
ORD-489518,BIZ-1059,3,2,2025-10-20,283500.0,27,10500.0,POS,Pending
ORD-345180,BIZ-1032,1,3,2025-10-04,57000.0,6,9500.0,POS,Pending
ORD-749641,BIZ-1028,3,2,2025-10-15,285000.0,30,10000.0,POS,Pending
ORD-688678,BIZ-1029,4,2,2025-10-27,47500.0,5,9500.0,Bank Transfer,Pending
ORD-739717,BIZ-1024,4,5,2025-10-10,170000.0,17,10000.0,Cash,Pending
ORD-166287,BIZ-1043,3,2,2025-10-07,176400.0,18,9800.0,Bank Transfer,Cancelled
ORD-586819,BIZ-1027,3,2,2025-10-20,68600.0,7,9800.0,Cash,Pending
ORD-416869,BIZ-1039,3,5,2025-10-28,220500.0,21,10500.0,Bank Transfer,Pending
ORD-222343,BIZ-1042,2,4,2025-10-20,210000.0,20,10500.0,Bank Transfer,Delivered
ORD-139019,BIZ-1022,1,5,2025-10-05,190000.0,20,9500.0,Bank Transfer,Delivered
ORD-616554,BIZ-1059,4,4,2025-10-10,160000.0,16,10000.0,POS,Pending
ORD-346205,BIZ-1031,3,3,2025-10-04,166600.0,17,9800.0,Cash,Cancelled
ORD-242254,BIZ-1040,3,3,2025-10-27,352800.0,36,9800.0,Bank Transfer,Delivered
ORD-489033,BIZ-1033,3,2,2025-10-12,76000.0,8,9500.0,Bank Transfer,Delivered
ORD-879238,BIZ-1003,3,5,2025-10-21,260000.0,26,10000.0,Bank Transfer,Delivered
ORD-666432,BIZ-1040,4,2,2025-10-21,49000.0,5,9800.0,Bank Transfer,Pending
ORD-878325,BIZ-1013,4,4,2025-10-13,76000.0,8,9500.0,Bank Transfer,Cancelled
ORD-535037,BIZ-1056,4,4,2025-10-22,294000.0,28,10500.0,Cash,Cancelled
ORD-974190,BIZ-1007,2,2,2025-10-20,274400.0,28,10000.0,Bank Transfer,Pending
ORD-527940,BIZ-1060,1,4,2025-10-15,189000.0,18,10500.0,POS,Cancelled
ORD-393328,BIZ-1033,2,3,2025-10-29,392000.0,40,9800.0,Cash,Cancelled
ORD-488528,BIZ-1042,3,1,2025-10-01,294500.0,31,9500.0,Cash,Delivered
ORD-566297,BIZ-1051,1,4,2025-10-07,264600.0,27,9800.0,Cash,Cancelled
ORD-997004,BIZ-1055,4,1,2025-10-29,241500.0,23,10500.0,POS,Cancelled
ORD-818987,BIZ-1030,2,2,2025-10-11,220500.0,21,10500.0,Bank Transfer,Pending
ORD-776149,BIZ-1018,3,5,2025-10-12,382200.0,39,9800.0,Bank Transfer,Pending
ORD-517479,BIZ-1057,1,2,2025-10-11,340000.0,34,10000.0,Bank Transfer,Delivered
ORD-228093,BIZ-1032,3,2,2025-10-09,160000.0,16,10000.0,POS,Pending
ORD-964226,BIZ-1033,1,2,2025-10-29,225400.0,23,9800.0,POS,Pending
ORD-794963,BIZ-1002,2,2,2025-10-14,218500.0,23,9500.0,POS,Delivered
ORD-770556,BIZ-1027,1,3,2025-10-07,320000.0,32,10000.0,Bank Transfer,Delivered
ORD-122394,BIZ-1029,1,1,2025-10-18,39200.0,4,9800.0,POS,Pending
ORD-449709,BIZ-1029,1,2,2025-10-02,10000.0,1,10000.0,Cash,Cancelled
ORD-232040,BIZ-1055,3,4,2025-10-08,120000.0,12,10000.0,Bank Transfer,Cancelled
ORD-315173,BIZ-1049,2,4,2025-10-24,95000.0,10,9500.0,Cash,Cancelled
ORD-902325,BIZ-1027,2,5,2025-10-03,247000.0,26,9500.0,Cash,Delivered
ORD-714867,BIZ-1021,4,5,2025-10-17,115500.0,11,10500.0,Bank Transfer,Cancelled
ORD-344316,BIZ-1056,1,2,2025-10-07,360000.0,36,10000.0,Cash,Pending
ORD-254721,BIZ-1060,1,4,2025-10-10,186200.0,19,9800.0,POS,Cancelled
ORD-724932,BIZ-1012,1,5,2025-10-24,247000.0,26,9500.0,POS,Delivered
ORD-251716,BIZ-1013,4,2,2025-10-01,351500.0,37,9500.0,Cash,Cancelled
ORD-666456,BIZ-1011,2,5,2025-10-30,49000.0,5,9800.0,Bank Transfer,Cancelled
ORD-282973,BIZ-1004,4,1,2025-10-08,60000.0,6,10000.0,Cash,Delivered
ORD-127032,BIZ-1018,2,5,2025-10-04,152000.0,16,9500.0,Bank Transfer,Cancelled
ORD-475644,BIZ-1015,4,3,2025-10-04,9500.0,1,9500.0,POS,Pending
ORD-349489,BIZ-1016,4,3,2025-10-24,115500.0,11,10500.0,Cash,Cancelled
ORD-116547,BIZ-1030,4,2,2025-10-18,237500.0,25,9500.0,Bank Transfer,Pending
ORD-154944,BIZ-1034,2,4,2025-10-06,47500.0,5,9500.0,Cash,Pending
ORD-541409,BIZ-1049,2,2,2025-10-04,66500.0,7,9500.0,Cash,Delivered
ORD-881886,BIZ-1019,2,3,2025-10-16,47500.0,5,9500.0,POS,Delivered
ORD-570050,BIZ-1060,4,2,2025-10-02,274400.0,28,9800.0,Bank Transfer,Delivered
ORD-638169,BIZ-1034,1,3,2025-10-24,215600.0,22,9800.0,POS,Cancelled
ORD-573962,BIZ-1001,2,5,2025-10-18,350000.0,35,10000.0,Bank Transfer,Delivered
ORD-744986,BIZ-1014,4,2,2025-10-16,42000.0,4,10500.0,Bank Transfer,Pending
ORD-921273,BIZ-1049,3,5,2025-10-02,10500.0,1,10500.0,POS,Cancelled
ORD-790909,BIZ-1050,1,4,2025-10-28,409500.0,39,10500.0,Bank Transfer,Delivered
ORD-580292,BIZ-1058,3,3,2025-10-16,110000.0,11,10000.0,Bank Transfer,Pending
ORD-132663,BIZ-1038,4,5,2025-10-20,273000.0,26,10500.0,Bank Transfer,Cancelled
ORD-602248,BIZ-1004,1,5,2025-10-02,367500.0,35,10500.0,Cash,Pending
ORD-546980,BIZ-1037,3,5,2025-10-26,126000.0,12,10500.0,Cash,Pending
ORD-614084,BIZ-1011,2,4,2025-10-21,166600.0,17,9800.0,Bank Transfer,Cancelled
ORD-565108,BIZ-1026,2,3,2025-10-22,66500.0,7,9500.0,POS,Delivered
ORD-184714,BIZ-1002,4,3,2025-10-03,342000.0,36,9500.0,POS,Cancelled
ORD-255539,BIZ-1008,4,5,2025-10-10,303800.0,31,9800.0,Bank Transfer,Pending
ORD-388375,BIZ-1037,3,3,2025-10-02,29400.0,3,9800.0,Bank Transfer,Delivered
ORD-713799,BIZ-1036,1,4,2025-10-19,137200.0,14,9800.0,Cash,Delivered
ORD-440981,BIZ-1053,1,5,2025-10-17,274400.0,28,9800.0,Cash,Cancelled
ORD-726410,BIZ-1053,4,3,2025-10-12,47500.0,5,9500.0,POS,Pending
ORD-575755,BIZ-1047,3,3,2025-10-16,189000.0,18,10500.0,Bank Transfer,Pending
ORD-551096,BIZ-1040,3,4,2025-10-16,98000.0,10,9800.0,POS,Delivered
ORD-835869,BIZ-1012,4,5,2025-10-03,190000.0,19,10000.0,Cash,Cancelled
ORD-786516,BIZ-1008,3,1,2025-10-04,336000.0,32,10500.0,Cash,Pending
ORD-906315,BIZ-1009,3,3,2025-10-20,105000.0,10,10500.0,Cash,Cancelled
ORD-325468,BIZ-1061,4,1,2025-10-17,152000.0,16,9500.0,Cash,Delivered
ORD-339592,BIZ-1047,2,5,2025-10-13,220000.0,22,10000.0,Cash,Cancelled
ORD-967611,BIZ-1032,1,5,2025-10-13,68600.0,7,9800.0,POS,Pending
ORD-536196,BIZ-1033,4,4,2025-10-14,210000.0,21,10000.0,Bank Transfer,Pending
ORD-427730,BIZ-1005,4,5,2025-10-22,147000.0,14,10000.0,Bank Transfer,Cancelled
ORD-797416,BIZ-1049,2,3,2025-10-13,104500.0,11,9500.0,Bank Transfer,Cancelled
ORD-260053,BIZ-1016,1,2,2025-10-08,351500.0,37,9500.0,Bank Transfer,Delivered
ORD-597305,BIZ-1038,4,4,2025-10-21,152000.0,16,10000.0,Cash,Cancelled
ORD-972176,BIZ-1006,2,3,2025-10-03,130000.0,13,10000.0,POS,Pending
ORD-552855,BIZ-1018,1,5,2025-10-03,76000.0,8,9500.0,Cash,Cancelled
ORD-874683,BIZ-1040,4,5,2025-10-03,284200.0,29,9800.0,Cash,Delivered
ORD-236435,BIZ-1037,2,4,2025-10-12,161500.0,17,9500.0,Cash,Delivered
ORD-714953,BIZ-1020,1,2,2025-10-17,107800.0,11,9800.0,POS,Delivered
ORD-688967,BIZ-1040,3,1,2025-10-29,189000.0,18,10500.0,Cash,Delivered
ORD-228168,BIZ-1000,1,1,2025-10-10,114000.0,12,10000.0,POS,Pending
ORD-797660,BIZ-1046,4,1,2025-10-13,189000.0,18,10500.0,Cash,Pending
ORD-543481,BIZ-1043,2,3,2025-10-29,147000.0,14,10500.0,POS,Delivered
ORD-856086,BIZ-1036,2,5,2025-10-27,10000.0,1,10000.0,POS,Delivered
ORD-401601,BIZ-1046,2,5,2025-10-02,294500.0,31,9500.0,POS,Pending
ORD-468727,BIZ-1016,2,2,2025-10-19,180000.0,18,10000.0,Bank Transfer,Cancelled
ORD-632060,BIZ-1000,4,5,2025-10-04,152000.0,16,9500.0,POS,Delivered
ORD-788637,BIZ-1011,2,5,2025-10-07,21000.0,2,10500.0,Cash,Pending
ORD-988432,BIZ-1021,1,5,2025-10-15,237500.0,25,9500.0,POS,Cancelled
ORD-986438,BIZ-1023,2,5,2025-10-04,157500.0,15,10500.0,Bank Transfer,Cancelled
ORD-220465,BIZ-1007,2,4,2025-10-17,352800.0,36,9800.0,Cash,Delivered
ORD-701987,BIZ-1036,2,4,2025-10-23,166600.0,17,9800.0,Bank Transfer,Pending
ORD-549956,BIZ-1018,4,5,2025-10-07,150000.0,15,10000.0,Cash,Pending
ORD-904711,BIZ-1042,4,1,2025-10-26,380000.0,38,10000.0,Cash,Delivered
ORD-743378,BIZ-1060,4,2,2025-10-25,361000.0,38,9500.0,POS,Delivered
ORD-683783,BIZ-1016,4,4,2025-10-21,250000.0,25,10000.0,Bank Transfer,Delivered
ORD-789786,BIZ-1055,4,3,2025-10-01,130000.0,13,10000.0,Bank Transfer,Pending
ORD-380439,BIZ-1058,4,5,2025-10-25,114000.0,12,9500.0,POS,Delivered
ORD-386544,BIZ-1036,3,3,2025-10-01,199500.0,21,9500.0,Cash,Delivered
ORD-423993,BIZ-1021,4,4,2025-10-22,107800.0,11,9800.0,Bank Transfer,Cancelled
ORD-468074,BIZ-1056,4,1,2025-10-28,294000.0,28,10500.0,Cash,Pending
ORD-250210,BIZ-1041,1,5,2025-10-01,9500.0,1,9500.0,Bank Transfer,Pending
ORD-520252,BIZ-1059,3,4,2025-10-17,333200.0,34,9800.0,POS,Cancelled
ORD-876962,BIZ-1034,2,5,2025-10-03,156800.0,16,9800.0,Bank Transfer,Delivered
ORD-132146,BIZ-1033,1,4,2025-10-19,250000.0,25,10000.0,Bank Transfer,Pending
ORD-656251,BIZ-1029,2,3,2025-10-03,199500.0,19,10500.0,POS,Delivered
ORD-540226,BIZ-1006,2,2,2025-10-07,231000.0,22,10000.0,Bank Transfer,Pending
ORD-265055,BIZ-1024,1,2,2025-10-14,19600.0,2,9800.0,Bank Transfer,Cancelled
ORD-856648,BIZ-1047,3,5,2025-10-12,19600.0,2,9800.0,POS,Cancelled
ORD-695164,BIZ-1050,2,4,2025-10-10,31500.0,3,10500.0,POS,Delivered
ORD-155164,BIZ-1033,3,4,2025-10-18,66500.0,7,9500.0,Cash,Pending
ORD-891083,BIZ-1031,2,3,2025-10-05,237500.0,25,9500.0,POS,Delivered
ORD-806707,BIZ-1057,2,3,2025-10-19,133000.0,14,9500.0,POS,Delivered
ORD-564637,BIZ-1059,1,3,2025-10-03,340000.0,34,10000.0,Bank Transfer,Cancelled
ORD-609253,BIZ-1058,2,4,2025-10-20,380000.0,40,9500.0,Bank Transfer,Pending
ORD-534303,BIZ-1060,2,2,2025-10-19,127400.0,13,10000.0,Cash,Cancelled
ORD-891615,BIZ-1014,1,4,2025-10-09,270000.0,27,10000.0,POS,Pending
ORD-461939,BIZ-1031,2,2,2025-10-16,147000.0,14,10500.0,Bank Transfer,Delivered
ORD-397005,BIZ-1005,4,2,2025-10-13,57000.0,6,9500.0,Bank Transfer,Cancelled
ORD-721946,BIZ-1029,2,2,2025-10-21,47500.0,5,9500.0,Cash,Pending
ORD-799539,BIZ-1006,3,4,2025-10-15,178500.0,17,10500.0,Bank Transfer,Delivered
ORD-331230,BIZ-1020,2,3,2025-10-10,190000.0,19,10000.0,POS,Delivered
ORD-728437,BIZ-1017,3,2,2025-10-12,66500.0,7,9500.0,POS,Cancelled
ORD-314353,BIZ-1017,2,3,2025-10-02,110000.0,11,10000.0,POS,Pending
ORD-321494,BIZ-1006,2,2,2025-10-10,60000.0,6,10000.0,Bank Transfer,Pending
ORD-901280,BIZ-1048,2,3,2025-10-24,273000.0,26,10500.0,POS,Pending
ORD-444061,BIZ-1050,3,2,2025-10-08,264600.0,27,9800.0,POS,Cancelled
ORD-621546,BIZ-1008,3,3,2025-10-04,39200.0,4,9800.0,POS,Pending
ORD-284229,BIZ-1001,1,3,2025-10-23,388500.0,37,10500.0,Cash,Cancelled
ORD-658453,BIZ-1030,4,3,2025-10-04,19600.0,2,9800.0,Bank Transfer,Pending
ORD-624563,BIZ-1050,3,5,2025-10-22,275500.0,29,9500.0,POS,Pending
ORD-800499,BIZ-1023,2,4,2025-10-17,9800.0,1,9800.0,Cash,Cancelled
ORD-175576,BIZ-1006,2,3,2025-10-25,168000.0,16,10500.0,Bank Transfer,Cancelled
ORD-878086,BIZ-1001,3,2,2025-10-12,380000.0,40,9500.0,POS,Pending
ORD-119651,BIZ-1020,3,3,2025-10-02,313600.0,32,9800.0,Cash,Delivered
ORD-181644,BIZ-1004,3,2,2025-10-14,220000.0,22,10000.0,POS,Cancelled
ORD-703727,BIZ-1015,1,4,2025-10-26,262500.0,25,10500.0,Cash,Pending
ORD-524068,BIZ-1012,3,3,2025-10-13,388500.0,37,10500.0,Cash,Pending
ORD-537983,BIZ-1035,3,4,2025-10-22,84000.0,8,10500.0,Cash,Pending
ORD-524707,BIZ-1035,3,5,2025-10-09,28500.0,3,9500.0,POS,Cancelled
ORD-440544,BIZ-1051,2,5,2025-10-01,147000.0,14,10500.0,Bank Transfer,Delivered
ORD-748151,BIZ-1042,4,5,2025-10-06,300000.0,30,10000.0,POS,Pending
ORD-823108,BIZ-1046,1,4,2025-10-14,76000.0,8,9500.0,Cash,Pending
ORD-192410,BIZ-1001,3,4,2025-10-28,190000.0,19,10000.0,Bank Transfer,Pending
ORD-211005,BIZ-1010,3,5,2025-10-14,94500.0,9,10500.0,POS,Delivered
ORD-717476,BIZ-1038,4,2,2025-10-08,123500.0,13,9500.0,Cash,Delivered
ORD-182467,BIZ-1004,4,4,2025-10-13,209000.0,22,9500.0,POS,Cancelled
ORD-425346,BIZ-1017,4,3,2025-10-12,361000.0,38,9500.0,POS,Cancelled
ORD-332335,BIZ-1056,4,4,2025-10-23,323400.0,33,9800.0,POS,Cancelled
ORD-276299,BIZ-1060,4,2,2025-10-10,42000.0,4,10500.0,POS,Cancelled
ORD-763984,BIZ-1053,3,3,2025-10-03,117600.0,12,9800.0,POS,Cancelled
ORD-634723,BIZ-1016,4,3,2025-10-04,390000.0,39,10000.0,POS,Cancelled
ORD-913934,BIZ-1008,4,5,2025-10-06,160000.0,16,10000.0,Cash,Pending
ORD-862712,BIZ-1013,4,5,2025-10-11,88200.0,9,9800.0,POS,Cancelled
ORD-776796,BIZ-1019,1,2,2025-10-29,205800.0,21,9800.0,POS,Cancelled
ORD-347745,BIZ-1019,1,2,2025-10-25,190000.0,19,10000.0,POS,Cancelled
ORD-368402,BIZ-1059,2,3,2025-10-04,199500.0,21,9500.0,POS,Cancelled
ORD-731661,BIZ-1027,4,4,2025-10-06,270000.0,27,10000.0,POS,Delivered
ORD-896028,BIZ-1042,1,4,2025-10-05,21000.0,2,10500.0,POS,Delivered
ORD-285751,BIZ-1047,1,5,2025-10-20,130000.0,13,10000.0,POS,Pending
ORD-758452,BIZ-1023,2,2,2025-10-29,95000.0,10,9500.0,POS,Delivered
ORD-891093,BIZ-1020,3,2,2025-10-15,241500.0,23,10500.0,POS,Cancelled
ORD-707616,BIZ-1007,1,5,2025-10-17,378000.0,36,10500.0,POS,Cancelled
ORD-691912,BIZ-1017,4,3,2025-10-14,42000.0,4,10500.0,POS,Pending
ORD-754858,BIZ-1060,3,5,2025-10-20,342000.0,36,9500.0,Bank Transfer,Cancelled
ORD-757685,BIZ-1041,2,2,2025-10-10,284200.0,29,9800.0,POS,Delivered
ORD-561124,BIZ-1058,1,4,2025-10-10,199500.0,19,10500.0,Bank Transfer,Delivered
ORD-563688,BIZ-1031,4,4,2025-10-03,313500.0,33,9500.0,Cash,Pending
ORD-935012,BIZ-1061,1,2,2025-10-19,360000.0,36,10000.0,POS,Pending
ORD-158900,BIZ-1027,4,2,2025-10-09,10000.0,1,10000.0,Bank Transfer,Delivered
ORD-177794,BIZ-1061,2,1,2025-10-11,199500.0,21,9500.0,POS,Cancelled
ORD-573866,BIZ-1049,2,2,2025-10-10,218500.0,23,9500.0,Bank Transfer,Cancelled
ORD-486649,BIZ-1060,4,3,2025-10-02,49000.0,5,9800.0,Bank Transfer,Pending
ORD-180458,BIZ-1039,2,5,2025-10-25,147000.0,15,9800.0,Cash,Pending
ORD-996840,BIZ-1035,3,4,2025-10-20,147000.0,14,10500.0,POS,Pending
ORD-722937,BIZ-1022,1,4,2025-10-03,284200.0,29,9800.0,POS,Pending
ORD-585188,BIZ-1040,4,5,2025-10-16,237500.0,25,9500.0,POS,Cancelled
ORD-930281,BIZ-1019,2,3,2025-10-18,180500.0,19,9500.0,Cash,Delivered
ORD-143015,BIZ-1044,2,4,2025-10-23,186200.0,19,9800.0,Bank Transfer,Delivered
ORD-949153,BIZ-1013,3,2,2025-10-14,332500.0,35,9500.0,POS,Cancelled
ORD-297383,BIZ-1026,3,2,2025-10-18,147000.0,14,10500.0,POS,Cancelled
ORD-598733,BIZ-1015,1,4,2025-10-10,266000.0,28,9500.0,Cash,Cancelled
ORD-164879,BIZ-1047,3,4,2025-10-16,209000.0,22,9500.0,Bank Transfer,Delivered
ORD-950360,BIZ-1006,1,5,2025-10-14,161500.0,17,9500.0,Cash,Pending
ORD-460120,BIZ-1022,4,5,2025-10-27,304500.0,29,10500.0,Bank Transfer,Pending
ORD-188425,BIZ-1056,3,4,2025-10-30,76000.0,8,9500.0,POS,Delivered
ORD-280941,BIZ-1029,2,5,2025-10-16,218500.0,23,9500.0,POS,Delivered
ORD-841995,BIZ-1055,4,3,2025-10-02,199500.0,19,10500.0,POS,Delivered
ORD-560767,BIZ-1023,1,2,2025-10-14,303800.0,31,9800.0,POS,Pending
ORD-739427,BIZ-1049,1,1,2025-10-16,350000.0,35,10000.0,POS,Cancelled
ORD-490963,BIZ-1038,1,4,2025-10-05,228000.0,24,9500.0,Bank Transfer,Delivered
ORD-506235,BIZ-1035,3,5,2025-10-28,388500.0,37,10500.0,Bank Transfer,Cancelled
ORD-454803,BIZ-1001,4,2,2025-10-13,225400.0,23,9800.0,Bank Transfer,Delivered
ORD-154909,BIZ-1051,1,4,2025-10-21,150000.0,15,10000.0,Bank Transfer,Cancelled
ORD-778748,BIZ-1057,4,4,2025-10-24,351500.0,37,10000.0,Cash,Cancelled
ORD-445705,BIZ-1028,3,2,2025-10-11,50000.0,5,10000.0,POS,Cancelled
ORD-811332,BIZ-1041,2,2,2025-10-03,320000.0,32,10000.0,POS,Cancelled
ORD-364236,BIZ-1037,2,4,2025-10-12,152000.0,16,9500.0,Bank Transfer,Pending
ORD-788457,BIZ-1040,2,5,2025-10-22,336000.0,32,10500.0,POS,Cancelled
ORD-731977,BIZ-1057,2,3,2025-10-29,100000.0,10,10000.0,Bank Transfer,Delivered
ORD-449555,BIZ-1010,1,3,2025-10-27,205800.0,21,10000.0,Cash,Pending
ORD-795847,BIZ-1061,4,1,2025-10-03,90000.0,9,10000.0,Cash,Pending
ORD-466813,BIZ-1032,3,2,2025-10-05,210000.0,20,10500.0,POS,Cancelled
ORD-787923,BIZ-1038,1,2,2025-10-10,60000.0,6,10000.0,Cash,Cancelled
ORD-510997,BIZ-1047,3,4,2025-10-21,47500.0,5,9500.0,POS,Cancelled
ORD-843266,BIZ-1048,3,5,2025-10-04,254800.0,26,9800.0,POS,Cancelled
ORD-424620,BIZ-1023,2,3,2025-10-29,303800.0,31,9800.0,Bank Transfer,Cancelled
ORD-774751,BIZ-1003,4,1,2025-10-17,186200.0,19,9800.0,Cash,Pending
ORD-952686,BIZ-1013,1,2,2025-10-24,313500.0,33,9500.0,POS,Delivered
ORD-836971,BIZ-1000,1,1,2025-10-04,284200.0,29,9800.0,POS,Cancelled
ORD-874661,BIZ-1033,3,2,2025-10-25,310000.0,31,10000.0,Cash,Delivered
ORD-651963,BIZ-1054,2,1,2025-10-30,50000.0,5,10000.0,Bank Transfer,Cancelled
ORD-803024,BIZ-1043,4,3,2025-10-03,140000.0,14,10000.0,Cash,Delivered
ORD-479404,BIZ-1024,3,5,2025-10-13,30000.0,3,10000.0,POS,Pending
ORD-423869,BIZ-1051,4,3,2025-10-01,372400.0,38,9800.0,Cash,Cancelled
ORD-324597,BIZ-1037,4,1,2025-10-06,50000.0,5,10000.0,POS,Pending
ORD-903373,BIZ-1038,4,3,2025-10-11,230000.0,23,10000.0,POS,Delivered
ORD-337547,BIZ-1044,4,2,2025-10-15,323400.0,33,9800.0,Bank Transfer,Delivered
ORD-262471,BIZ-1036,1,2,2025-10-30,330000.0,33,10000.0,Bank Transfer,Delivered
ORD-985447,BIZ-1058,1,3,2025-10-03,228000.0,24,9500.0,Cash,Cancelled
ORD-632351,BIZ-1008,4,3,2025-10-24,84000.0,8,10500.0,Bank Transfer,Cancelled
ORD-975686,BIZ-1005,3,2,2025-10-24,115500.0,11,10500.0,Bank Transfer,Delivered
ORD-652108,BIZ-1021,1,4,2025-10-23,362600.0,37,9800.0,POS,Delivered
ORD-453123,BIZ-1051,2,2,2025-10-02,39200.0,4,9800.0,POS,Pending
ORD-748052,BIZ-1030,2,4,2025-10-27,370500.0,39,9500.0,Bank Transfer,Pending
ORD-495019,BIZ-1024,4,2,2025-10-04,409500.0,39,10500.0,Bank Transfer,Pending
ORD-289630,BIZ-1042,1,5,2025-10-05,382200.0,39,9800.0,Bank Transfer,Cancelled
ORD-908554,BIZ-1000,3,2,2025-10-25,231000.0,22,10500.0,Cash,Pending
ORD-273580,BIZ-1010,3,2,2025-10-19,85500.0,9,9500.0,POS,Cancelled
ORD-145814,BIZ-1019,3,2,2025-10-22,264600.0,27,9800.0,Cash,Cancelled
ORD-809217,BIZ-1059,3,4,2025-10-13,370500.0,39,9500.0,Cash,Cancelled
ORD-565776,BIZ-1057,4,3,2025-10-22,85500.0,9,9500.0,Cash,Delivered
ORD-888939,BIZ-1035,1,3,2025-10-19,357000.0,34,10500.0,Cash,Pending
ORD-570735,BIZ-1001,4,2,2025-10-23,361000.0,38,9500.0,Cash,Pending
ORD-350786,BIZ-1047,2,3,2025-10-08,142500.0,15,9500.0,Cash,Delivered
ORD-947903,BIZ-1000,3,4,2025-10-10,9500.0,1,9500.0,Cash,Cancelled
ORD-975679,BIZ-1007,4,5,2025-10-24,140000.0,14,10000.0,Bank Transfer,Delivered
ORD-811256,BIZ-1032,2,3,2025-10-06,280000.0,28,10000.0,POS,Pending
ORD-561999,BIZ-1034,4,2,2025-10-29,400000.0,40,10000.0,Cash,Cancelled
ORD-395459,BIZ-1053,1,5,2025-10-14,378000.0,36,10500.0,POS,Cancelled
ORD-627335,BIZ-1040,2,5,2025-10-24,310000.0,31,10000.0,POS,Pending
ORD-269930,BIZ-1017,1,3,2025-10-16,85500.0,9,9500.0,POS,Delivered
ORD-940181,BIZ-1046,4,5,2025-10-25,68600.0,7,9800.0,POS,Cancelled
ORD-362147,BIZ-1017,4,4,2025-10-19,39200.0,4,9800.0,Bank Transfer,Delivered
ORD-603935,BIZ-1059,3,4,2025-10-02,325500.0,31,10500.0,Cash,Delivered
ORD-681478,BIZ-1056,3,3,2025-10-27,228000.0,24,9500.0,Cash,Cancelled
ORD-845957,BIZ-1000,3,2,2025-10-29,340000.0,34,10000.0,POS,Pending
ORD-992512,BIZ-1005,1,5,2025-10-26,275500.0,29,10000.0,Bank Transfer,Delivered
ORD-187949,BIZ-1046,1,4,2025-10-04,382200.0,39,9800.0,Cash,Delivered
ORD-386042,BIZ-1047,3,5,2025-10-23,9800.0,1,9800.0,Cash,Pending
ORD-638289,BIZ-1029,1,4,2025-10-14,273000.0,26,10500.0,POS,Cancelled
ORD-558723,BIZ-1055,2,5,2025-10-05,47500.0,5,9500.0,Cash,Pending
ORD-332823,BIZ-1037,4,3,2025-10-03,147000.0,15,9800.0,POS,Delivered
ORD-466566,BIZ-1039,4,4,2025-10-25,166600.0,17,9800.0,POS,Delivered
ORD-535050,BIZ-1054,2,4,2025-10-28,330000.0,33,10000.0,POS,Pending
ORD-626392,BIZ-1008,4,3,2025-10-02,350000.0,35,10000.0,POS,Pending
ORD-504924,BIZ-1029,4,3,2025-10-12,160000.0,16,10000.0,POS,Delivered
ORD-493124,BIZ-1055,2,4,2025-10-30,294500.0,31,9500.0,Cash,Cancelled
ORD-434165,BIZ-1040,2,3,2025-10-07,147000.0,15,9800.0,Cash,Cancelled
ORD-979940,BIZ-1052,2,1,2025-10-28,332500.0,35,9500.0,Cash,Delivered
ORD-451577,BIZ-1019,3,2,2025-10-22,260000.0,26,10000.0,Cash,Pending
ORD-244283,BIZ-1060,2,2,2025-10-24,225400.0,23,9800.0,POS,Cancelled
ORD-970068,BIZ-1030,1,2,2025-10-02,136500.0,13,10500.0,POS,Delivered
ORD-971482,BIZ-1055,1,2,2025-10-15,166600.0,17,9800.0,Bank Transfer,Cancelled
ORD-839808,BIZ-1006,3,4,2025-10-05,225400.0,23,9800.0,Bank Transfer,Cancelled
ORD-745239,BIZ-1046,3,3,2025-10-15,304000.0,32,9500.0,Cash,Cancelled
ORD-183074,BIZ-1019,2,3,2025-10-01,220500.0,21,10500.0,Bank Transfer,Cancelled
ORD-326130,BIZ-1015,1,1,2025-10-01,189000.0,18,10500.0,Bank Transfer,Cancelled
ORD-675462,BIZ-1031,3,1,2025-10-26,294000.0,28,10500.0,Cash,Cancelled
ORD-738457,BIZ-1037,3,3,2025-10-29,126000.0,12,10500.0,Cash,Cancelled
ORD-216587,BIZ-1027,1,3,2025-10-16,9500.0,1,9500.0,POS,Delivered
ORD-349183,BIZ-1034,2,2,2025-10-24,210000.0,21,10000.0,POS,Pending
ORD-150068,BIZ-1039,4,5,2025-10-10,160000.0,16,10000.0,Cash,Delivered
ORD-769989,BIZ-1002,1,3,2025-10-08,336000.0,32,10000.0,POS,Pending
ORD-579318,BIZ-1019,2,3,2025-10-24,252000.0,24,10500.0,Bank Transfer,Cancelled
ORD-977330,BIZ-1044,3,5,2025-10-02,88200.0,9,9800.0,Bank Transfer,Cancelled
ORD-725726,BIZ-1031,1,2,2025-10-28,294000.0,28,10500.0,POS,Delivered
ORD-762652,BIZ-1023,1,3,2025-10-17,294500.0,31,9500.0,Cash,Delivered
ORD-353690,BIZ-1012,4,1,2025-10-16,340000.0,34,10000.0,Cash,Cancelled
ORD-405420,BIZ-1056,4,4,2025-10-22,351500.0,37,10000.0,POS,Delivered
ORD-744674,BIZ-1032,2,3,2025-10-13,39200.0,4,9800.0,POS,Delivered
ORD-698384,BIZ-1006,2,5,2025-10-11,290000.0,29,10000.0,Cash,Cancelled
ORD-796643,BIZ-1006,2,4,2025-10-13,360000.0,36,10000.0,Cash,Delivered
ORD-648913,BIZ-1057,1,5,2025-10-21,225400.0,23,10000.0,Cash,Pending
ORD-170966,BIZ-1050,4,4,2025-10-30,346500.0,33,10500.0,Cash,Cancelled
ORD-670511,BIZ-1001,1,2,2025-10-29,199500.0,19,10500.0,POS,Pending
ORD-632280,BIZ-1037,3,4,2025-10-16,283500.0,27,10500.0,Bank Transfer,Pending
ORD-509420,BIZ-1038,2,5,2025-10-17,150000.0,15,10000.0,POS,Pending
ORD-145649,BIZ-1015,2,3,2025-10-27,409500.0,39,10500.0,Cash,Cancelled
ORD-491435,BIZ-1037,4,2,2025-10-20,399000.0,38,10000.0,Bank Transfer,Delivered
ORD-117031,BIZ-1021,2,1,2025-10-08,88200.0,9,10000.0,Bank Transfer,Delivered
ORD-170841,BIZ-1036,3,4,2025-10-11,247000.0,26,9500.0,Cash,Cancelled
ORD-868544,BIZ-1032,4,4,2025-10-11,38000.0,4,9500.0,Bank Transfer,Pending
ORD-208699,BIZ-1019,3,3,2025-10-20,392000.0,40,10000.0,Cash,Delivered
ORD-870899,BIZ-1051,4,2,2025-10-24,160000.0,16,10000.0,Bank Transfer,Cancelled
ORD-239890,BIZ-1025,3,1,2025-10-23,104500.0,11,9500.0,Cash,Pending
ORD-672536,BIZ-1055,4,2,2025-10-02,300000.0,30,10000.0,POS,Cancelled
ORD-774020,BIZ-1061,4,5,2025-10-11,126000.0,12,10500.0,Cash,Pending
ORD-916990,BIZ-1060,3,3,2025-10-06,343000.0,35,9800.0,Cash,Pending
ORD-829168,BIZ-1042,1,5,2025-10-21,270000.0,27,10000.0,Bank Transfer,Delivered
ORD-291132,BIZ-1043,2,5,2025-10-15,333200.0,34,9800.0,Cash,Cancelled
ORD-166165,BIZ-1041,4,5,2025-10-25,10500.0,1,10500.0,Bank Transfer,Pending
ORD-579911,BIZ-1021,3,1,2025-10-22,186200.0,19,9800.0,Bank Transfer,Pending
ORD-311383,BIZ-1005,4,2,2025-10-02,378000.0,36,10500.0,Bank Transfer,Cancelled
ORD-309159,BIZ-1047,1,5,2025-10-02,262500.0,25,10500.0,Bank Transfer,Pending
ORD-430926,BIZ-1049,2,1,2025-10-27,160000.0,16,10000.0,Cash,Delivered
ORD-640418,BIZ-1051,1,5,2025-10-29,49000.0,5,9800.0,Bank Transfer,Cancelled
ORD-955015,BIZ-1029,2,3,2025-10-12,315000.0,30,10500.0,Bank Transfer,Pending
ORD-365618,BIZ-1056,3,4,2025-10-17,19600.0,2,9800.0,Bank Transfer,Delivered
ORD-778324,BIZ-1054,1,3,2025-10-02,190000.0,19,10000.0,POS,Delivered
ORD-474314,BIZ-1025,1,4,2025-10-06,142500.0,15,9500.0,Cash,Delivered
ORD-150126,BIZ-1030,2,3,2025-10-26,231000.0,22,10500.0,Cash,Pending
ORD-448048,BIZ-1003,3,2,2025-10-26,30000.0,3,10000.0,Bank Transfer,Pending
ORD-938171,BIZ-1055,4,2,2025-10-09,247000.0,26,9500.0,Bank Transfer,Pending
ORD-519453,BIZ-1045,3,2,2025-10-12,237500.0,25,9500.0,Cash,Pending
ORD-505426,BIZ-1014,1,3,2025-10-23,152000.0,16,9500.0,POS,Delivered
ORD-295892,BIZ-1018,4,3,2025-10-11,333200.0,34,9800.0,POS,Pending
ORD-621691,BIZ-1018,3,4,2025-10-15,205800.0,21,9800.0,Cash,Pending
ORD-936020,BIZ-1049,2,4,2025-10-12,196000.0,20,9800.0,POS,Delivered
ORD-940064,BIZ-1060,4,5,2025-10-16,78400.0,8,9800.0,Bank Transfer,Delivered
ORD-545120,BIZ-1030,4,2,2025-10-03,171000.0,18,9500.0,Bank Transfer,Delivered
ORD-731718,BIZ-1041,1,5,2025-10-03,399000.0,38,10500.0,Bank Transfer,Delivered
ORD-289222,BIZ-1011,3,5,2025-10-30,115500.0,11,10500.0,POS,Delivered
ORD-436814,BIZ-1039,1,4,2025-10-17,40000.0,4,10000.0,Bank Transfer,Pending
ORD-443848,BIZ-1017,2,3,2025-10-04,150000.0,15,10000.0,POS,Delivered
ORD-421384,BIZ-1053,2,2,2025-10-20,21000.0,2,10000.0,Cash,Delivered
ORD-852524,BIZ-1036,2,1,2025-10-14,336000.0,32,10000.0,Bank Transfer,Cancelled
ORD-823270,BIZ-1006,2,3,2025-10-13,120000.0,12,10000.0,Cash,Cancelled
ORD-568849,BIZ-1055,3,2,2025-10-14,352800.0,36,9800.0,Cash,Pending
ORD-469685,BIZ-1022,4,4,2025-10-02,170000.0,17,10000.0,POS,Cancelled
ORD-556068,BIZ-1025,3,5,2025-10-19,245000.0,25,9800.0,POS,Delivered
ORD-929924,BIZ-1032,4,2,2025-10-09,199500.0,21,9500.0,POS,Cancelled
ORD-178686,BIZ-1047,2,5,2025-10-29,313600.0,32,9800.0,Cash,Cancelled
ORD-525942,BIZ-1015,3,4,2025-10-21,199500.0,21,9500.0,Bank Transfer,Delivered
ORD-940010,BIZ-1050,1,4,2025-10-11,114000.0,12,9500.0,Cash,Delivered
ORD-267758,BIZ-1039,4,3,2025-10-23,66500.0,7,9500.0,POS,Cancelled
ORD-249715,BIZ-1002,3,5,2025-10-29,380000.0,38,10000.0,Bank Transfer,Cancelled
ORD-811027,BIZ-1058,1,3,2025-10-26,47500.0,5,9500.0,Bank Transfer,Pending
ORD-136489,BIZ-1044,4,5,2025-10-24,40000.0,4,10000.0,POS,Delivered
ORD-347459,BIZ-1046,3,4,2025-10-04,400000.0,40,10000.0,Cash,Delivered
ORD-484123,BIZ-1059,3,2,2025-10-24,133000.0,14,9500.0,POS,Pending
ORD-694799,BIZ-1002,1,2,2025-10-11,127400.0,13,9800.0,POS,Cancelled
ORD-260891,BIZ-1049,3,5,2025-10-01,378000.0,36,10500.0,POS,Pending
ORD-488984,BIZ-1018,1,2,2025-10-21,266000.0,28,9500.0,POS,Pending
ORD-900152,BIZ-1055,1,3,2025-10-12,330000.0,33,10000.0,Cash,Pending
ORD-244383,BIZ-1048,2,3,2025-10-03,360000.0,36,10000.0,POS,Pending
ORD-517368,BIZ-1028,1,3,2025-10-16,205800.0,21,9800.0,POS,Cancelled
ORD-392227,BIZ-1021,4,3,2025-10-10,170000.0,17,10000.0,Cash,Delivered
ORD-218959,BIZ-1029,3,2,2025-10-08,30000.0,3,10000.0,Cash,Delivered
ORD-295085,BIZ-1014,1,5,2025-10-01,196000.0,20,10000.0,Bank Transfer,Cancelled
ORD-505785,BIZ-1059,3,4,2025-10-15,176400.0,18,9800.0,Cash,Pending
ORD-223481,BIZ-1050,2,5,2025-10-28,98000.0,10,9800.0,POS,Delivered
ORD-372933,BIZ-1061,2,4,2025-10-08,150000.0,15,10000.0,POS,Pending
ORD-324993,BIZ-1056,3,5,2025-10-22,362600.0,37,9800.0,Cash,Delivered
ORD-399449,BIZ-1044,2,4,2025-10-30,304000.0,32,9500.0,POS,Cancelled
ORD-615060,BIZ-1020,3,5,2025-10-21,237500.0,25,10000.0,Cash,Pending
ORD-242321,BIZ-1046,1,4,2025-10-07,256500.0,27,9500.0,POS,Cancelled
ORD-574001,BIZ-1059,2,4,2025-10-26,237500.0,25,9500.0,Cash,Cancelled
ORD-848022,BIZ-1009,2,2,2025-10-06,362600.0,37,9800.0,Bank Transfer,Delivered
ORD-192055,BIZ-1012,3,2,2025-10-14,273000.0,26,10500.0,Cash,Pending
ORD-986593,BIZ-1008,1,5,2025-10-25,254800.0,26,9800.0,Bank Transfer,Pending
ORD-800280,BIZ-1003,4,5,2025-10-30,351500.0,37,9500.0,Bank Transfer,Pending
ORD-168093,BIZ-1023,1,2,2025-10-11,346500.0,33,10500.0,Cash,Cancelled
ORD-404466,BIZ-1025,4,2,2025-10-17,136500.0,13,10500.0,POS,Cancelled
ORD-992717,BIZ-1056,1,4,2025-10-27,333200.0,34,9800.0,Cash,Pending
ORD-844031,BIZ-1010,3,3,2025-10-05,199500.0,21,9500.0,Cash,Pending
ORD-768676,BIZ-1008,2,5,2025-10-28,225400.0,23,9800.0,POS,Cancelled
ORD-479052,BIZ-1040,1,5,2025-10-06,20000.0,2,10000.0,POS,Pending
ORD-227257,BIZ-1039,4,4,2025-10-16,392000.0,40,9800.0,Bank Transfer,Delivered
ORD-930541,BIZ-1045,3,4,2025-10-30,235200.0,24,9800.0,POS,Delivered
ORD-928766,BIZ-1019,2,4,2025-10-05,156800.0,16,9800.0,Cash,Cancelled
ORD-478427,BIZ-1013,4,3,2025-10-15,80000.0,8,10000.0,Bank Transfer,Pending
ORD-486831,BIZ-1048,1,5,2025-10-17,137200.0,14,9800.0,POS,Pending
ORD-678443,BIZ-1033,3,3,2025-10-15,392000.0,40,9800.0,POS,Cancelled
ORD-190403,BIZ-1018,2,2,2025-10-04,323000.0,34,9500.0,Bank Transfer,Pending
ORD-517500,BIZ-1025,3,3,2025-10-02,130000.0,13,10000.0,POS,Delivered
ORD-853789,BIZ-1012,2,5,2025-10-30,52500.0,5,10000.0,Bank Transfer,Delivered
ORD-530749,BIZ-1041,1,1,2025-10-15,199500.0,19,10500.0,POS,Cancelled
ORD-963333,BIZ-1001,4,4,2025-10-24,70000.0,7,10000.0,Bank Transfer,Delivered
ORD-231414,BIZ-1014,3,4,2025-10-18,346500.0,33,10500.0,Bank Transfer,Cancelled
ORD-773540,BIZ-1044,4,3,2025-10-30,200000.0,20,10000.0,POS,Delivered
ORD-588461,BIZ-1052,2,5,2025-10-03,20000.0,2,10000.0,POS,Pending
ORD-461249,BIZ-1032,3,5,2025-10-21,160000.0,16,10000.0,Cash,Delivered
ORD-969325,BIZ-1045,1,2,2025-10-04,360000.0,36,10000.0,Cash,Pending
ORD-770872,BIZ-1018,4,2,2025-10-24,85500.0,9,9500.0,Cash,Delivered
ORD-905077,BIZ-1043,4,5,2025-10-18,362600.0,37,9800.0,POS,Pending
ORD-553633,BIZ-1049,1,2,2025-10-29,284200.0,29,9800.0,POS,Cancelled
ORD-158104,BIZ-1005,2,2,2025-10-16,127400.0,13,9800.0,Cash,Delivered
ORD-643269,BIZ-1026,2,4,2025-10-25,362600.0,37,9800.0,POS,Cancelled
ORD-272655,BIZ-1020,2,2,2025-10-05,78400.0,8,9800.0,POS,Delivered
ORD-843788,BIZ-1014,4,5,2025-10-05,220500.0,21,10500.0,Cash,Cancelled
ORD-644103,BIZ-1041,1,4,2025-10-07,176400.0,18,9800.0,Bank Transfer,Delivered
ORD-987025,BIZ-1056,1,2,2025-10-27,20000.0,2,10000.0,Bank Transfer,Cancelled
ORD-305837,BIZ-1040,3,1,2025-10-03,20000.0,2,10000.0,Bank Transfer,Cancelled
ORD-677599,BIZ-1015,2,2,2025-10-20,409500.0,39,10500.0,Cash,Pending
ORD-755383,BIZ-1008,1,2,2025-10-09,303800.0,31,9800.0,Bank Transfer,Delivered
ORD-659392,BIZ-1038,2,3,2025-10-10,256500.0,27,9500.0,Bank Transfer,Cancelled
ORD-772124,BIZ-1031,3,2,2025-10-03,127400.0,13,10000.0,Cash,Cancelled
ORD-708851,BIZ-1060,4,2,2025-10-06,320000.0,32,10000.0,Cash,Pending
ORD-790731,BIZ-1012,2,3,2025-10-05,31500.0,3,10500.0,POS,Cancelled
ORD-734534,BIZ-1052,3,3,2025-10-19,351500.0,37,9500.0,Cash,Delivered
ORD-690996,BIZ-1035,3,3,2025-10-11,168000.0,16,10500.0,POS,Cancelled
ORD-129751,BIZ-1037,2,3,2025-10-02,39200.0,4,9800.0,Cash,Pending
ORD-772612,BIZ-1057,1,3,2025-10-03,199500.0,19,10500.0,Cash,Cancelled
ORD-377511,BIZ-1002,4,3,2025-10-24,39200.0,4,9800.0,Bank Transfer,Cancelled
ORD-904214,BIZ-1026,1,2,2025-10-20,313500.0,33,9500.0,Cash,Pending
ORD-748133,BIZ-1053,3,2,2025-10-18,220500.0,21,10500.0,Cash,Cancelled
ORD-622230,BIZ-1044,3,5,2025-10-20,136500.0,13,10500.0,Cash,Cancelled
ORD-672079,BIZ-1020,3,4,2025-10-27,104500.0,11,9500.0,POS,Pending
ORD-416768,BIZ-1020,4,2,2025-10-09,228000.0,24,9500.0,Cash,Cancelled
ORD-943776,BIZ-1043,1,5,2025-10-15,237500.0,25,9500.0,POS,Cancelled
ORD-525818,BIZ-1001,1,2,2025-10-25,98000.0,10,9800.0,POS,Delivered
ORD-176517,BIZ-1028,2,3,2025-10-09,270000.0,27,10000.0,Cash,Cancelled
ORD-265759,BIZ-1015,1,2,2025-10-21,114000.0,12,9500.0,Bank Transfer,Cancelled
ORD-607774,BIZ-1036,4,3,2025-10-14,161500.0,17,9500.0,Cash,Cancelled
ORD-456717,BIZ-1004,1,2,2025-10-14,10500.0,1,10500.0,POS,Cancelled
ORD-427766,BIZ-1038,4,3,2025-10-19,325500.0,31,10500.0,Bank Transfer,Cancelled
ORD-434827,BIZ-1002,1,5,2025-10-26,370500.0,39,9500.0,POS,Cancelled
ORD-462147,BIZ-1049,3,2,2025-10-23,352800.0,36,9800.0,Bank Transfer,Delivered
ORD-237118,BIZ-1044,1,1,2025-10-30,218500.0,23,9500.0,POS,Cancelled
ORD-639995,BIZ-1030,2,4,2025-10-23,390000.0,39,10000.0,Bank Transfer,Delivered
ORD-434617,BIZ-1032,1,5,2025-10-17,264600.0,27,9800.0,POS,Cancelled
ORD-228473,BIZ-1012,4,5,2025-10-08,382200.0,39,9800.0,Bank Transfer,Delivered
ORD-359961,BIZ-1013,2,3,2025-10-09,200000.0,20,10000.0,Bank Transfer,Pending
ORD-153063,BIZ-1024,2,3,2025-10-05,342000.0,36,9500.0,Bank Transfer,Delivered
ORD-502810,BIZ-1024,4,1,2025-10-09,180000.0,18,10000.0,POS,Delivered
ORD-538446,BIZ-1033,3,4,2025-10-26,380000.0,40,9500.0,Cash,Cancelled
ORD-267457,BIZ-1006,4,5,2025-10-08,390000.0,39,10000.0,Cash,Cancelled
ORD-705748,BIZ-1043,1,3,2025-10-25,370000.0,37,10000.0,POS,Cancelled
ORD-299055,BIZ-1021,1,2,2025-10-22,336000.0,32,10500.0,POS,Pending
ORD-622469,BIZ-1029,3,4,2025-10-23,123500.0,13,9500.0,Cash,Cancelled
ORD-589491,BIZ-1044,4,3,2025-10-30,78400.0,8,9800.0,Bank Transfer,Pending
ORD-423528,BIZ-1027,3,2,2025-10-15,225400.0,23,9800.0,POS,Pending
ORD-194423,BIZ-1033,2,5,2025-10-15,161500.0,17,9500.0,POS,Cancelled
ORD-629996,BIZ-1055,3,5,2025-10-29,199500.0,21,9500.0,Cash,Pending
ORD-352422,BIZ-1011,1,2,2025-10-14,351500.0,37,9500.0,Cash,Pending
ORD-470037,BIZ-1008,3,2,2025-10-07,325500.0,31,10500.0,Cash,Delivered
ORD-395023,BIZ-1031,4,3,2025-10-02,300000.0,30,10000.0,POS,Delivered
ORD-983791,BIZ-1045,2,4,2025-10-15,340000.0,34,10000.0,Bank Transfer,Cancelled
ORD-593446,BIZ-1038,3,2,2025-10-20,220000.0,22,10000.0,Cash,Delivered
ORD-108574,BIZ-1047,1,3,2025-10-09,231000.0,22,10500.0,Bank Transfer,Cancelled
ORD-551860,BIZ-1000,2,4,2025-10-26,80000.0,8,10000.0,Cash,Pending
ORD-377319,BIZ-1052,1,5,2025-10-05,63000.0,6,10000.0,Cash,Pending
ORD-900961,BIZ-1051,1,4,2025-10-22,140000.0,14,10000.0,Cash,Delivered
ORD-147440,BIZ-1042,4,4,2025-10-13,123500.0,13,9500.0,Cash,Cancelled
ORD-697983,BIZ-1043,2,3,2025-10-13,98000.0,10,9800.0,POS,Cancelled
ORD-480133,BIZ-1046,1,4,2025-10-17,200000.0,20,10000.0,POS,Cancelled
ORD-177103,BIZ-1012,3,3,2025-10-17,88200.0,9,9800.0,Cash,Cancelled
ORD-572230,BIZ-1033,3,5,2025-10-12,323000.0,34,9500.0,Bank Transfer,Cancelled
ORD-393308,BIZ-1032,2,3,2025-10-23,370500.0,39,9500.0,Bank Transfer,Delivered
ORD-753516,BIZ-1031,3,5,2025-10-25,340000.0,34,10000.0,POS,Delivered
ORD-224582,BIZ-1060,1,5,2025-10-21,205800.0,21,9800.0,Cash,Cancelled
ORD-201377,BIZ-1030,3,5,2025-10-04,220500.0,21,10500.0,Bank Transfer,Delivered
ORD-933510,BIZ-1005,3,4,2025-10-12,171000.0,18,9500.0,Bank Transfer,Cancelled
ORD-684929,BIZ-1031,2,2,2025-10-30,230000.0,23,10000.0,POS,Pending
ORD-891638,BIZ-1033,1,4,2025-10-29,362600.0,37,9800.0,Cash,Cancelled
ORD-731728,BIZ-1032,3,2,2025-10-05,231000.0,22,10500.0,Bank Transfer,Pending
ORD-624369,BIZ-1028,4,4,2025-10-16,38000.0,4,9500.0,Bank Transfer,Pending
ORD-140804,BIZ-1011,4,5,2025-10-02,254800.0,26,9800.0,Cash,Pending
ORD-449218,BIZ-1004,4,2,2025-10-05,123500.0,13,9500.0,Bank Transfer,Cancelled
ORD-644559,BIZ-1055,4,5,2025-10-25,285000.0,30,9500.0,POS,Cancelled
ORD-735710,BIZ-1020,1,2,2025-10-14,315000.0,30,10500.0,Bank Transfer,Cancelled
ORD-246570,BIZ-1041,4,2,2025-10-27,170000.0,17,10000.0,POS,Cancelled
ORD-742848,BIZ-1021,4,3,2025-10-10,220000.0,22,10000.0,Bank Transfer,Delivered
ORD-512042,BIZ-1052,2,3,2025-10-10,294500.0,31,9500.0,Cash,Delivered
ORD-875232,BIZ-1019,1,4,2025-10-30,190000.0,19,10000.0,Cash,Cancelled
ORD-722565,BIZ-1001,3,5,2025-10-26,70000.0,7,10000.0,POS,Pending
ORD-968524,BIZ-1032,1,2,2025-10-11,273000.0,26,10000.0,POS,Delivered
ORD-613641,BIZ-1007,3,5,2025-10-16,325500.0,31,10500.0,Bank Transfer,Cancelled
ORD-414353,BIZ-1028,4,5,2025-10-22,399000.0,38,10500.0,POS,Cancelled
ORD-117445,BIZ-1053,3,3,2025-10-15,156800.0,16,9800.0,Bank Transfer,Cancelled
ORD-806537,BIZ-1060,2,4,2025-10-12,409500.0,39,10500.0,Cash,Delivered
ORD-536774,BIZ-1039,3,4,2025-10-04,210000.0,20,10000.0,POS,Cancelled
ORD-935457,BIZ-1032,4,4,2025-10-18,250000.0,25,10000.0,Bank Transfer,Delivered
ORD-821466,BIZ-1006,1,2,2025-10-27,85500.0,9,9500.0,Cash,Cancelled
ORD-725905,BIZ-1002,4,2,2025-10-19,199500.0,19,10500.0,Bank Transfer,Cancelled
ORD-787436,BIZ-1055,2,1,2025-10-15,210000.0,21,10000.0,POS,Pending
ORD-913864,BIZ-1050,4,2,2025-10-24,57000.0,6,9500.0,Cash,Delivered
ORD-338596,BIZ-1037,3,5,2025-10-18,228000.0,24,9500.0,Bank Transfer,Pending
ORD-711868,BIZ-1046,4,3,2025-10-22,19600.0,2,9800.0,POS,Pending
ORD-649697,BIZ-1043,4,3,2025-10-15,262500.0,25,10500.0,POS,Delivered
ORD-749840,BIZ-1020,1,2,2025-10-19,126000.0,12,10500.0,POS,Pending
ORD-498658,BIZ-1060,1,5,2025-10-24,252000.0,24,10500.0,POS,Delivered
ORD-813793,BIZ-1045,3,4,2025-10-05,85500.0,9,9500.0,Bank Transfer,Cancelled
ORD-700383,BIZ-1013,1,4,2025-10-08,336000.0,32,10500.0,Bank Transfer,Cancelled
ORD-215233,BIZ-1043,4,2,2025-10-29,283500.0,27,10500.0,Cash,Cancelled
ORD-562462,BIZ-1022,4,5,2025-10-06,294000.0,28,10500.0,Bank Transfer,Delivered
ORD-258787,BIZ-1042,4,2,2025-10-10,266000.0,28,9500.0,POS,Cancelled
ORD-313795,BIZ-1035,2,4,2025-10-13,189000.0,18,10500.0,Bank Transfer,Cancelled
ORD-912617,BIZ-1031,3,3,2025-10-13,310000.0,31,10000.0,POS,Delivered
ORD-594514,BIZ-1030,4,4,2025-10-19,100000.0,10,10000.0,POS,Cancelled
ORD-871581,BIZ-1030,4,4,2025-10-27,58800.0,6,9800.0,POS,Cancelled
ORD-840058,BIZ-1036,3,5,2025-10-22,350000.0,35,10000.0,POS,Delivered
ORD-317413,BIZ-1015,4,1,2025-10-05,325500.0,31,10500.0,Cash,Pending
ORD-794395,BIZ-1045,1,4,2025-10-17,190000.0,19,10000.0,POS,Cancelled
ORD-495129,BIZ-1028,3,3,2025-10-15,200000.0,20,10000.0,POS,Delivered
ORD-281594,BIZ-1035,2,4,2025-10-10,351500.0,37,9500.0,Cash,Pending
ORD-659024,BIZ-1014,3,5,2025-10-14,58800.0,6,9800.0,Cash,Delivered
ORD-471496,BIZ-1030,2,1,2025-10-11,400000.0,40,10000.0,Bank Transfer,Cancelled
ORD-855944,BIZ-1019,1,3,2025-10-21,78400.0,8,9800.0,Cash,Delivered
ORD-942690,BIZ-1050,4,2,2025-10-21,166600.0,17,9800.0,POS,Delivered
ORD-739711,BIZ-1018,1,1,2025-10-21,209000.0,22,9500.0,Cash,Pending
ORD-358494,BIZ-1005,4,2,2025-10-15,245000.0,25,9800.0,Bank Transfer,Cancelled
ORD-412999,BIZ-1056,2,4,2025-10-09,218500.0,23,9500.0,Bank Transfer,Delivered
ORD-412071,BIZ-1056,4,5,2025-10-07,315000.0,30,10500.0,Cash,Cancelled
ORD-839142,BIZ-1060,4,1,2025-10-24,343000.0,35,9800.0,Cash,Pending
ORD-839233,BIZ-1053,3,5,2025-10-07,105000.0,10,10500.0,Cash,Pending
ORD-603110,BIZ-1042,3,5,2025-10-15,199500.0,21,9500.0,Cash,Cancelled
ORD-934042,BIZ-1059,2,5,2025-10-11,180000.0,18,10000.0,Bank Transfer,Pending
ORD-401769,BIZ-1004,4,2,2025-10-22,399000.0,38,10500.0,POS,Cancelled
ORD-809489,BIZ-1007,2,2,2025-10-04,372400.0,38,9800.0,Cash,Cancelled
ORD-513697,BIZ-1029,3,4,2025-10-17,9500.0,1,9500.0,Cash,Delivered
ORD-910616,BIZ-1034,4,5,2025-10-25,323000.0,34,9500.0,Bank Transfer,Cancelled
ORD-404561,BIZ-1053,1,4,2025-10-25,190000.0,19,10000.0,Bank Transfer,Cancelled
ORD-848831,BIZ-1007,1,4,2025-10-02,57000.0,6,9500.0,POS,Delivered
ORD-563864,BIZ-1029,4,2,2025-10-03,58800.0,6,9800.0,Bank Transfer,Cancelled
ORD-883641,BIZ-1037,2,3,2025-10-20,120000.0,12,10000.0,POS,Delivered
ORD-311883,BIZ-1010,4,1,2025-10-15,300000.0,30,10000.0,Cash,Delivered
ORD-384303,BIZ-1007,3,3,2025-10-25,50000.0,5,10000.0,Cash,Pending
ORD-829988,BIZ-1026,2,2,2025-10-28,40000.0,4,10000.0,Cash,Delivered
ORD-214532,BIZ-1030,4,2,2025-10-09,313600.0,32,9800.0,POS,Pending
ORD-715336,BIZ-1006,4,2,2025-10-19,68600.0,7,9800.0,POS,Cancelled
ORD-153231,BIZ-1033,2,4,2025-10-08,73500.0,7,10500.0,Bank Transfer,Delivered
ORD-656837,BIZ-1052,4,4,2025-10-21,50000.0,5,10000.0,Cash,Delivered
ORD-344146,BIZ-1018,4,5,2025-10-07,9500.0,1,9500.0,Bank Transfer,Cancelled
ORD-533377,BIZ-1043,3,3,2025-10-02,231000.0,22,10500.0,Cash,Pending
ORD-595351,BIZ-1033,1,1,2025-10-10,247000.0,26,9500.0,Cash,Cancelled
ORD-908206,BIZ-1006,2,5,2025-10-04,294500.0,31,9500.0,POS,Pending
ORD-677086,BIZ-1015,3,5,2025-10-05,247000.0,26,10000.0,POS,Pending
ORD-265613,BIZ-1057,2,2,2025-10-30,63000.0,6,10500.0,Bank Transfer,Cancelled
ORD-598807,BIZ-1041,1,5,2025-10-13,31500.0,3,10500.0,POS,Pending
ORD-309144,BIZ-1031,4,4,2025-10-15,70000.0,7,10000.0,POS,Pending
ORD-401198,BIZ-1016,3,2,2025-10-23,127400.0,13,9800.0,Bank Transfer,Cancelled
ORD-777273,BIZ-1018,4,3,2025-10-10,372400.0,38,9800.0,Bank Transfer,Cancelled
ORD-906066,BIZ-1028,4,4,2025-10-02,210000.0,20,10500.0,Bank Transfer,Pending
ORD-702022,BIZ-1052,3,3,2025-10-03,40000.0,4,10000.0,Bank Transfer,Delivered
ORD-874568,BIZ-1038,1,2,2025-10-07,357000.0,34,10500.0,Bank Transfer,Delivered
ORD-139110,BIZ-1053,3,3,2025-10-22,105000.0,10,10500.0,POS,Delivered
ORD-283568,BIZ-1007,3,2,2025-10-28,156800.0,16,9800.0,POS,Delivered
ORD-978292,BIZ-1028,4,2,2025-10-13,190000.0,20,9500.0,POS,Delivered
ORD-138105,BIZ-1041,4,2,2025-10-06,66500.0,7,9500.0,Bank Transfer,Delivered
ORD-516278,BIZ-1060,4,5,2025-10-30,280000.0,28,10000.0,Bank Transfer,Cancelled
ORD-295361,BIZ-1023,2,1,2025-10-24,362600.0,37,9800.0,Bank Transfer,Cancelled
ORD-403528,BIZ-1060,3,4,2025-10-29,120000.0,12,10000.0,Cash,Delivered
ORD-109717,BIZ-1007,2,2,2025-10-27,264600.0,27,9800.0,Cash,Delivered
ORD-732063,BIZ-1033,1,4,2025-10-09,361000.0,38,9500.0,POS,Cancelled
ORD-451317,BIZ-1031,3,1,2025-10-04,245000.0,25,9800.0,Bank Transfer,Delivered
ORD-772464,BIZ-1039,3,5,2025-10-09,9800.0,1,9800.0,Cash,Cancelled
ORD-617904,BIZ-1014,1,2,2025-10-17,303800.0,31,9800.0,POS,Pending
ORD-240718,BIZ-1032,4,2,2025-10-27,357000.0,34,10500.0,Bank Transfer,Cancelled
ORD-590755,BIZ-1052,4,1,2025-10-26,29400.0,3,9800.0,POS,Pending
ORD-948102,BIZ-1058,3,2,2025-10-09,241500.0,23,10500.0,Bank Transfer,Delivered
ORD-270387,BIZ-1012,2,1,2025-10-04,323000.0,34,9500.0,Cash,Cancelled
ORD-779776,BIZ-1055,3,2,2025-10-22,140000.0,14,10000.0,Bank Transfer,Delivered
ORD-295243,BIZ-1009,1,2,2025-10-08,325500.0,31,10500.0,POS,Delivered
ORD-453487,BIZ-1057,2,2,2025-10-01,40000.0,4,10000.0,Cash,Pending
ORD-695361,BIZ-1018,3,4,2025-10-24,231000.0,22,10500.0,POS,Delivered
ORD-302544,BIZ-1053,1,4,2025-10-21,343000.0,35,10000.0,Cash,Cancelled
ORD-997734,BIZ-1005,1,3,2025-10-06,76000.0,8,9500.0,POS,Cancelled
ORD-525187,BIZ-1016,1,5,2025-10-20,220500.0,21,10500.0,Bank Transfer,Delivered
ORD-640310,BIZ-1016,3,2,2025-10-25,205800.0,21,9800.0,POS,Pending
ORD-520304,BIZ-1060,1,4,2025-10-10,136500.0,13,10500.0,Cash,Cancelled
ORD-293757,BIZ-1058,4,2,2025-10-21,304000.0,32,9500.0,Bank Transfer,Cancelled
ORD-600646,BIZ-1007,4,5,2025-10-30,294000.0,30,9800.0,Bank Transfer,Pending
ORD-360096,BIZ-1051,2,1,2025-10-10,130000.0,13,10000.0,Cash,Delivered
ORD-502206,BIZ-1038,2,2,2025-10-01,28500.0,3,9500.0,Bank Transfer,Pending
ORD-890371,BIZ-1023,1,5,2025-10-08,315000.0,30,10500.0,Bank Transfer,Pending
ORD-445637,BIZ-1011,1,2,2025-10-09,382200.0,39,9800.0,Bank Transfer,Pending
ORD-857997,BIZ-1050,1,3,2025-10-10,357000.0,34,10500.0,Cash,Pending
ORD-374258,BIZ-1018,1,2,2025-10-18,10500.0,1,10500.0,Cash,Pending
ORD-826420,BIZ-1014,1,4,2025-10-20,372400.0,38,9800.0,Cash,Delivered
ORD-800224,BIZ-1046,3,3,2025-10-08,31500.0,3,10500.0,POS,Pending
ORD-421709,BIZ-1037,4,3,2025-10-04,294500.0,31,9500.0,Bank Transfer,Delivered
ORD-819400,BIZ-1011,4,2,2025-10-05,342000.0,36,10000.0,Bank Transfer,Pending
ORD-837733,BIZ-1007,3,4,2025-10-16,186200.0,19,9800.0,Cash,Cancelled
ORD-823821,BIZ-1004,4,1,2025-10-24,196000.0,20,9800.0,Cash,Pending
ORD-409369,BIZ-1061,1,5,2025-10-04,94500.0,9,10500.0,POS,Pending
ORD-331577,BIZ-1023,4,5,2025-10-12,9500.0,1,9500.0,POS,Delivered
ORD-240057,BIZ-1036,2,2,2025-10-07,199500.0,19,10500.0,POS,Delivered
ORD-577079,BIZ-1006,3,5,2025-10-15,400000.0,40,10000.0,Bank Transfer,Delivered
ORD-735163,BIZ-1031,4,4,2025-10-23,250000.0,25,10000.0,Cash,Pending
ORD-836038,BIZ-1000,1,2,2025-10-12,114000.0,12,9500.0,Cash,Delivered
ORD-593699,BIZ-1030,4,2,2025-10-17,332500.0,35,9500.0,POS,Delivered
ORD-940952,BIZ-1026,2,3,2025-10-23,210000.0,21,10000.0,Cash,Delivered
ORD-329021,BIZ-1028,2,3,2025-10-20,50000.0,5,10000.0,Cash,Cancelled
ORD-813390,BIZ-1006,4,5,2025-10-23,323000.0,34,9500.0,Cash,Cancelled
ORD-925618,BIZ-1004,1,3,2025-10-23,228000.0,24,9500.0,Bank Transfer,Delivered
ORD-568449,BIZ-1000,2,4,2025-10-03,254800.0,26,9800.0,Bank Transfer,Delivered
ORD-479358,BIZ-1021,1,3,2025-10-16,171000.0,18,9500.0,Bank Transfer,Delivered
ORD-691573,BIZ-1023,2,3,2025-10-03,323000.0,34,9500.0,POS,Cancelled
ORD-969032,BIZ-1058,2,3,2025-10-04,94500.0,9,10500.0,Cash,Cancelled
ORD-630041,BIZ-1035,1,4,2025-10-17,20000.0,2,10000.0,Bank Transfer,Delivered
ORD-662728,BIZ-1027,4,5,2025-10-07,340000.0,34,10000.0,POS,Cancelled
ORD-444056,BIZ-1051,4,3,2025-10-05,220500.0,21,10500.0,Cash,Cancelled
ORD-563303,BIZ-1006,1,5,2025-10-26,90000.0,9,10000.0,Bank Transfer,Pending
ORD-315379,BIZ-1026,3,2,2025-10-04,240000.0,24,10000.0,Cash,Pending
ORD-612573,BIZ-1047,1,5,2025-10-22,294000.0,30,9800.0,Bank Transfer,Delivered
ORD-635167,BIZ-1016,1,4,2025-10-03,98000.0,10,9800.0,Bank Transfer,Pending
ORD-158338,BIZ-1056,4,5,2025-10-14,362600.0,37,9800.0,Cash,Delivered
ORD-638179,BIZ-1015,2,5,2025-10-14,133000.0,14,9500.0,Bank Transfer,Pending
ORD-691303,BIZ-1060,2,4,2025-10-13,284200.0,29,10000.0,Bank Transfer,Pending
ORD-584838,BIZ-1059,4,1,2025-10-02,313600.0,32,9800.0,Bank Transfer,Delivered
ORD-423139,BIZ-1025,2,3,2025-10-21,350000.0,35,10000.0,Cash,Cancelled
ORD-515182,BIZ-1041,2,4,2025-10-22,105000.0,10,10500.0,POS,Pending
ORD-103161,BIZ-1027,3,5,2025-10-08,29400.0,3,9800.0,Bank Transfer,Pending
ORD-706403,BIZ-1035,4,5,2025-10-23,392000.0,40,9800.0,Bank Transfer,Pending
ORD-544278,BIZ-1009,1,5,2025-10-03,39200.0,4,9800.0,Bank Transfer,Delivered
ORD-166857,BIZ-1000,3,1,2025-10-11,63000.0,6,10500.0,Bank Transfer,Pending
ORD-163182,BIZ-1053,2,3,2025-10-17,199500.0,21,9500.0,Bank Transfer,Cancelled
ORD-172371,BIZ-1034,4,5,2025-10-29,280000.0,28,10000.0,Bank Transfer,Pending
ORD-595002,BIZ-1049,2,3,2025-10-30,230000.0,23,10000.0,POS,Delivered
ORD-528728,BIZ-1016,4,3,2025-10-01,147000.0,14,10500.0,Cash,Delivered
ORD-242007,BIZ-1057,1,4,2025-10-06,294000.0,28,10500.0,Bank Transfer,Delivered
ORD-864715,BIZ-1031,2,4,2025-10-23,210000.0,20,10500.0,POS,Pending
ORD-540781,BIZ-1035,4,5,2025-10-20,57000.0,6,9500.0,Cash,Delivered
ORD-501058,BIZ-1061,1,2,2025-10-12,378000.0,36,10500.0,Bank Transfer,Pending
ORD-495833,BIZ-1060,3,5,2025-10-14,199500.0,19,10500.0,POS,Pending
ORD-815894,BIZ-1005,1,4,2025-10-12,336000.0,32,10500.0,Bank Transfer,Delivered
ORD-665497,BIZ-1054,4,4,2025-10-29,170000.0,17,10000.0,POS,Cancelled
ORD-464663,BIZ-1022,1,3,2025-10-04,199500.0,19,10500.0,POS,Cancelled
ORD-663356,BIZ-1052,3,5,2025-10-04,152000.0,16,9500.0,Cash,Delivered
ORD-233533,BIZ-1058,4,3,2025-10-12,390000.0,39,10000.0,Cash,Cancelled
ORD-333507,BIZ-1044,2,4,2025-10-22,294500.0,31,9500.0,Cash,Delivered
ORD-892911,BIZ-1048,1,5,2025-10-26,361000.0,38,9500.0,Cash,Cancelled
ORD-412856,BIZ-1052,1,4,2025-10-01,90000.0,9,10000.0,Cash,Pending
ORD-854024,BIZ-1035,3,5,2025-10-14,270000.0,27,10000.0,Cash,Cancelled
ORD-657772,BIZ-1046,1,4,2025-10-17,49000.0,5,9800.0,POS,Delivered
ORD-340820,BIZ-1041,2,5,2025-10-12,350000.0,35,10000.0,Cash,Cancelled
ORD-462974,BIZ-1000,2,2,2025-10-08,228000.0,24,10000.0,Bank Transfer,Delivered
ORD-297636,BIZ-1012,2,3,2025-10-05,340000.0,34,10000.0,Cash,Pending
ORD-860242,BIZ-1003,1,2,2025-10-29,104500.0,11,9500.0,POS,Delivered
ORD-133782,BIZ-1056,4,1,2025-10-23,123500.0,13,9500.0,Bank Transfer,Delivered
ORD-539605,BIZ-1007,4,5,2025-10-25,85500.0,9,9500.0,Cash,Cancelled
ORD-116405,BIZ-1054,4,5,2025-10-19,235200.0,24,9800.0,Bank Transfer,Cancelled
ORD-170559,BIZ-1000,3,2,2025-10-08,190000.0,20,9500.0,Bank Transfer,Cancelled
ORD-135207,BIZ-1012,2,1,2025-10-04,98000.0,10,9800.0,Bank Transfer,Delivered
ORD-804667,BIZ-1059,3,4,2025-10-14,63000.0,6,10500.0,Bank Transfer,Pending
ORD-151040,BIZ-1006,1,4,2025-10-22,266000.0,28,9500.0,Bank Transfer,Cancelled
ORD-146385,BIZ-1030,4,4,2025-10-08,313500.0,33,9500.0,Cash,Delivered
ORD-345722,BIZ-1060,3,4,2025-10-13,50000.0,5,10000.0,Bank Transfer,Cancelled
ORD-891030,BIZ-1040,1,5,2025-10-17,137200.0,14,10000.0,Bank Transfer,Delivered
ORD-159185,BIZ-1024,2,1,2025-10-26,100000.0,10,10000.0,Bank Transfer,Cancelled
ORD-403314,BIZ-1009,3,4,2025-10-05,392000.0,40,9800.0,POS,Delivered
ORD-867051,BIZ-1044,1,5,2025-10-08,333200.0,34,9800.0,Bank Transfer,Cancelled
ORD-705526,BIZ-1053,1,3,2025-10-18,9500.0,1,9500.0,Cash,Cancelled
ORD-805200,BIZ-1008,4,4,2025-10-18,372400.0,38,9800.0,Bank Transfer,Pending
ORD-348411,BIZ-1038,1,2,2025-10-25,262500.0,25,10500.0,Cash,Delivered
ORD-250219,BIZ-1012,4,4,2025-10-10,199500.0,21,9500.0,POS,Delivered
ORD-646571,BIZ-1021,2,4,2025-10-30,320000.0,32,10000.0,Bank Transfer,Pending
ORD-415098,BIZ-1060,4,5,2025-10-07,304000.0,32,9500.0,Cash,Cancelled
ORD-683761,BIZ-1036,1,3,2025-10-09,210000.0,20,10500.0,Cash,Pending
ORD-870925,BIZ-1016,4,5,2025-10-29,123500.0,13,9500.0,Bank Transfer,Delivered
ORD-756401,BIZ-1036,4,3,2025-10-28,304000.0,32,9500.0,POS,Cancelled
ORD-682851,BIZ-1029,1,3,2025-10-21,57000.0,6,9500.0,Cash,Cancelled
ORD-461145,BIZ-1048,1,4,2025-10-15,361000.0,38,9500.0,Cash,Delivered
ORD-803953,BIZ-1019,4,4,2025-10-29,215600.0,22,9800.0,Bank Transfer,Pending
ORD-649939,BIZ-1014,2,3,2025-10-12,320000.0,32,10000.0,Cash,Pending
ORD-536548,BIZ-1039,4,5,2025-10-10,409500.0,39,10500.0,Bank Transfer,Pending
ORD-414455,BIZ-1013,2,3,2025-10-13,66500.0,7,9500.0,Cash,Delivered
ORD-891062,BIZ-1043,3,4,2025-10-12,85500.0,9,9500.0,Bank Transfer,Pending
ORD-352673,BIZ-1019,4,5,2025-10-17,19600.0,2,9800.0,Bank Transfer,Pending
ORD-415344,BIZ-1049,3,3,2025-10-26,380000.0,40,9500.0,Cash,Delivered
ORD-251363,BIZ-1034,4,5,2025-10-26,199500.0,19,10500.0,POS,Pending
ORD-160423,BIZ-1046,3,3,2025-10-25,332500.0,35,9500.0,Bank Transfer,Pending
ORD-536740,BIZ-1009,4,3,2025-10-17,290000.0,29,10000.0,Cash,Delivered
ORD-240606,BIZ-1043,2,2,2025-10-17,29400.0,3,9800.0,Cash,Pending
ORD-367382,BIZ-1056,4,3,2025-10-12,90000.0,9,10000.0,Bank Transfer,Cancelled
ORD-778120,BIZ-1004,4,2,2025-10-07,336000.0,32,10500.0,POS,Delivered
ORD-571635,BIZ-1035,4,3,2025-10-03,260000.0,26,10000.0,POS,Cancelled
ORD-196955,BIZ-1006,2,4,2025-10-26,230000.0,23,10000.0,Bank Transfer,Cancelled
ORD-969695,BIZ-1026,2,5,2025-10-17,29400.0,3,9800.0,POS,Cancelled
ORD-381502,BIZ-1005,4,4,2025-10-06,20000.0,2,10000.0,Cash,Pending
ORD-734356,BIZ-1048,2,1,2025-10-12,241500.0,23,10500.0,POS,Delivered
ORD-176319,BIZ-1048,2,4,2025-10-19,156800.0,16,9800.0,POS,Delivered
ORD-898696,BIZ-1061,2,2,2025-10-06,190000.0,20,9500.0,Bank Transfer,Cancelled
ORD-804066,BIZ-1050,4,3,2025-10-18,199500.0,21,9500.0,POS,Cancelled
ORD-602681,BIZ-1032,3,3,2025-10-17,270000.0,27,10000.0,POS,Delivered
ORD-449138,BIZ-1024,4,5,2025-10-07,220500.0,21,10500.0,POS,Delivered
ORD-116078,BIZ-1023,1,5,2025-10-10,304000.0,32,9500.0,Cash,Cancelled
ORD-299254,BIZ-1022,2,5,2025-10-07,215600.0,22,9800.0,Cash,Delivered
ORD-223014,BIZ-1049,1,5,2025-10-29,304000.0,32,9500.0,Cash,Delivered
ORD-890973,BIZ-1050,1,4,2025-10-23,210000.0,20,10500.0,POS,Cancelled
ORD-354377,BIZ-1026,2,4,2025-10-15,70000.0,7,10000.0,POS,Cancelled
ORD-837954,BIZ-1051,1,5,2025-10-21,325500.0,31,10500.0,Bank Transfer,Cancelled
ORD-350956,BIZ-1036,4,5,2025-10-07,200000.0,20,10000.0,Bank Transfer,Pending
ORD-913185,BIZ-1048,4,2,2025-10-17,260000.0,26,10000.0,Bank Transfer,Cancelled
ORD-588899,BIZ-1028,4,2,2025-10-09,333200.0,34,9800.0,POS,Cancelled
ORD-476710,BIZ-1007,4,4,2025-10-17,300000.0,30,10000.0,POS,Delivered
ORD-477114,BIZ-1028,1,2,2025-10-10,252000.0,24,10500.0,Bank Transfer,Cancelled
ORD-621433,BIZ-1030,4,5,2025-10-16,210000.0,20,10500.0,Bank Transfer,Cancelled
ORD-941814,BIZ-1011,2,5,2025-10-14,147000.0,14,10500.0,POS,Delivered
ORD-592296,BIZ-1014,4,2,2025-10-30,166600.0,17,9800.0,Bank Transfer,Delivered
ORD-435788,BIZ-1057,1,5,2025-10-23,123500.0,13,9500.0,Cash,Pending
ORD-488712,BIZ-1024,4,4,2025-10-28,378000.0,36,10500.0,Bank Transfer,Delivered
ORD-147936,BIZ-1003,3,5,2025-10-10,176400.0,18,9800.0,Cash,Cancelled
ORD-332022,BIZ-1049,3,3,2025-10-17,352800.0,36,9800.0,Bank Transfer,Delivered
ORD-117007,BIZ-1031,2,4,2025-10-23,60000.0,6,10000.0,Cash,Pending
ORD-712401,BIZ-1022,1,2,2025-10-08,63000.0,6,10500.0,Bank Transfer,Cancelled
ORD-537862,BIZ-1025,2,3,2025-10-18,313500.0,33,9500.0,Bank Transfer,Delivered
ORD-305721,BIZ-1013,2,5,2025-10-09,370500.0,39,9500.0,POS,Cancelled
ORD-498290,BIZ-1052,4,2,2025-10-10,245000.0,25,9800.0,Bank Transfer,Delivered
ORD-357666,BIZ-1006,2,3,2025-10-18,117600.0,12,9800.0,Cash,Pending
ORD-786406,BIZ-1057,4,5,2025-10-15,361000.0,38,9500.0,POS,Delivered
ORD-453961,BIZ-1026,4,2,2025-10-29,220500.0,21,10500.0,Cash,Delivered
ORD-961501,BIZ-1023,2,5,2025-10-08,252000.0,24,10500.0,Bank Transfer,Cancelled
ORD-858705,BIZ-1036,3,2,2025-10-15,370500.0,39,9500.0,Cash,Cancelled
ORD-614426,BIZ-1028,2,4,2025-10-20,250000.0,25,10000.0,POS,Delivered
ORD-868367,BIZ-1029,3,3,2025-10-14,304500.0,29,10500.0,Cash,Pending
ORD-277487,BIZ-1056,2,2,2025-10-24,58800.0,6,9800.0,Bank Transfer,Pending
ORD-673095,BIZ-1020,3,5,2025-10-05,220500.0,21,10500.0,Bank Transfer,Pending
ORD-668471,BIZ-1003,2,3,2025-10-15,325500.0,31,10500.0,Bank Transfer,Delivered
ORD-161585,BIZ-1047,2,3,2025-10-30,161500.0,17,9500.0,POS,Cancelled
ORD-979827,BIZ-1016,4,1,2025-10-16,360000.0,36,10000.0,Bank Transfer,Cancelled
ORD-957730,BIZ-1008,1,4,2025-10-26,126000.0,12,10500.0,Cash,Delivered
ORD-901467,BIZ-1024,3,4,2025-10-21,200000.0,20,10000.0,Bank Transfer,Delivered
ORD-244170,BIZ-1042,4,5,2025-10-01,333200.0,34,9800.0,Cash,Pending
ORD-342675,BIZ-1013,1,5,2025-10-26,90000.0,9,10000.0,Cash,Delivered
ORD-258366,BIZ-1021,2,2,2025-10-03,63000.0,6,10500.0,Cash,Pending
ORD-630299,BIZ-1039,3,4,2025-10-01,362600.0,37,9800.0,POS,Cancelled
ORD-163386,BIZ-1016,3,3,2025-10-14,392000.0,40,9800.0,Bank Transfer,Pending
ORD-799143,BIZ-1019,4,3,2025-10-19,104500.0,11,9500.0,POS,Pending
ORD-606676,BIZ-1025,2,2,2025-10-29,95000.0,10,9500.0,POS,Delivered
ORD-116495,BIZ-1047,4,3,2025-10-20,10500.0,1,10500.0,Bank Transfer,Delivered
ORD-678440,BIZ-1052,2,5,2025-10-01,137200.0,14,9800.0,POS,Pending
ORD-117538,BIZ-1011,4,1,2025-10-13,245000.0,25,9800.0,POS,Delivered
ORD-388086,BIZ-1020,4,2,2025-10-16,186200.0,19,9800.0,Cash,Delivered
ORD-400614,BIZ-1037,2,2,2025-10-17,20000.0,2,10000.0,POS,Pending
ORD-952657,BIZ-1010,4,4,2025-10-01,160000.0,16,10000.0,Bank Transfer,Pending
ORD-551488,BIZ-1008,4,1,2025-10-21,90000.0,9,10000.0,POS,Pending
ORD-287974,BIZ-1035,3,4,2025-10-25,280000.0,28,10000.0,POS,Delivered
ORD-200992,BIZ-1034,1,3,2025-10-04,40000.0,4,10000.0,Cash,Cancelled
ORD-352674,BIZ-1020,3,5,2025-10-16,370500.0,39,9500.0,POS,Cancelled
ORD-652029,BIZ-1015,4,5,2025-10-06,250000.0,25,10000.0,Bank Transfer,Cancelled
ORD-471658,BIZ-1061,2,2,2025-10-08,29400.0,3,9800.0,POS,Pending
ORD-516176,BIZ-1033,1,4,2025-10-09,231000.0,22,10500.0,Cash,Cancelled
ORD-525750,BIZ-1004,1,5,2025-10-03,357000.0,34,10500.0,Bank Transfer,Pending
ORD-355021,BIZ-1025,4,5,2025-10-14,29400.0,3,9800.0,POS,Pending
ORD-336828,BIZ-1002,2,5,2025-10-30,280000.0,28,10000.0,POS,Pending
ORD-968286,BIZ-1041,2,3,2025-10-09,274400.0,28,9800.0,Bank Transfer,Cancelled
ORD-785491,BIZ-1025,1,2,2025-10-26,275500.0,29,9500.0,Bank Transfer,Delivered
ORD-781463,BIZ-1031,4,5,2025-10-30,114000.0,12,9500.0,Bank Transfer,Cancelled
ORD-198042,BIZ-1011,3,3,2025-10-23,315000.0,30,10500.0,Bank Transfer,Pending
ORD-495490,BIZ-1035,4,3,2025-10-13,241500.0,23,10500.0,Bank Transfer,Cancelled
ORD-158840,BIZ-1057,2,4,2025-10-17,95000.0,10,9500.0,Bank Transfer,Pending
ORD-836986,BIZ-1007,2,2,2025-10-20,117600.0,12,9800.0,POS,Delivered
ORD-624139,BIZ-1036,4,4,2025-10-06,333200.0,34,9800.0,Bank Transfer,Pending
ORD-776234,BIZ-1054,3,5,2025-10-26,70000.0,7,10000.0,POS,Cancelled
ORD-693343,BIZ-1043,2,4,2025-10-24,84000.0,8,10500.0,Cash,Delivered
ORD-199994,BIZ-1023,4,3,2025-10-30,19000.0,2,9500.0,Cash,Cancelled
ORD-144618,BIZ-1044,2,4,2025-10-27,171000.0,18,9500.0,POS,Cancelled
ORD-825916,BIZ-1006,1,2,2025-10-07,290000.0,29,10000.0,Bank Transfer,Cancelled
ORD-598598,BIZ-1015,3,4,2025-10-27,190000.0,19,10000.0,POS,Cancelled
ORD-177959,BIZ-1018,4,5,2025-10-09,237500.0,25,9500.0,Bank Transfer,Delivered
ORD-393992,BIZ-1039,3,2,2025-10-21,247000.0,26,9500.0,Bank Transfer,Pending
ORD-690882,BIZ-1012,1,4,2025-10-27,260000.0,26,10000.0,Cash,Pending
ORD-288066,BIZ-1039,1,5,2025-10-20,280000.0,28,10000.0,POS,Delivered
ORD-429761,BIZ-1059,4,3,2025-10-28,235200.0,24,9800.0,Cash,Pending
ORD-317221,BIZ-1024,3,3,2025-10-01,189000.0,18,10500.0,Cash,Cancelled
ORD-888795,BIZ-1005,4,4,2025-10-18,126000.0,12,10500.0,Bank Transfer,Cancelled
ORD-960778,BIZ-1057,1,2,2025-10-25,231000.0,22,10500.0,Cash,Cancelled
ORD-180674,BIZ-1051,2,3,2025-10-12,323000.0,34,9500.0,Cash,Delivered
ORD-691353,BIZ-1033,1,2,2025-10-09,310000.0,31,10000.0,POS,Pending
ORD-975194,BIZ-1043,2,4,2025-10-08,168000.0,16,10500.0,POS,Delivered
ORD-809922,BIZ-1020,4,3,2025-10-26,28500.0,3,9500.0,Bank Transfer,Pending
ORD-447843,BIZ-1040,2,5,2025-10-27,370000.0,37,10000.0,POS,Delivered
ORD-875679,BIZ-1010,3,3,2025-10-12,313500.0,33,9500.0,Bank Transfer,Delivered
ORD-822794,BIZ-1024,3,3,2025-10-05,247000.0,26,9500.0,POS,Pending
ORD-625119,BIZ-1014,4,5,2025-10-22,220500.0,21,10500.0,Cash,Delivered
ORD-462659,BIZ-1004,3,5,2025-10-23,137200.0,14,9800.0,POS,Delivered
ORD-558320,BIZ-1030,3,3,2025-10-02,266000.0,28,9500.0,Bank Transfer,Delivered
ORD-179710,BIZ-1045,4,3,2025-10-07,115500.0,11,10500.0,POS,Cancelled
ORD-906360,BIZ-1042,2,5,2025-10-11,409500.0,39,10500.0,POS,Cancelled
ORD-724540,BIZ-1021,3,2,2025-10-19,260000.0,26,10000.0,Bank Transfer,Delivered
ORD-911131,BIZ-1010,3,2,2025-10-12,123500.0,13,9500.0,Bank Transfer,Delivered
ORD-764926,BIZ-1044,1,3,2025-10-10,303800.0,31,9800.0,POS,Cancelled
ORD-572436,BIZ-1018,2,3,2025-10-09,123500.0,13,9500.0,Bank Transfer,Pending
ORD-473095,BIZ-1041,3,2,2025-10-15,266000.0,28,10000.0,Bank Transfer,Cancelled
ORD-493663,BIZ-1054,4,4,2025-10-17,304500.0,29,10500.0,Cash,Cancelled
ORD-812711,BIZ-1051,2,3,2025-10-13,156800.0,16,9800.0,Bank Transfer,Pending
ORD-498535,BIZ-1026,4,3,2025-10-18,9500.0,1,9500.0,Cash,Cancelled
ORD-748665,BIZ-1057,3,3,2025-10-03,380000.0,38,10000.0,Cash,Pending
ORD-358421,BIZ-1040,1,4,2025-10-09,346500.0,33,10500.0,POS,Delivered
ORD-186023,BIZ-1001,3,5,2025-10-22,280000.0,28,10000.0,POS,Pending
ORD-498458,BIZ-1059,4,5,2025-10-09,294500.0,31,9500.0,Cash,Cancelled
ORD-764693,BIZ-1019,1,5,2025-10-22,266000.0,28,9500.0,POS,Delivered
ORD-508548,BIZ-1052,4,2,2025-10-05,310000.0,31,10000.0,POS,Delivered
ORD-211726,BIZ-1028,4,2,2025-10-10,380000.0,38,10000.0,Cash,Cancelled
ORD-423241,BIZ-1051,2,3,2025-10-03,262500.0,25,10500.0,Bank Transfer,Cancelled
ORD-898329,BIZ-1056,3,3,2025-10-14,140000.0,14,10000.0,Bank Transfer,Delivered
ORD-238943,BIZ-1029,4,1,2025-10-09,127400.0,13,9800.0,Cash,Pending
ORD-551914,BIZ-1056,1,4,2025-10-03,196000.0,20,9800.0,Bank Transfer,Pending
ORD-681687,BIZ-1023,1,2,2025-10-14,170000.0,17,10000.0,POS,Delivered
ORD-208310,BIZ-1051,4,4,2025-10-16,50000.0,5,10000.0,POS,Delivered
ORD-471106,BIZ-1053,4,5,2025-10-01,78400.0,8,9800.0,Cash,Pending
ORD-725920,BIZ-1059,1,4,2025-10-17,30000.0,3,10000.0,POS,Delivered
ORD-440189,BIZ-1018,3,4,2025-10-18,304500.0,29,10500.0,POS,Cancelled
ORD-112940,BIZ-1060,3,2,2025-10-26,66500.0,7,9500.0,POS,Delivered
ORD-506637,BIZ-1050,1,5,2025-10-09,140000.0,14,10000.0,POS,Pending
ORD-860053,BIZ-1014,3,2,2025-10-24,346500.0,33,10500.0,POS,Pending
ORD-354533,BIZ-1022,3,2,2025-10-28,215600.0,22,9800.0,Cash,Pending
ORD-277820,BIZ-1035,4,5,2025-10-18,9800.0,1,9800.0,Cash,Cancelled
ORD-277735,BIZ-1058,2,5,2025-10-21,104500.0,11,9500.0,POS,Pending
ORD-415759,BIZ-1023,1,3,2025-10-05,235200.0,24,9800.0,Bank Transfer,Delivered
ORD-253023,BIZ-1021,4,3,2025-10-09,294000.0,28,10500.0,POS,Cancelled
ORD-555791,BIZ-1055,4,2,2025-10-02,228000.0,24,9500.0,Bank Transfer,Cancelled
ORD-414313,BIZ-1002,3,5,2025-10-09,323000.0,34,9500.0,Cash,Pending
ORD-180657,BIZ-1047,3,3,2025-10-15,115500.0,11,10500.0,Bank Transfer,Cancelled
ORD-358568,BIZ-1021,2,1,2025-10-11,95000.0,10,9500.0,Cash,Cancelled
ORD-619886,BIZ-1055,2,5,2025-10-22,360000.0,36,10000.0,Bank Transfer,Pending
ORD-305047,BIZ-1024,4,3,2025-10-18,333200.0,34,9800.0,POS,Delivered
ORD-242071,BIZ-1029,2,3,2025-10-14,367500.0,35,10000.0,Bank Transfer,Pending
ORD-514913,BIZ-1030,2,3,2025-10-10,57000.0,6,9500.0,POS,Cancelled
ORD-750318,BIZ-1023,1,4,2025-10-10,90000.0,9,10000.0,POS,Cancelled
ORD-445549,BIZ-1015,1,4,2025-10-12,200000.0,20,10000.0,Bank Transfer,Cancelled
ORD-551533,BIZ-1013,1,5,2025-10-14,380000.0,38,10000.0,POS,Pending
ORD-782661,BIZ-1017,3,5,2025-10-25,313500.0,33,9500.0,Cash,Cancelled
ORD-242736,BIZ-1033,3,4,2025-10-30,330000.0,33,10000.0,POS,Delivered
ORD-732512,BIZ-1027,3,3,2025-10-10,290000.0,29,10000.0,Cash,Delivered
ORD-310608,BIZ-1004,2,1,2025-10-29,372400.0,38,9800.0,Cash,Cancelled
ORD-286266,BIZ-1027,4,2,2025-10-15,362600.0,37,9800.0,Bank Transfer,Pending
ORD-434640,BIZ-1033,2,3,2025-10-29,333200.0,34,9800.0,Bank Transfer,Delivered
ORD-828716,BIZ-1040,3,4,2025-10-09,294000.0,28,10500.0,Bank Transfer,Pending
ORD-703853,BIZ-1047,1,3,2025-10-19,94500.0,9,10500.0,Bank Transfer,Pending
ORD-441716,BIZ-1028,4,5,2025-10-24,357000.0,34,10500.0,POS,Pending
ORD-956156,BIZ-1007,4,3,2025-10-12,294000.0,28,10500.0,Bank Transfer,Delivered
ORD-482746,BIZ-1059,4,3,2025-10-24,323400.0,33,9800.0,Bank Transfer,Cancelled
ORD-691240,BIZ-1059,1,3,2025-10-04,313500.0,33,9500.0,Cash,Delivered
ORD-672133,BIZ-1031,3,3,2025-10-06,110000.0,11,10000.0,Bank Transfer,Delivered
ORD-904905,BIZ-1051,3,2,2025-10-06,240000.0,24,10000.0,Bank Transfer,Pending
ORD-862538,BIZ-1013,2,5,2025-10-17,200000.0,20,10000.0,Cash,Delivered
ORD-842776,BIZ-1003,4,4,2025-10-14,98000.0,10,9800.0,Cash,Pending
ORD-936433,BIZ-1012,4,4,2025-10-07,137200.0,14,9800.0,Bank Transfer,Cancelled
ORD-826490,BIZ-1060,3,3,2025-10-09,218500.0,23,9500.0,Cash,Cancelled
ORD-988970,BIZ-1059,2,3,2025-10-03,210000.0,20,10500.0,Cash,Cancelled
ORD-529016,BIZ-1023,1,3,2025-10-24,382200.0,39,10000.0,Cash,Cancelled
ORD-245939,BIZ-1014,2,4,2025-10-21,284200.0,29,9800.0,POS,Cancelled
ORD-353777,BIZ-1013,4,2,2025-10-20,420000.0,40,10500.0,Cash,Pending
ORD-261630,BIZ-1051,4,5,2025-10-08,332500.0,35,9500.0,POS,Delivered
ORD-927406,BIZ-1042,2,4,2025-10-22,104500.0,11,9500.0,POS,Cancelled
ORD-570880,BIZ-1044,3,1,2025-10-12,58800.0,6,9800.0,Cash,Cancelled
ORD-602514,BIZ-1031,1,4,2025-10-30,19000.0,2,9500.0,Cash,Delivered
ORD-660324,BIZ-1014,3,5,2025-10-18,168000.0,16,10500.0,Cash,Cancelled
ORD-825309,BIZ-1031,3,5,2025-10-16,31500.0,3,10500.0,Cash,Delivered
ORD-138551,BIZ-1059,2,3,2025-10-13,256500.0,27,9500.0,Cash,Delivered
ORD-476993,BIZ-1007,1,5,2025-10-24,76000.0,8,9500.0,Bank Transfer,Delivered
ORD-951755,BIZ-1040,1,5,2025-10-22,161500.0,17,9500.0,Cash,Cancelled
ORD-769180,BIZ-1008,2,2,2025-10-17,104500.0,11,9500.0,Bank Transfer,Cancelled
ORD-214682,BIZ-1050,4,4,2025-10-28,40000.0,4,10000.0,Cash,Delivered
ORD-789545,BIZ-1058,2,3,2025-10-24,270000.0,27,10000.0,Bank Transfer,Delivered
ORD-274418,BIZ-1037,1,3,2025-10-20,127400.0,13,9800.0,POS,Cancelled
ORD-146448,BIZ-1035,2,4,2025-10-20,237500.0,25,10000.0,Cash,Pending
ORD-776364,BIZ-1059,3,3,2025-10-17,378000.0,36,10500.0,Bank Transfer,Pending
ORD-519029,BIZ-1047,2,4,2025-10-21,142500.0,15,9500.0,Bank Transfer,Cancelled
ORD-447704,BIZ-1035,4,3,2025-10-30,90000.0,9,10000.0,Bank Transfer,Cancelled
ORD-551365,BIZ-1014,1,5,2025-10-29,323400.0,33,9800.0,POS,Delivered
ORD-203396,BIZ-1043,4,4,2025-10-04,168000.0,16,10500.0,Bank Transfer,Pending
ORD-635482,BIZ-1000,1,4,2025-10-08,400000.0,40,10000.0,Bank Transfer,Pending
ORD-685098,BIZ-1028,4,1,2025-10-23,180000.0,18,10000.0,POS,Delivered
ORD-703178,BIZ-1041,3,2,2025-10-18,380000.0,38,10000.0,POS,Cancelled
ORD-492292,BIZ-1019,2,4,2025-10-07,351500.0,37,9500.0,Cash,Cancelled
ORD-909859,BIZ-1036,2,3,2025-10-12,78400.0,8,9800.0,Bank Transfer,Cancelled
ORD-823975,BIZ-1030,2,5,2025-10-21,330000.0,33,10000.0,POS,Pending
ORD-461724,BIZ-1025,2,5,2025-10-16,176400.0,18,9800.0,Bank Transfer,Pending
ORD-606222,BIZ-1041,3,2,2025-10-30,390000.0,39,10000.0,POS,Delivered
ORD-536181,BIZ-1008,3,4,2025-10-04,409500.0,39,10500.0,POS,Delivered
ORD-190025,BIZ-1027,4,4,2025-10-28,283500.0,27,10500.0,POS,Cancelled
ORD-865618,BIZ-1036,4,4,2025-10-04,47500.0,5,9500.0,Cash,Pending
ORD-427040,BIZ-1039,4,2,2025-10-05,390000.0,39,10000.0,POS,Delivered
ORD-922366,BIZ-1004,2,2,2025-10-11,84000.0,8,10500.0,Cash,Delivered
ORD-606384,BIZ-1037,2,5,2025-10-07,142500.0,15,10000.0,Bank Transfer,Delivered
ORD-202365,BIZ-1058,1,2,2025-10-11,400000.0,40,10000.0,Cash,Pending
ORD-830609,BIZ-1010,4,2,2025-10-14,30000.0,3,10000.0,Bank Transfer,Delivered
ORD-170437,BIZ-1040,2,3,2025-10-14,247000.0,26,9500.0,Bank Transfer,Cancelled
ORD-949541,BIZ-1059,3,2,2025-10-10,127400.0,13,9800.0,POS,Delivered
ORD-123682,BIZ-1047,1,5,2025-10-22,90000.0,9,10000.0,Bank Transfer,Cancelled
ORD-779445,BIZ-1015,4,4,2025-10-26,20000.0,2,10000.0,Cash,Cancelled
ORD-938913,BIZ-1004,4,3,2025-10-04,40000.0,4,10000.0,Cash,Delivered
ORD-876459,BIZ-1054,4,5,2025-10-05,357000.0,34,10500.0,POS,Delivered
ORD-282927,BIZ-1030,2,3,2025-10-08,142500.0,15,9500.0,POS,Pending
ORD-447067,BIZ-1032,4,2,2025-10-17,199500.0,21,9500.0,Cash,Delivered
ORD-584498,BIZ-1001,1,3,2025-10-17,351500.0,37,9500.0,Bank Transfer,Delivered
ORD-524723,BIZ-1007,2,5,2025-10-07,127400.0,13,9800.0,Bank Transfer,Cancelled
ORD-295440,BIZ-1024,4,3,2025-10-19,66500.0,7,9500.0,Bank Transfer,Cancelled
ORD-553125,BIZ-1004,1,1,2025-10-20,220000.0,22,10000.0,Cash,Delivered
ORD-873207,BIZ-1021,2,2,2025-10-12,209000.0,22,9500.0,Bank Transfer,Cancelled
ORD-306909,BIZ-1037,3,3,2025-10-19,420000.0,40,10500.0,POS,Delivered
ORD-550418,BIZ-1018,3,3,2025-10-14,57000.0,6,9500.0,Cash,Cancelled
ORD-838968,BIZ-1042,3,3,2025-10-12,49000.0,5,9800.0,Bank Transfer,Pending
ORD-391865,BIZ-1013,3,4,2025-10-07,420000.0,40,10500.0,POS,Delivered
ORD-948014,BIZ-1015,2,3,2025-10-23,342000.0,36,9500.0,Cash,Delivered
ORD-705393,BIZ-1051,1,4,2025-10-24,420000.0,40,10500.0,Cash,Pending
ORD-662968,BIZ-1013,3,5,2025-10-04,315000.0,30,10500.0,POS,Cancelled
ORD-441819,BIZ-1018,2,2,2025-10-06,21000.0,2,10500.0,Bank Transfer,Delivered
ORD-219490,BIZ-1040,1,2,2025-10-06,9500.0,1,9500.0,POS,Cancelled
ORD-613261,BIZ-1037,4,3,2025-10-08,170000.0,17,10000.0,POS,Cancelled
ORD-770153,BIZ-1012,1,2,2025-10-16,284200.0,29,9800.0,Bank Transfer,Delivered
ORD-507517,BIZ-1013,4,5,2025-10-10,90000.0,9,10000.0,Cash,Cancelled
ORD-715519,BIZ-1044,1,3,2025-10-19,343000.0,35,9800.0,Cash,Cancelled
ORD-469082,BIZ-1053,2,4,2025-10-04,220000.0,22,10000.0,POS,Cancelled
ORD-747351,BIZ-1025,1,4,2025-10-26,95000.0,10,9500.0,Cash,Pending
ORD-806309,BIZ-1046,1,4,2025-10-06,127400.0,13,9800.0,Cash,Delivered
ORD-411893,BIZ-1045,2,5,2025-10-22,325500.0,31,10500.0,POS,Pending
ORD-718836,BIZ-1046,1,4,2025-10-28,270000.0,27,10000.0,Cash,Delivered
ORD-240454,BIZ-1030,3,2,2025-10-03,313600.0,32,9800.0,POS,Delivered
ORD-350161,BIZ-1049,1,3,2025-10-10,294000.0,30,9800.0,POS,Pending
ORD-291936,BIZ-1033,4,2,2025-10-10,245000.0,25,9800.0,Bank Transfer,Pending
ORD-248225,BIZ-1048,2,4,2025-10-12,9500.0,1,9500.0,POS,Delivered
ORD-538555,BIZ-1016,4,2,2025-10-16,100000.0,10,10000.0,POS,Cancelled
ORD-702727,BIZ-1012,3,1,2025-10-18,228000.0,24,9500.0,Bank Transfer,Pending
ORD-294776,BIZ-1003,2,2,2025-10-12,117600.0,12,9800.0,Cash,Cancelled
ORD-663483,BIZ-1040,1,4,2025-10-15,156800.0,16,9800.0,Bank Transfer,Pending
ORD-776604,BIZ-1044,1,3,2025-10-21,66500.0,7,9500.0,POS,Delivered
ORD-281649,BIZ-1053,2,3,2025-10-28,215600.0,22,9800.0,Bank Transfer,Pending
ORD-613426,BIZ-1039,4,4,2025-10-17,235200.0,24,9800.0,Bank Transfer,Delivered
ORD-296187,BIZ-1047,1,3,2025-10-09,88200.0,9,10000.0,POS,Pending
ORD-572908,BIZ-1025,1,4,2025-10-10,220500.0,21,10500.0,POS,Cancelled
ORD-476479,BIZ-1003,1,5,2025-10-19,130000.0,13,10000.0,Bank Transfer,Delivered
ORD-608149,BIZ-1022,4,2,2025-10-29,176400.0,18,9800.0,POS,Delivered
ORD-954815,BIZ-1054,1,3,2025-10-05,294500.0,31,10000.0,POS,Cancelled
ORD-688861,BIZ-1033,4,2,2025-10-12,252000.0,24,10000.0,Cash,Cancelled
ORD-619013,BIZ-1048,4,3,2025-10-16,252000.0,24,10500.0,Cash,Cancelled
ORD-615611,BIZ-1029,1,2,2025-10-13,247000.0,26,9500.0,Bank Transfer,Pending
ORD-980690,BIZ-1029,1,5,2025-10-13,168000.0,16,10500.0,Cash,Pending
ORD-275377,BIZ-1013,2,5,2025-10-14,362600.0,37,9800.0,POS,Delivered
ORD-132359,BIZ-1038,2,3,2025-10-03,85500.0,9,9500.0,POS,Pending
ORD-331241,BIZ-1015,4,5,2025-10-24,142500.0,15,9500.0,Cash,Pending
ORD-388204,BIZ-1055,4,5,2025-10-09,315000.0,30,10500.0,Cash,Pending
ORD-402692,BIZ-1036,3,1,2025-10-07,189000.0,18,10500.0,Cash,Delivered
ORD-579536,BIZ-1026,2,4,2025-10-06,161500.0,17,9500.0,Cash,Cancelled
ORD-910074,BIZ-1024,2,2,2025-10-17,313500.0,33,9500.0,Bank Transfer,Delivered
ORD-676429,BIZ-1028,3,2,2025-10-23,50000.0,5,10000.0,Cash,Delivered
ORD-700534,BIZ-1006,2,5,2025-10-16,220000.0,22,10000.0,Bank Transfer,Cancelled
ORD-912764,BIZ-1045,2,4,2025-10-04,382200.0,39,10000.0,Cash,Pending
ORD-484682,BIZ-1057,4,4,2025-10-17,241500.0,23,10500.0,Cash,Cancelled
ORD-893547,BIZ-1005,4,2,2025-10-17,323400.0,33,9800.0,Bank Transfer,Cancelled
ORD-853905,BIZ-1013,1,3,2025-10-02,147000.0,14,10500.0,POS,Pending
ORD-329157,BIZ-1000,2,2,2025-10-14,209000.0,22,9500.0,Cash,Cancelled
ORD-207391,BIZ-1028,4,3,2025-10-30,264600.0,27,9800.0,POS,Delivered
ORD-785424,BIZ-1013,1,5,2025-10-23,235200.0,24,9800.0,POS,Delivered
ORD-412170,BIZ-1041,2,2,2025-10-23,320000.0,32,10000.0,Cash,Pending
ORD-133796,BIZ-1046,2,4,2025-10-27,260000.0,26,10000.0,POS,Delivered
ORD-465509,BIZ-1048,2,3,2025-10-14,88200.0,9,10000.0,Cash,Delivered
ORD-191208,BIZ-1054,4,2,2025-10-26,247000.0,26,9500.0,Cash,Delivered
ORD-223088,BIZ-1018,2,4,2025-10-14,231000.0,22,10500.0,Bank Transfer,Delivered
ORD-348455,BIZ-1030,3,3,2025-10-24,352800.0,36,10000.0,Bank Transfer,Delivered
ORD-873443,BIZ-1028,4,5,2025-10-07,123500.0,13,9500.0,Bank Transfer,Delivered
ORD-467663,BIZ-1032,4,4,2025-10-18,180500.0,19,9500.0,Cash,Cancelled
ORD-739905,BIZ-1058,2,3,2025-10-26,9800.0,1,9800.0,Cash,Delivered
ORD-274044,BIZ-1048,4,3,2025-10-19,78400.0,8,9800.0,POS,Delivered
ORD-922974,BIZ-1051,1,1,2025-10-19,245000.0,25,9800.0,Cash,Pending
ORD-316995,BIZ-1052,2,2,2025-10-07,303800.0,31,9800.0,POS,Cancelled
ORD-697766,BIZ-1001,1,4,2025-10-25,300000.0,30,10000.0,Bank Transfer,Pending
ORD-394739,BIZ-1006,1,5,2025-10-11,52500.0,5,10500.0,POS,Pending
ORD-276556,BIZ-1039,3,4,2025-10-18,315000.0,30,10500.0,Cash,Cancelled
ORD-838253,BIZ-1018,2,3,2025-10-10,300000.0,30,10000.0,POS,Delivered
ORD-700556,BIZ-1012,1,3,2025-10-09,264600.0,27,9800.0,Cash,Pending
ORD-999695,BIZ-1054,4,4,2025-10-09,114000.0,12,9500.0,Bank Transfer,Delivered
ORD-812296,BIZ-1004,3,2,2025-10-16,180000.0,18,10000.0,Cash,Pending
ORD-242175,BIZ-1048,2,4,2025-10-25,342000.0,36,9500.0,Bank Transfer,Cancelled
ORD-923856,BIZ-1021,4,2,2025-10-29,220500.0,21,10500.0,Cash,Delivered
ORD-162165,BIZ-1039,4,4,2025-10-13,313500.0,33,9500.0,Bank Transfer,Cancelled
ORD-787757,BIZ-1017,2,3,2025-10-30,315000.0,30,10500.0,Bank Transfer,Pending
ORD-239136,BIZ-1013,2,4,2025-10-04,28500.0,3,9500.0,POS,Delivered
ORD-845951,BIZ-1052,4,3,2025-10-08,220500.0,21,10500.0,Bank Transfer,Delivered
ORD-359579,BIZ-1026,4,2,2025-10-10,352800.0,36,9800.0,Cash,Pending
ORD-809083,BIZ-1054,3,4,2025-10-23,107800.0,11,9800.0,Bank Transfer,Pending
ORD-249077,BIZ-1037,1,4,2025-10-12,84000.0,8,10500.0,POS,Delivered
ORD-381770,BIZ-1021,4,5,2025-10-18,176400.0,18,9800.0,Bank Transfer,Delivered
ORD-493396,BIZ-1038,4,4,2025-10-19,29400.0,3,9800.0,POS,Cancelled
ORD-764406,BIZ-1051,2,3,2025-10-14,73500.0,7,10500.0,Bank Transfer,Cancelled
ORD-906233,BIZ-1051,4,2,2025-10-24,9500.0,1,9500.0,Bank Transfer,Pending
ORD-640659,BIZ-1027,3,4,2025-10-03,156800.0,16,9800.0,Cash,Delivered
ORD-828449,BIZ-1047,1,4,2025-10-23,10000.0,1,10000.0,Bank Transfer,Delivered
ORD-486999,BIZ-1025,3,1,2025-10-29,107800.0,11,9800.0,POS,Delivered
ORD-611751,BIZ-1039,1,2,2025-10-14,210000.0,21,10000.0,POS,Pending
ORD-102593,BIZ-1052,1,1,2025-10-10,266000.0,28,9500.0,Bank Transfer,Pending
ORD-988319,BIZ-1050,3,3,2025-10-27,205800.0,21,9800.0,POS,Pending
ORD-866437,BIZ-1014,1,3,2025-10-22,10500.0,1,10500.0,Bank Transfer,Delivered
ORD-765678,BIZ-1014,3,4,2025-10-30,180000.0,18,10000.0,Bank Transfer,Pending
ORD-475623,BIZ-1007,3,2,2025-10-20,210000.0,20,10500.0,Cash,Delivered
ORD-934328,BIZ-1041,4,1,2025-10-26,390000.0,39,10000.0,Cash,Delivered
ORD-328411,BIZ-1047,3,5,2025-10-17,220500.0,21,10500.0,Bank Transfer,Cancelled
ORD-964915,BIZ-1004,4,2,2025-10-30,399000.0,38,10500.0,POS,Cancelled
ORD-381581,BIZ-1046,3,4,2025-10-07,9800.0,1,9800.0,Cash,Delivered
ORD-397368,BIZ-1060,3,4,2025-10-10,274400.0,28,9800.0,Bank Transfer,Pending
ORD-706007,BIZ-1020,1,2,2025-10-11,320000.0,32,10000.0,Cash,Delivered
ORD-993829,BIZ-1030,4,5,2025-10-04,29400.0,3,9800.0,Bank Transfer,Pending
ORD-460437,BIZ-1038,4,5,2025-10-15,199500.0,21,9500.0,Bank Transfer,Delivered
ORD-899281,BIZ-1004,1,2,2025-10-27,220000.0,22,10000.0,POS,Delivered
ORD-204411,BIZ-1053,4,5,2025-10-02,156800.0,16,9800.0,Bank Transfer,Pending
ORD-977345,BIZ-1045,4,4,2025-10-19,9500.0,1,9500.0,Bank Transfer,Delivered
ORD-230272,BIZ-1012,1,4,2025-10-14,98000.0,10,9800.0,Bank Transfer,Cancelled
ORD-265657,BIZ-1034,1,4,2025-10-28,352800.0,36,9800.0,Cash,Cancelled
ORD-100708,BIZ-1012,1,2,2025-10-14,300000.0,30,10000.0,Bank Transfer,Pending
ORD-548580,BIZ-1028,2,5,2025-10-30,117600.0,12,9800.0,POS,Pending
ORD-822040,BIZ-1013,4,4,2025-10-07,130000.0,13,10000.0,Cash,Pending
ORD-781571,BIZ-1013,4,3,2025-10-28,245000.0,25,9800.0,Cash,Cancelled
ORD-387330,BIZ-1028,1,3,2025-10-10,420000.0,40,10500.0,Bank Transfer,Pending
ORD-477943,BIZ-1009,2,2,2025-10-03,266000.0,28,9500.0,POS,Cancelled
ORD-489906,BIZ-1060,4,3,2025-10-08,120000.0,12,10000.0,Cash,Pending
ORD-780432,BIZ-1033,4,4,2025-10-20,199500.0,19,10500.0,Cash,Delivered
ORD-515594,BIZ-1049,1,2,2025-10-05,303800.0,31,9800.0,Bank Transfer,Delivered
ORD-861253,BIZ-1007,4,3,2025-10-19,330000.0,33,10000.0,Cash,Pending
ORD-345517,BIZ-1017,4,5,2025-10-21,252000.0,24,10500.0,POS,Cancelled
ORD-195629,BIZ-1055,3,4,2025-10-13,52500.0,5,10500.0,Cash,Cancelled
ORD-101139,BIZ-1055,4,5,2025-10-22,107800.0,11,10000.0,POS,Pending
ORD-181724,BIZ-1035,2,4,2025-10-07,346500.0,33,10500.0,POS,Pending
ORD-337178,BIZ-1028,1,3,2025-10-04,274400.0,28,9800.0,Bank Transfer,Pending
ORD-566686,BIZ-1033,2,1,2025-10-16,19600.0,2,9800.0,POS,Delivered
ORD-829386,BIZ-1055,1,4,2025-10-01,166600.0,17,9800.0,Bank Transfer,Delivered
ORD-226451,BIZ-1049,3,2,2025-10-11,262500.0,25,10500.0,Cash,Delivered
ORD-542828,BIZ-1018,2,3,2025-10-30,280000.0,28,10000.0,POS,Pending
ORD-600905,BIZ-1045,3,5,2025-10-21,256500.0,27,9500.0,Bank Transfer,Pending
ORD-501677,BIZ-1046,2,4,2025-10-03,147000.0,14,10500.0,Bank Transfer,Pending
ORD-945106,BIZ-1000,3,3,2025-10-03,9500.0,1,9500.0,POS,Pending
ORD-428572,BIZ-1033,1,2,2025-10-04,199500.0,19,10500.0,Cash,Delivered
ORD-413791,BIZ-1037,4,2,2025-10-12,88200.0,9,9800.0,POS,Delivered
ORD-911032,BIZ-1049,1,1,2025-10-05,284200.0,29,9800.0,Bank Transfer,Cancelled
ORD-239613,BIZ-1042,2,3,2025-10-25,117600.0,12,9800.0,Cash,Cancelled
ORD-810029,BIZ-1015,1,4,2025-10-20,380000.0,40,9500.0,Cash,Delivered
ORD-656278,BIZ-1015,2,4,2025-10-05,237500.0,25,9500.0,Cash,Delivered
ORD-739966,BIZ-1016,4,1,2025-10-17,372400.0,38,9800.0,POS,Delivered
ORD-561477,BIZ-1028,2,4,2025-10-20,9500.0,1,9500.0,POS,Cancelled
ORD-323404,BIZ-1016,1,4,2025-10-11,28500.0,3,9500.0,Cash,Cancelled
ORD-258727,BIZ-1044,4,3,2025-10-19,340000.0,34,10000.0,Cash,Cancelled
ORD-746002,BIZ-1042,2,5,2025-10-28,280000.0,28,10000.0,Cash,Delivered
ORD-327797,BIZ-1023,4,1,2025-10-21,252000.0,24,10500.0,Cash,Pending
ORD-205345,BIZ-1022,4,3,2025-10-03,66500.0,7,10000.0,POS,Delivered
ORD-229139,BIZ-1047,2,2,2025-10-05,19000.0,2,9500.0,Cash,Pending
ORD-502686,BIZ-1058,4,2,2025-10-18,420000.0,40,10500.0,Bank Transfer,Cancelled
ORD-550246,BIZ-1034,2,4,2025-10-11,199500.0,21,9500.0,POS,Pending
ORD-246622,BIZ-1040,4,3,2025-10-10,284200.0,29,9800.0,POS,Cancelled
ORD-775933,BIZ-1000,4,3,2025-10-08,60000.0,6,10000.0,POS,Cancelled
ORD-680278,BIZ-1052,2,2,2025-10-03,73500.0,7,10500.0,POS,Delivered
ORD-856211,BIZ-1022,1,3,2025-10-19,323000.0,34,9500.0,Bank Transfer,Pending
ORD-916808,BIZ-1044,1,3,2025-10-19,378000.0,36,10500.0,Bank Transfer,Pending
ORD-128127,BIZ-1006,1,2,2025-10-29,343000.0,35,9800.0,Bank Transfer,Cancelled
ORD-790388,BIZ-1031,4,4,2025-10-26,57000.0,6,9500.0,Bank Transfer,Pending
ORD-315425,BIZ-1001,1,5,2025-10-27,250000.0,25,10000.0,POS,Pending
ORD-634273,BIZ-1034,4,4,2025-10-16,78400.0,8,9800.0,POS,Pending
ORD-510780,BIZ-1032,2,3,2025-10-06,142500.0,15,9500.0,POS,Cancelled
ORD-157219,BIZ-1039,1,2,2025-10-09,262500.0,25,10500.0,Cash,Delivered
ORD-932336,BIZ-1050,3,4,2025-10-24,180500.0,19,9500.0,Cash,Cancelled
ORD-618927,BIZ-1006,3,5,2025-10-29,372400.0,38,9800.0,Bank Transfer,Pending
ORD-352792,BIZ-1017,2,4,2025-10-12,237500.0,25,9500.0,POS,Cancelled
ORD-722780,BIZ-1030,4,5,2025-10-15,136500.0,13,10000.0,Cash,Cancelled
ORD-112653,BIZ-1007,3,3,2025-10-03,88200.0,9,9800.0,Bank Transfer,Cancelled
ORD-431845,BIZ-1056,1,5,2025-10-30,300000.0,30,10000.0,Bank Transfer,Pending
ORD-979727,BIZ-1006,2,2,2025-10-04,294000.0,30,9800.0,POS,Cancelled
ORD-483162,BIZ-1015,2,4,2025-10-18,30000.0,3,10000.0,Cash,Cancelled
ORD-281162,BIZ-1031,1,3,2025-10-17,388500.0,37,10500.0,Cash,Cancelled
ORD-907788,BIZ-1022,2,2,2025-10-23,237500.0,25,9500.0,POS,Delivered
ORD-715895,BIZ-1052,1,3,2025-10-03,142500.0,15,9500.0,POS,Pending
ORD-374921,BIZ-1033,3,3,2025-10-03,196000.0,20,9800.0,Cash,Pending
ORD-163406,BIZ-1017,4,3,2025-10-07,310000.0,31,10000.0,Bank Transfer,Cancelled
ORD-517307,BIZ-1048,1,3,2025-10-29,190000.0,19,10000.0,Bank Transfer,Delivered
ORD-759104,BIZ-1034,2,3,2025-10-16,199500.0,21,9500.0,POS,Delivered
ORD-904373,BIZ-1032,4,3,2025-10-22,362600.0,37,9800.0,Cash,Delivered
ORD-835901,BIZ-1030,1,4,2025-10-13,137200.0,14,9800.0,Cash,Cancelled
ORD-771652,BIZ-1040,1,3,2025-10-13,351500.0,37,9500.0,Cash,Cancelled
ORD-745972,BIZ-1042,3,5,2025-10-17,104500.0,11,9500.0,Cash,Delivered
ORD-187657,BIZ-1040,2,3,2025-10-05,38000.0,4,9500.0,Bank Transfer,Cancelled
ORD-636141,BIZ-1041,3,4,2025-10-10,254800.0,26,9800.0,Bank Transfer,Pending
ORD-947312,BIZ-1007,1,3,2025-10-28,320000.0,32,10000.0,POS,Cancelled
ORD-442622,BIZ-1016,4,1,2025-10-05,63000.0,6,10500.0,POS,Cancelled
ORD-765105,BIZ-1030,3,4,2025-10-12,290000.0,29,10000.0,Bank Transfer,Delivered
ORD-781406,BIZ-1058,1,4,2025-10-23,84000.0,8,10500.0,POS,Cancelled
ORD-169326,BIZ-1038,2,1,2025-10-21,388500.0,37,10500.0,POS,Delivered
ORD-558737,BIZ-1019,4,5,2025-10-10,262500.0,25,10500.0,POS,Delivered
ORD-987586,BIZ-1053,3,1,2025-10-22,70000.0,7,10000.0,Cash,Cancelled
ORD-356355,BIZ-1018,4,4,2025-10-08,21000.0,2,10500.0,POS,Cancelled
ORD-555589,BIZ-1018,1,4,2025-10-03,332500.0,35,9500.0,Bank Transfer,Cancelled
ORD-742039,BIZ-1022,4,5,2025-10-04,114000.0,12,9500.0,Bank Transfer,Delivered
ORD-424314,BIZ-1045,1,4,2025-10-19,88200.0,9,9800.0,POS,Pending
ORD-790017,BIZ-1004,3,5,2025-10-20,28500.0,3,9500.0,Cash,Cancelled
ORD-225245,BIZ-1014,3,2,2025-10-23,115500.0,11,10500.0,Cash,Delivered
ORD-243876,BIZ-1011,4,2,2025-10-01,340000.0,34,10000.0,POS,Pending
ORD-271790,BIZ-1043,1,1,2025-10-22,210000.0,21,10000.0,POS,Delivered
ORD-463546,BIZ-1042,1,2,2025-10-15,152000.0,16,9500.0,Cash,Delivered
ORD-921021,BIZ-1035,2,5,2025-10-16,88200.0,9,9800.0,Bank Transfer,Cancelled
ORD-371840,BIZ-1018,3,5,2025-10-25,420000.0,40,10500.0,Cash,Pending
ORD-233096,BIZ-1041,4,4,2025-10-06,115500.0,11,10500.0,Cash,Cancelled
ORD-381819,BIZ-1052,1,4,2025-10-23,274400.0,28,9800.0,POS,Cancelled
ORD-223791,BIZ-1032,2,2,2025-10-22,176400.0,18,9800.0,Cash,Delivered
ORD-130782,BIZ-1060,4,4,2025-10-24,220500.0,21,10500.0,POS,Delivered
ORD-550179,BIZ-1056,3,4,2025-10-11,50000.0,5,10000.0,POS,Cancelled
ORD-166974,BIZ-1019,2,4,2025-10-09,256500.0,27,9500.0,Cash,Pending
ORD-704663,BIZ-1020,1,5,2025-10-08,176400.0,18,9800.0,Bank Transfer,Delivered
ORD-620248,BIZ-1043,4,4,2025-10-19,245000.0,25,9800.0,Bank Transfer,Delivered
ORD-477617,BIZ-1031,4,4,2025-10-14,340000.0,34,10000.0,POS,Pending
ORD-694423,BIZ-1001,2,4,2025-10-02,370000.0,37,10000.0,Bank Transfer,Delivered
ORD-264951,BIZ-1016,1,5,2025-10-06,220500.0,21,10500.0,POS,Cancelled
ORD-207903,BIZ-1018,4,1,2025-10-08,367500.0,35,10500.0,Cash,Delivered
ORD-806866,BIZ-1057,1,2,2025-10-27,323400.0,33,9800.0,Cash,Cancelled
ORD-339499,BIZ-1059,2,2,2025-10-22,171000.0,18,9500.0,POS,Cancelled
ORD-102693,BIZ-1021,1,3,2025-10-23,283500.0,27,10500.0,Cash,Pending
ORD-112884,BIZ-1022,2,3,2025-10-02,330000.0,33,10000.0,POS,Cancelled
ORD-594681,BIZ-1028,3,5,2025-10-08,150000.0,15,10000.0,Cash,Pending
ORD-257375,BIZ-1046,3,2,2025-10-11,57000.0,6,9500.0,Bank Transfer,Delivered
ORD-999138,BIZ-1028,3,5,2025-10-06,351500.0,37,9500.0,POS,Pending
ORD-942127,BIZ-1003,1,3,2025-10-02,10500.0,1,10500.0,Cash,Cancelled
ORD-876644,BIZ-1039,4,4,2025-10-28,332500.0,35,10000.0,POS,Delivered
ORD-335421,BIZ-1016,2,2,2025-10-20,10500.0,1,10500.0,POS,Cancelled
ORD-536476,BIZ-1050,4,2,2025-10-10,323000.0,34,9500.0,POS,Cancelled
ORD-435476,BIZ-1047,3,5,2025-10-28,147000.0,15,9800.0,Bank Transfer,Cancelled
ORD-181670,BIZ-1050,4,3,2025-10-09,218500.0,23,9500.0,Cash,Delivered
ORD-225200,BIZ-1021,2,2,2025-10-18,228000.0,24,9500.0,POS,Delivered
ORD-155230,BIZ-1030,4,5,2025-10-16,190000.0,19,10000.0,Cash,Delivered
ORD-943409,BIZ-1000,1,5,2025-10-06,10500.0,1,10500.0,POS,Cancelled
ORD-148159,BIZ-1026,4,4,2025-10-16,31500.0,3,10500.0,Cash,Delivered
ORD-172274,BIZ-1030,2,5,2025-10-29,420000.0,40,10000.0,Cash,Delivered
ORD-396020,BIZ-1042,1,3,2025-10-27,10000.0,1,10000.0,Cash,Delivered
ORD-425790,BIZ-1044,4,2,2025-10-24,73500.0,7,10500.0,Bank Transfer,Cancelled
ORD-679958,BIZ-1043,4,4,2025-10-10,323400.0,33,9800.0,Cash,Delivered
ORD-486839,BIZ-1027,1,3,2025-10-14,100000.0,10,10000.0,Cash,Pending
ORD-691194,BIZ-1016,4,2,2025-10-07,200000.0,20,10000.0,POS,Pending
ORD-875501,BIZ-1004,4,2,2025-10-24,73500.0,7,10500.0,Bank Transfer,Pending
ORD-586462,BIZ-1001,2,2,2025-10-19,266000.0,28,9500.0,Bank Transfer,Delivered
ORD-617326,BIZ-1014,1,3,2025-10-12,180500.0,19,9500.0,Cash,Cancelled
ORD-913575,BIZ-1048,1,2,2025-10-30,209000.0,22,9500.0,Cash,Cancelled
ORD-673108,BIZ-1038,4,3,2025-10-06,171000.0,18,9500.0,POS,Pending
ORD-357034,BIZ-1022,4,3,2025-10-23,90000.0,9,10000.0,Bank Transfer,Delivered
ORD-529954,BIZ-1016,1,1,2025-10-05,66500.0,7,9500.0,Cash,Cancelled
ORD-667851,BIZ-1006,3,5,2025-10-01,9800.0,1,9800.0,Cash,Cancelled
ORD-980357,BIZ-1007,4,5,2025-10-11,10500.0,1,10000.0,Cash,Pending
ORD-110060,BIZ-1039,1,2,2025-10-21,63000.0,6,10500.0,POS,Cancelled
ORD-101533,BIZ-1007,2,4,2025-10-29,117600.0,12,9800.0,Cash,Cancelled
ORD-494552,BIZ-1033,1,3,2025-10-23,168000.0,16,10500.0,POS,Delivered
ORD-862540,BIZ-1009,1,2,2025-10-26,323400.0,33,9800.0,Bank Transfer,Delivered
ORD-315161,BIZ-1001,3,5,2025-10-10,94500.0,9,10000.0,Bank Transfer,Delivered
ORD-349736,BIZ-1045,1,4,2025-10-16,266000.0,28,9500.0,Bank Transfer,Pending
ORD-162804,BIZ-1046,1,2,2025-10-13,270000.0,27,10000.0,Cash,Pending
ORD-249289,BIZ-1008,4,4,2025-10-30,294500.0,31,9500.0,Cash,Delivered
ORD-197545,BIZ-1037,2,5,2025-10-22,180000.0,18,10000.0,POS,Pending
ORD-342716,BIZ-1024,3,2,2025-10-02,160000.0,16,10000.0,Bank Transfer,Delivered
ORD-645007,BIZ-1015,1,5,2025-10-27,40000.0,4,10000.0,Cash,Pending
ORD-490586,BIZ-1053,4,2,2025-10-13,370500.0,39,10000.0,Cash,Pending
ORD-884229,BIZ-1012,2,4,2025-10-14,240000.0,24,10000.0,Bank Transfer,Cancelled
ORD-200219,BIZ-1037,2,5,2025-10-03,9800.0,1,9800.0,POS,Pending
ORD-768169,BIZ-1002,1,5,2025-10-16,380000.0,38,10000.0,Bank Transfer,Cancelled
ORD-178465,BIZ-1042,3,2,2025-10-25,237500.0,25,9500.0,POS,Cancelled
ORD-165308,BIZ-1048,3,2,2025-10-18,370500.0,39,9500.0,Bank Transfer,Cancelled
ORD-237057,BIZ-1011,3,5,2025-10-14,275500.0,29,9500.0,Cash,Cancelled
ORD-373668,BIZ-1021,1,1,2025-10-08,303800.0,31,9800.0,Bank Transfer,Delivered
ORD-939717,BIZ-1046,2,5,2025-10-26,270000.0,27,10000.0,Cash,Cancelled
ORD-972310,BIZ-1039,3,3,2025-10-12,84000.0,8,10500.0,Cash,Cancelled
ORD-433507,BIZ-1041,1,5,2025-10-23,313500.0,33,9500.0,POS,Delivered
ORD-344959,BIZ-1019,3,2,2025-10-14,180500.0,19,9500.0,POS,Pending
ORD-312559,BIZ-1042,1,3,2025-10-03,304000.0,32,9500.0,POS,Pending
ORD-907557,BIZ-1054,4,5,2025-10-05,378000.0,36,10500.0,Bank Transfer,Delivered
ORD-262959,BIZ-1038,1,4,2025-10-18,9800.0,1,9800.0,POS,Pending
ORD-571404,BIZ-1014,2,2,2025-10-04,330000.0,33,10000.0,Cash,Cancelled
ORD-526259,BIZ-1042,1,2,2025-10-14,171000.0,18,9500.0,Bank Transfer,Cancelled
ORD-475691,BIZ-1042,3,2,2025-10-04,160000.0,16,10000.0,Cash,Delivered
ORD-317722,BIZ-1040,1,1,2025-10-29,171000.0,18,9500.0,POS,Delivered
ORD-585854,BIZ-1048,2,5,2025-10-14,10000.0,1,10000.0,Bank Transfer,Cancelled
ORD-225738,BIZ-1055,1,3,2025-10-08,360000.0,36,10000.0,POS,Pending
ORD-946826,BIZ-1016,3,5,2025-10-03,199500.0,21,9500.0,Bank Transfer,Cancelled
ORD-966529,BIZ-1052,2,4,2025-10-21,176400.0,18,9800.0,POS,Cancelled
ORD-732608,BIZ-1023,4,5,2025-10-22,361000.0,38,9500.0,POS,Cancelled
ORD-976530,BIZ-1012,4,2,2025-10-02,382200.0,39,9800.0,Cash,Pending
ORD-255528,BIZ-1033,1,1,2025-10-26,147000.0,14,10500.0,Bank Transfer,Cancelled
ORD-360276,BIZ-1015,1,3,2025-10-03,280000.0,28,10000.0,Bank Transfer,Pending
ORD-515492,BIZ-1027,1,2,2025-10-30,126000.0,12,10500.0,Bank Transfer,Cancelled
ORD-810078,BIZ-1047,2,4,2025-10-16,313600.0,32,9800.0,Cash,Delivered
ORD-959926,BIZ-1056,1,1,2025-10-09,126000.0,12,10500.0,Bank Transfer,Delivered
ORD-132591,BIZ-1024,4,3,2025-10-30,274400.0,28,9800.0,Bank Transfer,Cancelled
ORD-996114,BIZ-1029,3,1,2025-10-29,333200.0,34,9800.0,Cash,Pending
ORD-884417,BIZ-1010,3,4,2025-10-14,19000.0,2,9500.0,Bank Transfer,Delivered
ORD-199326,BIZ-1019,1,4,2025-10-17,60000.0,6,10000.0,Bank Transfer,Delivered
ORD-942946,BIZ-1037,3,2,2025-10-14,350000.0,35,10000.0,Bank Transfer,Pending
ORD-227352,BIZ-1060,1,5,2025-10-24,388500.0,37,10500.0,Cash,Pending
ORD-970708,BIZ-1043,3,5,2025-10-01,98000.0,10,9800.0,POS,Cancelled
ORD-333086,BIZ-1009,3,4,2025-10-24,76000.0,8,9500.0,POS,Pending
ORD-963684,BIZ-1053,1,4,2025-10-04,73500.0,7,10500.0,Bank Transfer,Delivered
ORD-819622,BIZ-1028,4,2,2025-10-13,157500.0,15,10500.0,Cash,Cancelled
ORD-776001,BIZ-1048,4,4,2025-10-19,186200.0,19,9800.0,Cash,Delivered
ORD-714590,BIZ-1024,3,5,2025-10-03,78400.0,8,9800.0,Cash,Delivered
ORD-952227,BIZ-1047,3,5,2025-10-08,400000.0,40,10000.0,Bank Transfer,Delivered
ORD-167603,BIZ-1010,1,3,2025-10-03,382200.0,39,9800.0,POS,Pending
ORD-777366,BIZ-1023,4,2,2025-10-06,382200.0,39,9800.0,POS,Cancelled
ORD-235047,BIZ-1013,2,4,2025-10-14,200000.0,20,10000.0,Cash,Pending
ORD-969642,BIZ-1018,3,4,2025-10-03,240000.0,24,10000.0,Bank Transfer,Cancelled
ORD-228479,BIZ-1003,1,3,2025-10-25,100000.0,10,10000.0,Cash,Cancelled
ORD-583388,BIZ-1043,3,3,2025-10-02,294500.0,31,9500.0,POS,Pending
ORD-701761,BIZ-1044,2,2,2025-10-02,95000.0,10,9500.0,Bank Transfer,Pending
ORD-859620,BIZ-1026,4,3,2025-10-13,230000.0,23,10000.0,Cash,Cancelled
ORD-130914,BIZ-1033,1,2,2025-10-12,270000.0,27,10000.0,Cash,Pending
ORD-547389,BIZ-1054,4,2,2025-10-12,378000.0,36,10500.0,Cash,Delivered
ORD-325146,BIZ-1058,1,4,2025-10-06,399000.0,38,10500.0,Bank Transfer,Pending
ORD-388339,BIZ-1039,3,5,2025-10-28,9800.0,1,9800.0,POS,Pending
ORD-255851,BIZ-1002,3,1,2025-10-09,85500.0,9,9500.0,Cash,Delivered
ORD-749253,BIZ-1053,1,3,2025-10-02,199500.0,19,10500.0,Bank Transfer,Delivered
ORD-778720,BIZ-1034,1,4,2025-10-19,142500.0,15,9500.0,POS,Cancelled
ORD-532005,BIZ-1017,3,3,2025-10-09,105000.0,10,10500.0,Cash,Delivered
ORD-602300,BIZ-1054,4,2,2025-10-27,66500.0,7,9500.0,Bank Transfer,Delivered
ORD-393366,BIZ-1041,3,2,2025-10-02,235200.0,24,9800.0,Bank Transfer,Delivered
ORD-539599,BIZ-1049,1,2,2025-10-12,388500.0,37,10500.0,Cash,Cancelled
ORD-935922,BIZ-1020,4,3,2025-10-06,90000.0,9,10000.0,POS,Pending
ORD-761393,BIZ-1051,2,4,2025-10-16,275500.0,29,9500.0,Bank Transfer,Delivered
ORD-670065,BIZ-1044,1,4,2025-10-30,29400.0,3,9800.0,Cash,Pending
ORD-501078,BIZ-1026,2,2,2025-10-24,300000.0,30,10000.0,Cash,Delivered
ORD-476556,BIZ-1041,4,2,2025-10-24,171000.0,18,10000.0,POS,Delivered
ORD-919394,BIZ-1049,1,3,2025-10-15,247000.0,26,9500.0,Bank Transfer,Cancelled
ORD-693128,BIZ-1048,4,1,2025-10-15,342000.0,36,9500.0,Cash,Cancelled
ORD-507247,BIZ-1034,1,4,2025-10-16,273000.0,26,10000.0,Cash,Cancelled
ORD-127329,BIZ-1009,2,4,2025-10-09,274400.0,28,9800.0,Bank Transfer,Delivered
ORD-329659,BIZ-1034,3,2,2025-10-10,240000.0,24,10000.0,Cash,Delivered
ORD-950069,BIZ-1015,3,2,2025-10-01,332500.0,35,9500.0,POS,Delivered
ORD-161437,BIZ-1052,1,4,2025-10-24,196000.0,20,9800.0,Bank Transfer,Pending
ORD-594596,BIZ-1051,4,4,2025-10-25,57000.0,6,9500.0,Bank Transfer,Pending
ORD-904092,BIZ-1031,3,5,2025-10-16,60000.0,6,10000.0,Cash,Pending
ORD-344068,BIZ-1045,2,3,2025-10-18,323400.0,33,9800.0,POS,Pending
ORD-204998,BIZ-1032,2,3,2025-10-30,85500.0,9,9500.0,POS,Cancelled
ORD-352867,BIZ-1056,3,3,2025-10-08,68600.0,7,9800.0,Cash,Cancelled
ORD-955937,BIZ-1042,1,2,2025-10-08,30000.0,3,10000.0,POS,Pending
ORD-872863,BIZ-1027,1,2,2025-10-24,57000.0,6,9500.0,POS,Cancelled
ORD-330069,BIZ-1051,2,3,2025-10-02,98000.0,10,9800.0,Bank Transfer,Pending
ORD-936124,BIZ-1040,4,4,2025-10-18,190000.0,19,10000.0,POS,Cancelled
ORD-979988,BIZ-1056,1,4,2025-10-12,245000.0,25,9800.0,Bank Transfer,Cancelled
ORD-282150,BIZ-1028,3,2,2025-10-30,304000.0,32,9500.0,Cash,Cancelled
ORD-721301,BIZ-1003,3,3,2025-10-06,63000.0,6,10500.0,Cash,Delivered
ORD-873959,BIZ-1042,3,5,2025-10-10,186200.0,19,9800.0,POS,Pending
ORD-720298,BIZ-1012,3,2,2025-10-21,218500.0,23,10000.0,POS,Pending
ORD-834591,BIZ-1027,2,3,2025-10-01,178500.0,17,10500.0,POS,Delivered
ORD-695225,BIZ-1009,3,5,2025-10-11,84000.0,8,10500.0,Cash,Pending
ORD-690462,BIZ-1050,4,1,2025-10-17,264600.0,27,9800.0,POS,Cancelled
ORD-977340,BIZ-1054,3,3,2025-10-29,210000.0,21,10000.0,POS,Pending
ORD-616137,BIZ-1052,3,2,2025-10-30,161500.0,17,9500.0,POS,Cancelled
ORD-284084,BIZ-1049,3,5,2025-10-17,9800.0,1,9800.0,Cash,Delivered
ORD-194641,BIZ-1015,3,2,2025-10-15,388500.0,37,10500.0,Cash,Pending
ORD-730889,BIZ-1001,4,3,2025-10-02,60000.0,6,10000.0,POS,Cancelled
ORD-652021,BIZ-1021,3,2,2025-10-07,285000.0,30,9500.0,POS,Delivered
ORD-447848,BIZ-1001,1,3,2025-10-15,273000.0,26,10500.0,Cash,Delivered
ORD-311250,BIZ-1013,4,2,2025-10-28,210000.0,21,10000.0,POS,Cancelled
ORD-457311,BIZ-1003,2,3,2025-10-25,294500.0,31,9500.0,Bank Transfer,Cancelled
ORD-941403,BIZ-1034,1,2,2025-10-22,105000.0,10,10500.0,Cash,Cancelled
ORD-439307,BIZ-1022,3,5,2025-10-26,31500.0,3,10500.0,Cash,Pending
ORD-254887,BIZ-1045,1,4,2025-10-02,133000.0,14,9500.0,POS,Pending
ORD-248533,BIZ-1040,1,4,2025-10-18,180000.0,18,10000.0,Bank Transfer,Delivered
ORD-987599,BIZ-1057,3,1,2025-10-24,189000.0,18,10500.0,POS,Pending
ORD-482614,BIZ-1024,2,2,2025-10-16,264600.0,27,10000.0,Bank Transfer,Delivered
ORD-491738,BIZ-1006,2,2,2025-10-29,280000.0,28,10000.0,Bank Transfer,Pending
ORD-794303,BIZ-1030,4,2,2025-10-22,283500.0,27,10500.0,POS,Pending
ORD-205939,BIZ-1054,3,2,2025-10-12,241500.0,23,10500.0,Bank Transfer,Cancelled
ORD-438273,BIZ-1037,2,5,2025-10-11,372400.0,38,9800.0,Bank Transfer,Delivered
ORD-265154,BIZ-1006,4,5,2025-10-05,294000.0,30,9800.0,Bank Transfer,Cancelled
ORD-558089,BIZ-1032,3,3,2025-10-22,270000.0,27,10000.0,Bank Transfer,Cancelled
ORD-610866,BIZ-1024,3,2,2025-10-24,275500.0,29,9500.0,POS,Delivered
ORD-282664,BIZ-1049,4,2,2025-10-20,264600.0,27,9800.0,Cash,Delivered
ORD-689275,BIZ-1045,2,5,2025-10-22,123500.0,13,9500.0,Bank Transfer,Pending
ORD-743520,BIZ-1035,4,3,2025-10-21,190000.0,20,9500.0,Cash,Pending
ORD-334081,BIZ-1056,4,5,2025-10-24,230000.0,23,10000.0,Bank Transfer,Delivered
ORD-954017,BIZ-1003,2,2,2025-10-20,315000.0,30,10500.0,POS,Cancelled
ORD-421727,BIZ-1030,4,5,2025-10-06,115500.0,11,10500.0,POS,Cancelled
ORD-408823,BIZ-1053,3,4,2025-10-23,280000.0,28,10000.0,Bank Transfer,Delivered
ORD-864234,BIZ-1000,3,3,2025-10-04,21000.0,2,10500.0,POS,Cancelled
ORD-836109,BIZ-1009,4,4,2025-10-01,332500.0,35,9500.0,POS,Pending
ORD-510623,BIZ-1007,1,3,2025-10-29,264600.0,27,9800.0,POS,Pending
ORD-908274,BIZ-1051,4,4,2025-10-26,78400.0,8,9800.0,Cash,Pending
ORD-133955,BIZ-1042,3,1,2025-10-29,283500.0,27,10500.0,Bank Transfer,Cancelled
ORD-433674,BIZ-1043,2,5,2025-10-06,190000.0,19,10000.0,Cash,Cancelled
ORD-741079,BIZ-1034,4,4,2025-10-28,152000.0,16,9500.0,Bank Transfer,Delivered
ORD-693022,BIZ-1010,2,1,2025-10-07,100000.0,10,10000.0,Bank Transfer,Cancelled
ORD-620287,BIZ-1014,4,2,2025-10-04,274400.0,28,10000.0,POS,Cancelled
ORD-881549,BIZ-1029,4,2,2025-10-05,247000.0,26,9500.0,POS,Pending
ORD-463656,BIZ-1017,2,2,2025-10-03,126000.0,12,10500.0,Cash,Delivered
ORD-276042,BIZ-1060,3,3,2025-10-30,68600.0,7,10000.0,POS,Pending
ORD-193035,BIZ-1009,2,2,2025-10-20,352800.0,36,9800.0,Bank Transfer,Delivered
ORD-802571,BIZ-1034,3,2,2025-10-25,21000.0,2,10500.0,Bank Transfer,Cancelled
ORD-452058,BIZ-1017,4,4,2025-10-20,332500.0,35,9500.0,POS,Cancelled
ORD-378095,BIZ-1036,2,2,2025-10-14,94500.0,9,10500.0,Bank Transfer,Cancelled
ORD-826847,BIZ-1026,1,2,2025-10-07,150000.0,15,10000.0,POS,Pending
ORD-369125,BIZ-1028,2,4,2025-10-03,161500.0,17,10000.0,Bank Transfer,Cancelled
ORD-855408,BIZ-1008,3,3,2025-10-24,19000.0,2,9500.0,POS,Delivered
ORD-504684,BIZ-1036,2,5,2025-10-01,68600.0,7,9800.0,Bank Transfer,Delivered
ORD-540038,BIZ-1045,2,2,2025-10-14,52500.0,5,10500.0,Cash,Delivered
ORD-534130,BIZ-1052,4,4,2025-10-30,304000.0,32,9500.0,Cash,Cancelled
ORD-497108,BIZ-1035,4,1,2025-10-15,49000.0,5,9800.0,Cash,Cancelled
ORD-493580,BIZ-1008,1,5,2025-10-11,284200.0,29,9800.0,Bank Transfer,Delivered
ORD-602780,BIZ-1050,3,1,2025-10-04,351500.0,37,9500.0,Cash,Pending
ORD-706135,BIZ-1007,1,5,2025-10-24,380000.0,40,9500.0,Bank Transfer,Delivered
ORD-820539,BIZ-1047,3,2,2025-10-20,370500.0,39,9500.0,Bank Transfer,Pending
ORD-573209,BIZ-1058,3,5,2025-10-07,78400.0,8,10000.0,Bank Transfer,Delivered
ORD-986846,BIZ-1036,2,5,2025-10-03,58800.0,6,9800.0,Cash,Delivered
ORD-121053,BIZ-1028,2,3,2025-10-02,60000.0,6,10000.0,POS,Pending
ORD-209812,BIZ-1009,1,5,2025-10-10,294000.0,28,10000.0,Bank Transfer,Delivered
ORD-278368,BIZ-1053,3,5,2025-10-03,189000.0,18,10500.0,Bank Transfer,Delivered
ORD-268720,BIZ-1016,4,3,2025-10-27,336000.0,32,10500.0,POS,Cancelled
ORD-673619,BIZ-1046,3,3,2025-10-22,180000.0,18,10000.0,Cash,Delivered
ORD-197627,BIZ-1008,2,4,2025-10-29,370000.0,37,10000.0,Cash,Delivered
ORD-743453,BIZ-1055,4,5,2025-10-11,30000.0,3,10000.0,POS,Cancelled
ORD-838726,BIZ-1052,4,4,2025-10-27,340000.0,34,10000.0,Bank Transfer,Delivered
ORD-785386,BIZ-1060,1,5,2025-10-01,220500.0,21,10500.0,Bank Transfer,Delivered
ORD-555292,BIZ-1033,2,2,2025-10-05,140000.0,14,10000.0,Cash,Delivered
ORD-206176,BIZ-1010,3,5,2025-10-05,10000.0,1,10000.0,Bank Transfer,Pending
ORD-299212,BIZ-1044,1,4,2025-10-10,370000.0,37,10000.0,Cash,Pending
ORD-681028,BIZ-1005,1,4,2025-10-13,382200.0,39,9800.0,POS,Pending
ORD-865433,BIZ-1003,4,3,2025-10-22,370500.0,39,9500.0,Cash,Pending
ORD-792687,BIZ-1004,3,3,2025-10-17,127400.0,13,9800.0,Cash,Delivered
ORD-349087,BIZ-1037,3,4,2025-10-09,189000.0,18,10500.0,Cash,Delivered
ORD-511987,BIZ-1009,4,2,2025-10-03,390000.0,39,10000.0,POS,Delivered
ORD-980651,BIZ-1006,3,3,2025-10-18,180500.0,19,9500.0,Cash,Delivered
ORD-157152,BIZ-1033,3,5,2025-10-15,247000.0,26,10000.0,POS,Delivered
ORD-548377,BIZ-1054,3,3,2025-10-11,52500.0,5,10500.0,POS,Pending
ORD-963918,BIZ-1035,2,3,2025-10-03,180000.0,18,10000.0,Bank Transfer,Cancelled
ORD-729371,BIZ-1027,3,3,2025-10-20,220500.0,21,10000.0,Cash,Cancelled
ORD-201698,BIZ-1043,3,5,2025-10-15,315000.0,30,10500.0,POS,Delivered
ORD-279130,BIZ-1059,3,4,2025-10-01,19600.0,2,9800.0,Bank Transfer,Delivered
ORD-185916,BIZ-1034,1,2,2025-10-20,220500.0,21,10500.0,Bank Transfer,Delivered
ORD-221119,BIZ-1049,3,5,2025-10-15,228000.0,24,9500.0,Bank Transfer,Delivered
ORD-516774,BIZ-1054,3,5,2025-10-10,40000.0,4,10000.0,Cash,Cancelled
ORD-793150,BIZ-1041,2,2,2025-10-15,420000.0,40,10500.0,Bank Transfer,Cancelled
ORD-773045,BIZ-1052,1,1,2025-10-08,285000.0,30,9500.0,Bank Transfer,Cancelled
ORD-293862,BIZ-1046,3,2,2025-10-17,283500.0,27,10500.0,POS,Pending
ORD-499974,BIZ-1024,2,3,2025-10-12,320000.0,32,10000.0,Bank Transfer,Delivered
ORD-567429,BIZ-1020,3,5,2025-10-12,170000.0,17,10000.0,POS,Delivered
ORD-561101,BIZ-1038,3,3,2025-10-02,133000.0,14,9500.0,Bank Transfer,Delivered
ORD-337232,BIZ-1020,4,3,2025-10-14,9800.0,1,9800.0,Bank Transfer,Pending
ORD-691655,BIZ-1018,1,1,2025-10-26,70000.0,7,10000.0,Cash,Cancelled
ORD-888775,BIZ-1024,3,2,2025-10-02,294000.0,30,9800.0,Bank Transfer,Pending
ORD-201400,BIZ-1050,1,3,2025-10-21,262500.0,25,10500.0,Bank Transfer,Delivered
ORD-460491,BIZ-1031,1,5,2025-10-03,189000.0,18,10500.0,POS,Cancelled
ORD-534096,BIZ-1050,4,4,2025-10-25,68600.0,7,10000.0,POS,Delivered
ORD-718372,BIZ-1017,4,2,2025-10-30,152000.0,16,9500.0,Cash,Delivered
ORD-163946,BIZ-1040,2,5,2025-10-07,325500.0,31,10500.0,Bank Transfer,Cancelled
ORD-958160,BIZ-1032,4,2,2025-10-26,60000.0,6,10000.0,Bank Transfer,Pending
ORD-661527,BIZ-1004,2,4,2025-10-16,346500.0,33,10500.0,Cash,Pending
ORD-597889,BIZ-1012,3,1,2025-10-21,228000.0,24,9500.0,POS,Pending
ORD-347088,BIZ-1055,1,3,2025-10-18,130000.0,13,10000.0,Bank Transfer,Cancelled
ORD-182790,BIZ-1054,4,4,2025-10-15,189000.0,18,10500.0,POS,Delivered
ORD-995420,BIZ-1041,1,4,2025-10-12,152000.0,16,9500.0,Bank Transfer,Delivered
ORD-626491,BIZ-1060,1,4,2025-10-22,370000.0,37,10000.0,POS,Delivered
ORD-641922,BIZ-1040,4,3,2025-10-18,176400.0,18,9800.0,Cash,Delivered
ORD-810446,BIZ-1051,4,2,2025-10-25,150000.0,15,10000.0,Bank Transfer,Delivered
ORD-254610,BIZ-1052,2,4,2025-10-30,230000.0,23,10000.0,Bank Transfer,Delivered
ORD-893969,BIZ-1044,2,2,2025-10-04,346500.0,33,10500.0,Bank Transfer,Pending
ORD-275284,BIZ-1051,1,5,2025-10-14,49000.0,5,9800.0,Cash,Delivered
ORD-947732,BIZ-1038,4,5,2025-10-30,10500.0,1,10000.0,Bank Transfer,Delivered
ORD-144748,BIZ-1000,1,1,2025-10-06,161500.0,17,10000.0,POS,Pending
ORD-816308,BIZ-1021,4,2,2025-10-13,294500.0,31,9500.0,Cash,Delivered
ORD-962520,BIZ-1015,2,2,2025-10-14,28500.0,3,9500.0,POS,Cancelled
ORD-974625,BIZ-1048,3,4,2025-10-19,107800.0,11,9800.0,Cash,Cancelled
ORD-435281,BIZ-1025,4,5,2025-10-18,231000.0,22,10500.0,POS,Pending
ORD-946561,BIZ-1032,2,3,2025-10-28,320000.0,32,10000.0,Bank Transfer,Pending
ORD-506951,BIZ-1047,4,4,2025-10-03,200000.0,20,10000.0,Cash,Cancelled
ORD-678870,BIZ-1015,1,3,2025-10-17,323000.0,34,9500.0,Bank Transfer,Cancelled
ORD-389617,BIZ-1058,4,4,2025-10-10,100000.0,10,10000.0,Bank Transfer,Cancelled
ORD-112964,BIZ-1018,1,4,2025-10-16,280000.0,28,10000.0,Bank Transfer,Pending
ORD-753323,BIZ-1040,4,2,2025-10-24,70000.0,7,10000.0,Cash,Cancelled
ORD-919656,BIZ-1028,4,3,2025-10-18,230000.0,23,10000.0,Cash,Pending
ORD-534574,BIZ-1008,2,4,2025-10-13,123500.0,13,9500.0,Cash,Pending
ORD-694116,BIZ-1010,2,4,2025-10-05,370000.0,37,10000.0,Bank Transfer,Pending
ORD-895216,BIZ-1043,1,5,2025-10-18,105000.0,10,10500.0,POS,Cancelled
ORD-205071,BIZ-1016,4,5,2025-10-29,110000.0,11,10000.0,Bank Transfer,Pending
ORD-690016,BIZ-1050,3,2,2025-10-28,10500.0,1,10500.0,Cash,Cancelled
ORD-923914,BIZ-1029,4,5,2025-10-24,76000.0,8,9500.0,Bank Transfer,Pending
ORD-661652,BIZ-1045,3,5,2025-10-09,218500.0,23,9500.0,Bank Transfer,Pending
ORD-530849,BIZ-1055,3,5,2025-10-27,186200.0,19,9800.0,Bank Transfer,Cancelled
ORD-786594,BIZ-1031,3,5,2025-10-08,136500.0,13,10500.0,Bank Transfer,Delivered
ORD-738543,BIZ-1020,1,3,2025-10-15,310000.0,31,10000.0,Cash,Pending
ORD-280564,BIZ-1061,2,5,2025-10-15,70000.0,7,10000.0,Bank Transfer,Cancelled
ORD-250840,BIZ-1010,1,2,2025-10-09,280000.0,28,10000.0,Cash,Delivered
ORD-813884,BIZ-1041,2,5,2025-10-19,264600.0,27,9800.0,Bank Transfer,Pending
ORD-140666,BIZ-1003,1,3,2025-10-21,388500.0,37,10500.0,Cash,Delivered
ORD-447596,BIZ-1007,2,5,2025-10-12,94500.0,9,10500.0,Cash,Pending
ORD-151685,BIZ-1054,4,3,2025-10-21,294000.0,28,10500.0,Cash,Delivered
ORD-381631,BIZ-1032,4,4,2025-10-23,342000.0,36,9500.0,Bank Transfer,Cancelled
ORD-121215,BIZ-1035,2,2,2025-10-27,196000.0,20,9800.0,POS,Cancelled
ORD-932204,BIZ-1011,3,3,2025-10-11,370000.0,37,10000.0,Bank Transfer,Pending
ORD-393964,BIZ-1054,4,4,2025-10-10,10500.0,1,10500.0,Bank Transfer,Delivered
ORD-999924,BIZ-1003,2,4,2025-10-26,171000.0,18,9500.0,Cash,Cancelled
ORD-202988,BIZ-1000,3,4,2025-10-21,310000.0,31,10000.0,POS,Cancelled
ORD-339030,BIZ-1003,1,2,2025-10-30,313500.0,33,9500.0,POS,Cancelled
ORD-879850,BIZ-1055,1,2,2025-10-05,313600.0,32,9800.0,Cash,Cancelled
ORD-965938,BIZ-1014,4,2,2025-10-14,190000.0,20,9500.0,Bank Transfer,Delivered
ORD-864201,BIZ-1001,3,4,2025-10-10,9800.0,1,9800.0,Bank Transfer,Delivered
ORD-776913,BIZ-1014,3,3,2025-10-13,73500.0,7,10500.0,Cash,Delivered
ORD-563173,BIZ-1044,4,3,2025-10-03,80000.0,8,10000.0,Bank Transfer,Delivered
ORD-963994,BIZ-1042,4,4,2025-10-07,350000.0,35,10000.0,Cash,Delivered
ORD-607993,BIZ-1002,1,2,2025-10-13,19600.0,2,9800.0,Bank Transfer,Cancelled
ORD-492073,BIZ-1012,4,3,2025-10-23,343000.0,35,9800.0,Cash,Pending
ORD-640299,BIZ-1008,2,5,2025-10-25,73500.0,7,10500.0,Cash,Pending
ORD-168804,BIZ-1001,4,3,2025-10-24,73500.0,7,10500.0,Bank Transfer,Delivered
ORD-631413,BIZ-1036,3,1,2025-10-10,199500.0,19,10500.0,Bank Transfer,Cancelled
ORD-918430,BIZ-1004,4,4,2025-10-13,190000.0,20,9500.0,Cash,Delivered
ORD-696296,BIZ-1022,2,4,2025-10-26,315000.0,30,10500.0,Bank Transfer,Pending
ORD-302127,BIZ-1001,2,3,2025-10-01,323400.0,33,9800.0,POS,Delivered
ORD-310477,BIZ-1013,2,1,2025-10-27,117600.0,12,9800.0,Cash,Cancelled
ORD-361609,BIZ-1001,2,3,2025-10-26,90000.0,9,10000.0,Bank Transfer,Cancelled
ORD-153015,BIZ-1001,4,2,2025-10-01,325500.0,31,10500.0,POS,Cancelled
ORD-838862,BIZ-1029,1,5,2025-10-28,330000.0,33,10000.0,POS,Cancelled
ORD-486244,BIZ-1001,3,4,2025-10-06,241500.0,23,10500.0,Bank Transfer,Cancelled
ORD-629663,BIZ-1048,3,1,2025-10-25,107800.0,11,9800.0,Cash,Cancelled
ORD-229890,BIZ-1040,1,2,2025-10-12,310000.0,31,10000.0,Bank Transfer,Delivered
ORD-490559,BIZ-1020,3,4,2025-10-21,262500.0,25,10500.0,POS,Pending
ORD-567773,BIZ-1061,3,3,2025-10-15,76000.0,8,9500.0,Cash,Cancelled
ORD-597635,BIZ-1041,2,4,2025-10-06,19600.0,2,9800.0,POS,Pending
ORD-466749,BIZ-1025,1,2,2025-10-18,245000.0,25,9800.0,Cash,Pending
ORD-978343,BIZ-1035,1,2,2025-10-11,290000.0,29,10000.0,POS,Delivered
ORD-885342,BIZ-1044,3,4,2025-10-27,274400.0,28,9800.0,POS,Cancelled
ORD-194782,BIZ-1020,3,2,2025-10-25,68600.0,7,9800.0,Bank Transfer,Pending
ORD-505343,BIZ-1002,2,2,2025-10-09,256500.0,27,9500.0,POS,Cancelled
ORD-995296,BIZ-1017,1,2,2025-10-02,357000.0,34,10500.0,POS,Pending
ORD-324729,BIZ-1030,2,2,2025-10-18,330000.0,33,10000.0,Bank Transfer,Pending
ORD-778827,BIZ-1046,3,4,2025-10-26,294000.0,28,10500.0,Bank Transfer,Cancelled
ORD-316773,BIZ-1036,3,3,2025-10-07,190000.0,20,9500.0,Bank Transfer,Delivered
ORD-529399,BIZ-1034,3,2,2025-10-09,390000.0,39,10000.0,Cash,Pending
ORD-918207,BIZ-1036,3,2,2025-10-16,250000.0,25,10000.0,Cash,Delivered
ORD-815338,BIZ-1030,2,3,2025-10-30,343000.0,35,9800.0,POS,Delivered
ORD-238741,BIZ-1029,4,5,2025-10-01,332500.0,35,9500.0,POS,Delivered
ORD-730343,BIZ-1034,4,5,2025-10-20,30000.0,3,10000.0,Bank Transfer,Pending
ORD-334639,BIZ-1061,1,1,2025-10-25,39200.0,4,9800.0,POS,Delivered
ORD-944193,BIZ-1021,3,4,2025-10-08,168000.0,16,10500.0,Cash,Delivered
ORD-847362,BIZ-1013,4,2,2025-10-29,256500.0,27,9500.0,Cash,Cancelled
ORD-773962,BIZ-1030,3,3,2025-10-30,28500.0,3,9500.0,POS,Delivered
ORD-494763,BIZ-1014,4,1,2025-10-09,241500.0,23,10500.0,Bank Transfer,Delivered
ORD-581294,BIZ-1056,1,3,2025-10-26,38000.0,4,9500.0,POS,Cancelled
ORD-589368,BIZ-1022,3,3,2025-10-08,21000.0,2,10500.0,Cash,Cancelled
ORD-645928,BIZ-1056,4,2,2025-10-10,94500.0,9,10500.0,Bank Transfer,Pending
ORD-516444,BIZ-1046,2,2,2025-10-25,80000.0,8,10000.0,Cash,Pending
ORD-107704,BIZ-1040,1,1,2025-10-18,39200.0,4,9800.0,POS,Delivered
ORD-794530,BIZ-1049,3,4,2025-10-16,157500.0,15,10500.0,POS,Delivered
ORD-980152,BIZ-1060,3,2,2025-10-29,38000.0,4,9500.0,Cash,Delivered
ORD-778787,BIZ-1033,2,5,2025-10-12,180500.0,19,10000.0,POS,Cancelled
ORD-396408,BIZ-1055,1,3,2025-10-18,160000.0,16,10000.0,Cash,Cancelled
ORD-213355,BIZ-1050,3,5,2025-10-09,76000.0,8,9500.0,POS,Delivered
ORD-452618,BIZ-1050,1,3,2025-10-15,320000.0,32,10000.0,POS,Pending
ORD-771712,BIZ-1015,1,5,2025-10-30,240000.0,24,10000.0,Cash,Cancelled
ORD-390334,BIZ-1051,3,5,2025-10-10,332500.0,35,9500.0,Cash,Cancelled
ORD-845635,BIZ-1015,2,4,2025-10-08,420000.0,40,10500.0,Bank Transfer,Delivered
ORD-783112,BIZ-1059,2,2,2025-10-29,333200.0,34,9800.0,Bank Transfer,Pending
ORD-257212,BIZ-1009,1,3,2025-10-09,95000.0,10,9500.0,POS,Pending
ORD-351974,BIZ-1045,4,4,2025-10-16,76000.0,8,9500.0,Cash,Pending
ORD-944554,BIZ-1032,2,4,2025-10-27,399000.0,38,10500.0,Bank Transfer,Pending
ORD-949376,BIZ-1021,4,4,2025-10-26,420000.0,40,10500.0,Cash,Pending
ORD-792616,BIZ-1037,1,1,2025-10-19,275500.0,29,9500.0,Cash,Delivered
ORD-246726,BIZ-1024,2,4,2025-10-10,266000.0,28,9500.0,POS,Pending
ORD-787237,BIZ-1053,2,2,2025-10-22,20000.0,2,10000.0,Bank Transfer,Pending
ORD-409963,BIZ-1033,4,4,2025-10-15,420000.0,40,10500.0,Bank Transfer,Cancelled
ORD-538897,BIZ-1011,4,3,2025-10-08,250000.0,25,10000.0,POS,Cancelled
ORD-872519,BIZ-1058,1,3,2025-10-13,370000.0,37,10000.0,Cash,Cancelled
ORD-842464,BIZ-1027,3,5,2025-10-02,156800.0,16,9800.0,POS,Pending
ORD-955653,BIZ-1051,2,5,2025-10-30,58800.0,6,9800.0,POS,Pending
ORD-861842,BIZ-1020,2,1,2025-10-06,30000.0,3,10000.0,POS,Pending
ORD-819656,BIZ-1013,3,5,2025-10-22,370500.0,39,10000.0,POS,Cancelled
ORD-923024,BIZ-1037,1,3,2025-10-17,210000.0,21,10000.0,Cash,Delivered
ORD-804505,BIZ-1001,4,4,2025-10-15,275500.0,29,9500.0,Cash,Pending
ORD-414777,BIZ-1034,4,4,2025-10-11,352800.0,36,9800.0,POS,Delivered
ORD-981473,BIZ-1060,3,3,2025-10-26,180000.0,18,10000.0,Bank Transfer,Pending
ORD-685365,BIZ-1000,4,2,2025-10-20,180000.0,18,10000.0,Bank Transfer,Cancelled
ORD-202344,BIZ-1000,3,2,2025-10-06,117600.0,12,9800.0,Bank Transfer,Cancelled
ORD-876909,BIZ-1030,4,5,2025-10-15,29400.0,3,9800.0,Bank Transfer,Cancelled
ORD-947609,BIZ-1017,2,5,2025-10-08,142500.0,15,10000.0,Bank Transfer,Cancelled
ORD-291961,BIZ-1052,1,5,2025-10-17,218500.0,23,9500.0,Bank Transfer,Delivered
ORD-451936,BIZ-1053,3,4,2025-10-29,346500.0,33,10500.0,Bank Transfer,Delivered
ORD-333049,BIZ-1031,4,1,2025-10-20,210000.0,21,10000.0,POS,Pending
ORD-880360,BIZ-1057,3,5,2025-10-11,186200.0,19,9800.0,POS,Pending
ORD-540897,BIZ-1042,2,3,2025-10-27,231000.0,22,10500.0,Cash,Cancelled
ORD-447411,BIZ-1041,2,4,2025-10-24,19600.0,2,9800.0,Cash,Delivered
ORD-714015,BIZ-1056,3,2,2025-10-12,361000.0,38,9500.0,Cash,Cancelled
ORD-992562,BIZ-1008,1,3,2025-10-09,330000.0,33,10000.0,POS,Delivered
ORD-156284,BIZ-1028,3,4,2025-10-04,105000.0,10,10500.0,Bank Transfer,Cancelled
ORD-711922,BIZ-1036,3,4,2025-10-26,346500.0,33,10500.0,POS,Pending
ORD-750803,BIZ-1037,2,5,2025-10-18,357000.0,34,10500.0,Bank Transfer,Cancelled
ORD-303993,BIZ-1033,2,2,2025-10-03,186200.0,19,9800.0,Cash,Delivered
ORD-813763,BIZ-1059,3,2,2025-10-16,300000.0,30,10000.0,Cash,Cancelled
ORD-412848,BIZ-1032,3,5,2025-10-12,270000.0,27,10000.0,POS,Cancelled
ORD-995735,BIZ-1006,4,2,2025-10-13,50000.0,5,10000.0,Cash,Pending
ORD-310026,BIZ-1017,1,3,2025-10-05,147000.0,15,9800.0,POS,Cancelled
ORD-697062,BIZ-1058,2,5,2025-10-11,90000.0,9,10000.0,Cash,Delivered
ORD-579798,BIZ-1033,4,2,2025-10-27,63000.0,6,10500.0,POS,Pending
ORD-850432,BIZ-1040,4,4,2025-10-05,127400.0,13,9800.0,Bank Transfer,Delivered
ORD-184736,BIZ-1055,4,4,2025-10-06,270000.0,27,10000.0,Bank Transfer,Delivered
ORD-761685,BIZ-1057,1,4,2025-10-15,266000.0,28,9500.0,Bank Transfer,Cancelled
ORD-428638,BIZ-1002,4,5,2025-10-30,357000.0,34,10500.0,Bank Transfer,Pending
ORD-104942,BIZ-1060,2,4,2025-10-20,352800.0,36,9800.0,Cash,Pending
ORD-319553,BIZ-1017,3,4,2025-10-14,361000.0,38,9500.0,POS,Pending
ORD-276795,BIZ-1058,4,3,2025-10-23,304500.0,29,10500.0,Cash,Pending
ORD-266131,BIZ-1020,3,2,2025-10-18,88200.0,9,10000.0,Bank Transfer,Cancelled
ORD-900660,BIZ-1008,4,3,2025-10-15,380000.0,38,10000.0,Cash,Pending
ORD-235691,BIZ-1006,3,2,2025-10-24,120000.0,12,10000.0,Cash,Pending
ORD-764259,BIZ-1054,4,1,2025-10-19,209000.0,22,9500.0,Cash,Pending
ORD-549865,BIZ-1056,1,1,2025-10-13,205800.0,21,9800.0,POS,Cancelled
ORD-501936,BIZ-1006,2,5,2025-10-29,147000.0,14,10500.0,Bank Transfer,Pending
ORD-659711,BIZ-1032,3,5,2025-10-01,186200.0,19,9800.0,Cash,Pending
ORD-491225,BIZ-1037,1,5,2025-10-06,284200.0,29,9800.0,Cash,Cancelled
ORD-437864,BIZ-1026,2,2,2025-10-29,68600.0,7,9800.0,Bank Transfer,Delivered
ORD-656829,BIZ-1043,3,4,2025-10-23,352800.0,36,9800.0,POS,Cancelled
ORD-809621,BIZ-1015,4,4,2025-10-06,123500.0,13,9500.0,Cash,Delivered
ORD-869238,BIZ-1021,4,2,2025-10-01,199500.0,19,10500.0,Cash,Pending
ORD-827213,BIZ-1057,4,3,2025-10-08,76000.0,8,9500.0,Cash,Pending
ORD-427252,BIZ-1059,2,4,2025-10-27,58800.0,6,9800.0,Cash,Delivered
ORD-502181,BIZ-1050,2,2,2025-10-04,142500.0,15,9500.0,POS,Pending
ORD-420984,BIZ-1042,3,5,2025-10-16,189000.0,18,10500.0,Bank Transfer,Pending
ORD-963862,BIZ-1040,1,4,2025-10-06,70000.0,7,10000.0,POS,Cancelled
ORD-404955,BIZ-1031,1,1,2025-10-02,9800.0,1,9800.0,Bank Transfer,Cancelled
ORD-645561,BIZ-1030,4,2,2025-10-14,130000.0,13,10000.0,Cash,Delivered
ORD-454245,BIZ-1030,1,2,2025-10-18,320000.0,32,10000.0,POS,Delivered
ORD-820141,BIZ-1014,3,3,2025-10-14,333200.0,34,9800.0,Bank Transfer,Pending
ORD-459381,BIZ-1053,1,4,2025-10-30,352800.0,36,9800.0,Cash,Cancelled
ORD-613989,BIZ-1029,1,5,2025-10-30,178500.0,17,10500.0,Cash,Cancelled
ORD-297579,BIZ-1058,1,5,2025-10-11,120000.0,12,10000.0,POS,Pending
ORD-951452,BIZ-1006,2,3,2025-10-05,336000.0,32,10500.0,Cash,Delivered
ORD-339513,BIZ-1051,2,3,2025-10-13,142500.0,15,9500.0,Cash,Pending
ORD-237579,BIZ-1055,3,2,2025-10-07,168000.0,16,10500.0,Cash,Pending
ORD-122977,BIZ-1022,4,2,2025-10-07,80000.0,8,10000.0,Cash,Pending
ORD-277193,BIZ-1049,1,4,2025-10-18,409500.0,39,10500.0,Cash,Pending
ORD-845652,BIZ-1053,4,4,2025-10-04,323400.0,33,9800.0,POS,Pending
ORD-139178,BIZ-1004,4,3,2025-10-20,170000.0,17,10000.0,Cash,Pending
ORD-771425,BIZ-1028,3,5,2025-10-12,260000.0,26,10000.0,Cash,Cancelled
ORD-660708,BIZ-1009,3,5,2025-10-08,150000.0,15,10000.0,Cash,Pending
ORD-722774,BIZ-1006,1,4,2025-10-19,147000.0,15,9800.0,POS,Cancelled
ORD-794125,BIZ-1028,3,4,2025-10-30,215600.0,22,9800.0,Cash,Delivered
ORD-976735,BIZ-1044,3,4,2025-10-04,220000.0,22,10000.0,POS,Delivered
ORD-823255,BIZ-1052,1,3,2025-10-01,235200.0,24,9800.0,POS,Delivered
ORD-565897,BIZ-1005,2,5,2025-10-04,186200.0,19,9800.0,Cash,Delivered
ORD-673867,BIZ-1004,3,4,2025-10-12,352800.0,36,9800.0,Bank Transfer,Cancelled
ORD-835962,BIZ-1033,4,1,2025-10-08,73500.0,7,10500.0,Bank Transfer,Pending
ORD-828961,BIZ-1032,1,2,2025-10-05,190000.0,20,9500.0,Bank Transfer,Pending
ORD-109756,BIZ-1005,4,2,2025-10-21,84000.0,8,10500.0,POS,Pending
ORD-793805,BIZ-1000,3,3,2025-10-10,57000.0,6,9500.0,Bank Transfer,Delivered
ORD-645583,BIZ-1025,3,3,2025-10-04,343000.0,35,9800.0,Bank Transfer,Cancelled
ORD-735053,BIZ-1033,4,4,2025-10-09,200000.0,20,10000.0,Cash,Pending
ORD-539170,BIZ-1058,3,5,2025-10-22,294000.0,30,9800.0,POS,Cancelled
ORD-210010,BIZ-1022,2,3,2025-10-25,325500.0,31,10500.0,Bank Transfer,Delivered
ORD-747703,BIZ-1015,4,5,2025-10-16,270000.0,27,10000.0,POS,Cancelled
ORD-219550,BIZ-1044,4,4,2025-10-04,323400.0,33,9800.0,Cash,Cancelled
ORD-621917,BIZ-1027,3,3,2025-10-24,260000.0,26,10000.0,Bank Transfer,Cancelled
ORD-309452,BIZ-1031,1,3,2025-10-06,21000.0,2,10500.0,Cash,Pending
ORD-971889,BIZ-1013,2,1,2025-10-24,351500.0,37,9500.0,Bank Transfer,Cancelled
ORD-311469,BIZ-1057,1,2,2025-10-16,57000.0,6,9500.0,Cash,Cancelled
ORD-529660,BIZ-1051,1,3,2025-10-11,152000.0,16,9500.0,POS,Pending
ORD-141319,BIZ-1008,3,1,2025-10-09,333200.0,34,9800.0,Cash,Pending
ORD-317782,BIZ-1027,1,4,2025-10-17,200000.0,20,10000.0,Cash,Cancelled
ORD-604012,BIZ-1052,3,5,2025-10-21,388500.0,37,10500.0,POS,Delivered
ORD-102871,BIZ-1047,4,5,2025-10-10,378000.0,36,10500.0,POS,Delivered
ORD-193326,BIZ-1042,4,4,2025-10-01,220500.0,21,10500.0,Bank Transfer,Pending
ORD-975804,BIZ-1004,1,4,2025-10-28,52500.0,5,10500.0,Bank Transfer,Cancelled
ORD-618105,BIZ-1018,1,3,2025-10-18,78400.0,8,9800.0,Bank Transfer,Delivered
ORD-194458,BIZ-1018,1,3,2025-10-05,294000.0,28,10500.0,Bank Transfer,Cancelled
ORD-178693,BIZ-1014,4,4,2025-10-24,378000.0,36,10500.0,Cash,Delivered
ORD-206210,BIZ-1049,2,5,2025-10-22,280000.0,28,10000.0,POS,Pending
ORD-775636,BIZ-1025,1,1,2025-10-28,362600.0,37,9800.0,POS,Cancelled
ORD-410401,BIZ-1037,2,3,2025-10-07,140000.0,14,10000.0,Cash,Delivered
ORD-152512,BIZ-1013,1,3,2025-10-08,215600.0,22,10000.0,Bank Transfer,Pending
ORD-283188,BIZ-1031,1,3,2025-10-03,264600.0,27,9800.0,Bank Transfer,Delivered
ORD-993647,BIZ-1048,1,4,2025-10-27,196000.0,20,9800.0,POS,Pending
ORD-940534,BIZ-1042,3,3,2025-10-09,209000.0,22,9500.0,POS,Delivered
ORD-546688,BIZ-1037,1,5,2025-10-21,50000.0,5,10000.0,POS,Delivered
ORD-199613,BIZ-1046,2,3,2025-10-23,130000.0,13,10000.0,POS,Cancelled
ORD-148118,BIZ-1044,4,1,2025-10-26,200000.0,20,10000.0,POS,Cancelled
ORD-245117,BIZ-1049,1,4,2025-10-01,123500.0,13,9500.0,POS,Delivered
ORD-278795,BIZ-1030,2,4,2025-10-20,176400.0,18,9800.0,Bank Transfer,Cancelled
ORD-558976,BIZ-1041,2,5,2025-10-10,399000.0,38,10500.0,POS,Cancelled
ORD-381342,BIZ-1058,1,4,2025-10-29,303800.0,31,9800.0,Bank Transfer,Delivered
ORD-197466,BIZ-1003,1,2,2025-10-27,58800.0,6,9800.0,Cash,Delivered
ORD-459370,BIZ-1020,3,2,2025-10-12,199500.0,21,10000.0,POS,Pending
ORD-520245,BIZ-1042,2,5,2025-10-06,294000.0,28,10500.0,POS,Delivered
ORD-578715,BIZ-1001,4,3,2025-10-13,168000.0,16,10500.0,POS,Pending
ORD-504452,BIZ-1046,2,4,2025-10-09,230000.0,23,10000.0,POS,Delivered
ORD-601476,BIZ-1046,1,3,2025-10-21,110000.0,11,10000.0,POS,Pending
ORD-780364,BIZ-1036,3,3,2025-10-24,320000.0,32,10000.0,POS,Pending
ORD-274880,BIZ-1040,2,3,2025-10-27,114000.0,12,9500.0,POS,Pending
ORD-829987,BIZ-1051,1,3,2025-10-04,274400.0,28,9800.0,Cash,Delivered
ORD-985364,BIZ-1007,4,1,2025-10-22,9800.0,1,9800.0,POS,Delivered
ORD-536236,BIZ-1027,2,4,2025-10-05,10000.0,1,10000.0,Cash,Pending
ORD-606121,BIZ-1043,2,4,2025-10-28,313500.0,33,9500.0,POS,Pending
ORD-811346,BIZ-1003,3,5,2025-10-25,325500.0,31,10500.0,Cash,Cancelled
ORD-741018,BIZ-1047,4,3,2025-10-14,38000.0,4,9500.0,Cash,Delivered
ORD-476018,BIZ-1048,3,5,2025-10-12,294500.0,31,9500.0,Bank Transfer,Cancelled
ORD-817712,BIZ-1015,1,4,2025-10-19,98000.0,10,10000.0,Cash,Delivered
ORD-862606,BIZ-1009,3,5,2025-10-27,42000.0,4,10500.0,Bank Transfer,Cancelled
ORD-237002,BIZ-1012,3,5,2025-10-30,176400.0,18,9800.0,POS,Pending
ORD-611833,BIZ-1050,3,3,2025-10-15,110000.0,11,10000.0,Cash,Cancelled
ORD-531262,BIZ-1021,1,2,2025-10-04,38000.0,4,9500.0,POS,Pending
ORD-166412,BIZ-1022,4,4,2025-10-14,58800.0,6,9800.0,Cash,Cancelled
ORD-429502,BIZ-1025,1,4,2025-10-08,136500.0,13,10500.0,Cash,Pending
ORD-810859,BIZ-1010,3,5,2025-10-01,360000.0,36,10000.0,Cash,Cancelled
ORD-879746,BIZ-1055,3,4,2025-10-16,63000.0,6,10500.0,Bank Transfer,Delivered
ORD-692458,BIZ-1010,2,4,2025-10-18,58800.0,6,9800.0,Bank Transfer,Delivered
ORD-802382,BIZ-1008,4,4,2025-10-07,140000.0,14,10000.0,POS,Delivered
ORD-644315,BIZ-1042,1,1,2025-10-27,196000.0,20,9800.0,Bank Transfer,Pending
ORD-834611,BIZ-1035,2,2,2025-10-16,186200.0,19,9800.0,POS,Pending
ORD-553873,BIZ-1059,1,5,2025-10-19,264600.0,27,9800.0,Bank Transfer,Delivered
ORD-360651,BIZ-1060,4,1,2025-10-20,190000.0,19,10000.0,Bank Transfer,Pending
ORD-795951,BIZ-1045,2,3,2025-10-15,230000.0,23,10000.0,POS,Cancelled
ORD-503572,BIZ-1038,4,2,2025-10-21,104500.0,11,9500.0,POS,Cancelled
ORD-966582,BIZ-1017,2,5,2025-10-05,147000.0,14,10000.0,Bank Transfer,Pending
ORD-742686,BIZ-1039,3,1,2025-10-17,330000.0,33,10000.0,Cash,Delivered
ORD-774652,BIZ-1002,3,4,2025-10-02,300000.0,30,10000.0,POS,Cancelled
ORD-630126,BIZ-1012,1,3,2025-10-29,126000.0,12,10500.0,POS,Pending
ORD-993251,BIZ-1004,3,5,2025-10-26,252000.0,24,10500.0,POS,Delivered
ORD-273438,BIZ-1010,1,3,2025-10-15,218500.0,23,9500.0,Cash,Pending
ORD-615530,BIZ-1020,1,5,2025-10-03,209000.0,22,9500.0,Cash,Delivered
ORD-446968,BIZ-1035,3,3,2025-10-10,294000.0,30,9800.0,POS,Pending
ORD-152796,BIZ-1008,4,3,2025-10-30,399000.0,38,10000.0,Bank Transfer,Pending
ORD-677236,BIZ-1034,4,3,2025-10-16,240000.0,24,10000.0,Cash,Delivered
ORD-522866,BIZ-1018,4,3,2025-10-20,142500.0,15,9500.0,Cash,Cancelled
ORD-182659,BIZ-1027,1,1,2025-10-25,247000.0,26,9500.0,Cash,Cancelled
ORD-940183,BIZ-1020,1,2,2025-10-14,333200.0,34,9800.0,POS,Pending
ORD-192295,BIZ-1031,2,2,2025-10-18,38000.0,4,9500.0,Cash,Pending
ORD-568784,BIZ-1011,4,4,2025-10-26,254800.0,26,10000.0,POS,Delivered
ORD-621533,BIZ-1004,2,5,2025-10-10,127400.0,13,9800.0,Bank Transfer,Delivered
ORD-118632,BIZ-1005,4,4,2025-10-23,156800.0,16,10000.0,POS,Delivered
ORD-532368,BIZ-1032,3,3,2025-10-04,100000.0,10,10000.0,Bank Transfer,Pending
ORD-675771,BIZ-1002,4,2,2025-10-02,73500.0,7,10500.0,Cash,Cancelled
ORD-195310,BIZ-1014,1,4,2025-10-01,262500.0,25,10500.0,Cash,Delivered
ORD-749137,BIZ-1057,4,5,2025-10-24,205800.0,21,9800.0,Cash,Cancelled
ORD-633030,BIZ-1026,3,5,2025-10-20,294000.0,28,10500.0,Cash,Cancelled
ORD-786393,BIZ-1053,1,2,2025-10-17,361000.0,38,9500.0,Bank Transfer,Pending
ORD-457411,BIZ-1060,3,3,2025-10-21,240000.0,24,10000.0,Bank Transfer,Cancelled
ORD-156911,BIZ-1027,4,2,2025-10-11,147000.0,15,9800.0,Bank Transfer,Delivered
ORD-985331,BIZ-1032,3,5,2025-10-25,210000.0,20,10500.0,Cash,Cancelled
ORD-687360,BIZ-1000,1,5,2025-10-14,126000.0,12,10500.0,Cash,Pending
ORD-729094,BIZ-1046,2,3,2025-10-24,294500.0,31,9500.0,Bank Transfer,Delivered
ORD-789089,BIZ-1005,4,4,2025-10-15,247000.0,26,9500.0,Cash,Cancelled
ORD-574514,BIZ-1013,3,2,2025-10-11,73500.0,7,10500.0,Cash,Delivered
ORD-896204,BIZ-1014,4,4,2025-10-04,388500.0,37,10500.0,Cash,Cancelled
ORD-102303,BIZ-1018,3,5,2025-10-20,273000.0,26,10000.0,Cash,Pending
ORD-970196,BIZ-1023,2,3,2025-10-11,84000.0,8,10500.0,POS,Pending
ORD-938769,BIZ-1028,3,2,2025-10-20,350000.0,35,10000.0,Cash,Cancelled
ORD-647341,BIZ-1014,1,4,2025-10-09,237500.0,25,9500.0,Cash,Cancelled
ORD-211486,BIZ-1059,1,3,2025-10-12,380000.0,38,10000.0,Cash,Delivered
ORD-272129,BIZ-1015,3,4,2025-10-02,300000.0,30,10000.0,Cash,Pending
ORD-961760,BIZ-1034,2,5,2025-10-15,228000.0,24,9500.0,Cash,Pending
ORD-856609,BIZ-1016,2,2,2025-10-22,180500.0,19,9500.0,Cash,Pending
ORD-366641,BIZ-1050,4,5,2025-10-13,256500.0,27,9500.0,Cash,Cancelled
ORD-296653,BIZ-1056,2,4,2025-10-19,28500.0,3,9500.0,POS,Cancelled
ORD-993590,BIZ-1017,1,4,2025-10-04,254800.0,26,9800.0,POS,Delivered
ORD-579247,BIZ-1016,4,3,2025-10-12,88200.0,9,9800.0,Cash,Pending
ORD-299836,BIZ-1022,4,4,2025-10-25,294000.0,30,9800.0,Bank Transfer,Pending
ORD-213000,BIZ-1024,1,4,2025-10-22,228000.0,24,9500.0,Cash,Cancelled
ORD-148759,BIZ-1028,2,3,2025-10-23,60000.0,6,10000.0,Cash,Delivered
ORD-978146,BIZ-1041,3,3,2025-10-28,120000.0,12,10000.0,Bank Transfer,Delivered
ORD-229204,BIZ-1029,2,2,2025-10-21,370000.0,37,10000.0,POS,Delivered
ORD-572388,BIZ-1009,1,3,2025-10-24,252000.0,24,10500.0,Cash,Cancelled
ORD-717942,BIZ-1006,3,3,2025-10-14,120000.0,12,10000.0,Bank Transfer,Cancelled
ORD-241176,BIZ-1030,3,3,2025-10-29,190000.0,19,10000.0,Bank Transfer,Delivered
ORD-104548,BIZ-1031,2,1,2025-10-29,264600.0,27,9800.0,Cash,Cancelled
ORD-150931,BIZ-1010,1,2,2025-10-16,199500.0,21,9500.0,Bank Transfer,Cancelled
ORD-553834,BIZ-1058,3,5,2025-10-17,205800.0,21,9800.0,POS,Cancelled
ORD-606390,BIZ-1015,4,1,2025-10-26,409500.0,39,10000.0,POS,Pending
ORD-919023,BIZ-1042,2,5,2025-10-28,294500.0,31,9500.0,Cash,Pending
ORD-285810,BIZ-1007,4,3,2025-10-28,284200.0,29,9800.0,Bank Transfer,Cancelled
ORD-282085,BIZ-1059,2,3,2025-10-21,115500.0,11,10500.0,Bank Transfer,Cancelled
ORD-234618,BIZ-1041,4,5,2025-10-22,351500.0,37,9500.0,Bank Transfer,Delivered
ORD-789461,BIZ-1037,2,5,2025-10-04,340000.0,34,10000.0,Cash,Pending
ORD-437477,BIZ-1017,1,2,2025-10-19,285000.0,30,9500.0,POS,Pending
ORD-503348,BIZ-1051,4,4,2025-10-16,388500.0,37,10500.0,Cash,Cancelled
ORD-738576,BIZ-1039,4,2,2025-10-13,313600.0,32,9800.0,Cash,Cancelled
ORD-899407,BIZ-1034,4,2,2025-10-28,76000.0,8,9500.0,Bank Transfer,Delivered
ORD-517196,BIZ-1018,1,2,2025-10-08,370000.0,37,10000.0,POS,Pending
ORD-408463,BIZ-1031,2,2,2025-10-29,378000.0,36,10500.0,Cash,Cancelled
ORD-239850,BIZ-1007,2,4,2025-10-14,180000.0,18,10000.0,POS,Cancelled
ORD-731792,BIZ-1013,1,3,2025-10-05,220500.0,21,10500.0,Cash,Pending
ORD-884782,BIZ-1037,1,2,2025-10-22,199500.0,19,10500.0,Cash,Pending
ORD-984027,BIZ-1014,4,2,2025-10-16,10000.0,1,10000.0,POS,Delivered
ORD-429159,BIZ-1059,4,3,2025-10-22,262500.0,25,10500.0,Bank Transfer,Cancelled
ORD-680472,BIZ-1060,1,4,2025-10-22,19600.0,2,9800.0,POS,Cancelled
ORD-310647,BIZ-1057,2,2,2025-10-19,256500.0,27,9500.0,Bank Transfer,Cancelled
ORD-849086,BIZ-1016,2,4,2025-10-07,294500.0,31,9500.0,POS,Cancelled
ORD-462066,BIZ-1013,1,3,2025-10-09,245000.0,25,10000.0,Cash,Cancelled
ORD-239116,BIZ-1002,4,2,2025-10-28,156800.0,16,9800.0,Cash,Delivered
ORD-781664,BIZ-1060,3,2,2025-10-30,180500.0,19,9500.0,POS,Pending
ORD-286450,BIZ-1053,4,2,2025-10-30,294000.0,30,9800.0,Bank Transfer,Pending
ORD-828038,BIZ-1008,2,2,2025-10-16,313500.0,33,9500.0,Bank Transfer,Pending
ORD-844858,BIZ-1041,3,1,2025-10-20,47500.0,5,9500.0,POS,Pending
ORD-469348,BIZ-1047,4,5,2025-10-04,237500.0,25,9500.0,POS,Cancelled
ORD-711116,BIZ-1020,4,3,2025-10-17,76000.0,8,9500.0,POS,Delivered
ORD-799565,BIZ-1031,3,5,2025-10-18,199500.0,19,10500.0,Cash,Cancelled
ORD-806995,BIZ-1012,4,4,2025-10-22,346500.0,33,10500.0,Bank Transfer,Delivered
ORD-982260,BIZ-1033,1,5,2025-10-23,161500.0,17,10000.0,Cash,Cancelled
ORD-988459,BIZ-1012,1,3,2025-10-17,215600.0,22,9800.0,Bank Transfer,Pending
ORD-113390,BIZ-1013,3,3,2025-10-13,70000.0,7,10000.0,POS,Pending
ORD-126499,BIZ-1045,2,5,2025-10-16,160000.0,16,10000.0,POS,Pending
ORD-155642,BIZ-1032,2,5,2025-10-12,231000.0,22,10500.0,POS,Delivered
ORD-309612,BIZ-1026,2,4,2025-10-21,88200.0,9,9800.0,Bank Transfer,Pending
ORD-923690,BIZ-1024,2,5,2025-10-09,370000.0,37,10000.0,POS,Delivered
ORD-400538,BIZ-1039,4,3,2025-10-05,370000.0,37,10000.0,POS,Pending
ORD-253541,BIZ-1021,1,5,2025-10-21,98000.0,10,9800.0,Cash,Pending
ORD-824141,BIZ-1037,1,5,2025-10-26,142500.0,15,9500.0,Bank Transfer,Cancelled
ORD-313910,BIZ-1053,2,3,2025-10-24,10000.0,1,10000.0,Cash,Cancelled
ORD-133875,BIZ-1035,1,5,2025-10-23,110000.0,11,10000.0,POS,Pending
ORD-574579,BIZ-1005,1,3,2025-10-11,262500.0,25,10500.0,Bank Transfer,Pending
ORD-808340,BIZ-1058,3,5,2025-10-04,237500.0,25,9500.0,Bank Transfer,Pending
ORD-335203,BIZ-1039,1,1,2025-10-23,137200.0,14,9800.0,POS,Cancelled
ORD-688534,BIZ-1006,2,3,2025-10-23,78400.0,8,10000.0,Cash,Cancelled
ORD-635740,BIZ-1033,1,5,2025-10-12,9800.0,1,9800.0,POS,Delivered
ORD-937625,BIZ-1007,2,4,2025-10-24,247000.0,26,9500.0,Cash,Cancelled
ORD-826596,BIZ-1008,3,3,2025-10-21,332500.0,35,9500.0,POS,Cancelled
ORD-500118,BIZ-1005,2,1,2025-10-20,156800.0,16,9800.0,POS,Cancelled
ORD-926394,BIZ-1030,4,1,2025-10-12,156800.0,16,9800.0,Bank Transfer,Cancelled
ORD-427841,BIZ-1001,3,2,2025-10-30,180000.0,18,10000.0,POS,Delivered
ORD-156415,BIZ-1015,3,2,2025-10-29,90000.0,9,10000.0,Bank Transfer,Delivered
ORD-363550,BIZ-1002,4,4,2025-10-01,399000.0,38,10500.0,POS,Delivered
ORD-918859,BIZ-1028,1,3,2025-10-07,199500.0,21,9500.0,Bank Transfer,Pending
ORD-564586,BIZ-1034,1,4,2025-10-26,63000.0,6,10500.0,POS,Cancelled
ORD-764575,BIZ-1028,2,4,2025-10-25,147000.0,14,10500.0,POS,Pending
ORD-779091,BIZ-1053,1,3,2025-10-22,84000.0,8,10000.0,Bank Transfer,Pending
ORD-716966,BIZ-1015,4,2,2025-10-12,270000.0,27,10000.0,Cash,Cancelled
ORD-732697,BIZ-1010,2,5,2025-10-17,310000.0,31,10000.0,POS,Delivered
ORD-860127,BIZ-1010,2,3,2025-10-06,220000.0,22,10000.0,Bank Transfer,Delivered
ORD-408467,BIZ-1057,2,3,2025-10-29,304000.0,32,9500.0,Cash,Delivered
ORD-815819,BIZ-1014,4,5,2025-10-14,114000.0,12,9500.0,Bank Transfer,Pending
ORD-282237,BIZ-1048,1,4,2025-10-03,215600.0,22,9800.0,Bank Transfer,Delivered
ORD-225151,BIZ-1053,2,3,2025-10-23,200000.0,20,10000.0,Bank Transfer,Cancelled
ORD-549323,BIZ-1011,1,5,2025-10-12,196000.0,20,9800.0,Bank Transfer,Delivered
ORD-377075,BIZ-1032,1,2,2025-10-09,254800.0,26,9800.0,Cash,Cancelled
ORD-712353,BIZ-1031,2,2,2025-10-04,325500.0,31,10500.0,Cash,Pending
ORD-105919,BIZ-1031,1,5,2025-10-26,200000.0,20,10000.0,Cash,Cancelled
ORD-844163,BIZ-1041,4,5,2025-10-10,230000.0,23,10000.0,Cash,Cancelled
ORD-141880,BIZ-1054,3,3,2025-10-29,273000.0,26,10500.0,Bank Transfer,Pending
ORD-438302,BIZ-1016,4,1,2025-10-05,225400.0,23,9800.0,Bank Transfer,Cancelled
ORD-911242,BIZ-1016,2,5,2025-10-18,127400.0,13,9800.0,Cash,Delivered
ORD-745512,BIZ-1033,4,5,2025-10-28,220500.0,21,10000.0,POS,Cancelled
ORD-415783,BIZ-1028,4,5,2025-10-26,127400.0,13,9800.0,Bank Transfer,Delivered
ORD-700495,BIZ-1018,2,3,2025-10-15,156800.0,16,9800.0,POS,Cancelled
ORD-176421,BIZ-1053,4,3,2025-10-17,294500.0,31,9500.0,Bank Transfer,Pending
ORD-433299,BIZ-1009,3,4,2025-10-24,409500.0,39,10500.0,Bank Transfer,Cancelled
ORD-292800,BIZ-1014,2,3,2025-10-16,220000.0,22,10000.0,Cash,Delivered
ORD-924451,BIZ-1061,3,5,2025-10-16,303800.0,31,9800.0,POS,Pending
ORD-536135,BIZ-1017,2,2,2025-10-16,98000.0,10,9800.0,POS,Delivered
ORD-523013,BIZ-1052,2,5,2025-10-17,284200.0,29,9800.0,POS,Cancelled
ORD-331942,BIZ-1058,1,4,2025-10-03,180500.0,19,9500.0,POS,Cancelled
ORD-795556,BIZ-1026,4,2,2025-10-27,210000.0,21,10000.0,Bank Transfer,Pending
ORD-478323,BIZ-1001,4,5,2025-10-10,294000.0,30,9800.0,Cash,Delivered
ORD-889216,BIZ-1042,3,2,2025-10-09,170000.0,17,10000.0,Bank Transfer,Cancelled
ORD-597923,BIZ-1055,4,3,2025-10-19,283500.0,27,10500.0,Bank Transfer,Cancelled
ORD-963699,BIZ-1017,3,3,2025-10-30,40000.0,4,10000.0,Bank Transfer,Cancelled
ORD-780840,BIZ-1030,2,5,2025-10-23,220500.0,21,10500.0,POS,Delivered
ORD-801432,BIZ-1012,3,2,2025-10-01,47500.0,5,9500.0,POS,Delivered
ORD-352023,BIZ-1059,1,4,2025-10-11,388500.0,37,10500.0,POS,Pending
ORD-743512,BIZ-1051,4,2,2025-10-28,189000.0,18,10500.0,POS,Pending
ORD-355671,BIZ-1049,2,3,2025-10-28,49000.0,5,9800.0,POS,Cancelled
ORD-815706,BIZ-1001,4,5,2025-10-29,266000.0,28,9500.0,Bank Transfer,Cancelled
ORD-499898,BIZ-1023,3,2,2025-10-27,237500.0,25,10000.0,Cash,Pending
ORD-218881,BIZ-1046,1,1,2025-10-28,100000.0,10,10000.0,POS,Pending
ORD-666479,BIZ-1020,1,2,2025-10-12,130000.0,13,10000.0,Bank Transfer,Delivered
ORD-125905,BIZ-1045,3,4,2025-10-22,196000.0,20,9800.0,POS,Cancelled
ORD-962043,BIZ-1038,2,4,2025-10-28,29400.0,3,9800.0,Cash,Pending
ORD-639292,BIZ-1056,1,5,2025-10-24,147000.0,15,9800.0,Bank Transfer,Pending
ORD-567200,BIZ-1000,1,5,2025-10-25,176400.0,18,9800.0,Bank Transfer,Delivered
ORD-410833,BIZ-1014,4,1,2025-10-15,275500.0,29,9500.0,Cash,Cancelled
ORD-301863,BIZ-1044,3,3,2025-10-27,147000.0,14,10500.0,Cash,Pending
ORD-186345,BIZ-1029,4,1,2025-10-10,127400.0,13,9800.0,Bank Transfer,Delivered
ORD-275526,BIZ-1044,1,2,2025-10-29,313500.0,33,9500.0,Bank Transfer,Pending
ORD-910883,BIZ-1051,2,3,2025-10-30,390000.0,39,10000.0,Bank Transfer,Delivered
ORD-107686,BIZ-1029,4,5,2025-10-17,60000.0,6,10000.0,POS,Delivered
ORD-321020,BIZ-1038,3,3,2025-10-19,285000.0,30,9500.0,Cash,Pending
ORD-911159,BIZ-1010,2,1,2025-10-21,70000.0,7,10000.0,Bank Transfer,Pending
ORD-818699,BIZ-1059,3,3,2025-10-07,196000.0,20,9800.0,Cash,Delivered
ORD-208975,BIZ-1001,3,2,2025-10-13,180000.0,18,10000.0,Bank Transfer,Delivered
ORD-969005,BIZ-1033,1,2,2025-10-07,351500.0,37,9500.0,Bank Transfer,Cancelled
ORD-877388,BIZ-1045,3,2,2025-10-22,294500.0,31,9500.0,POS,Cancelled
ORD-777968,BIZ-1037,4,1,2025-10-24,190000.0,19,10000.0,Cash,Delivered
ORD-175623,BIZ-1047,1,1,2025-10-25,117600.0,12,9800.0,Bank Transfer,Delivered
ORD-261223,BIZ-1059,1,5,2025-10-23,21000.0,2,10500.0,Cash,Cancelled
ORD-851690,BIZ-1056,2,4,2025-10-01,240000.0,24,10000.0,Bank Transfer,Pending
ORD-191772,BIZ-1003,3,2,2025-10-10,21000.0,2,10500.0,Cash,Delivered
ORD-286638,BIZ-1053,1,2,2025-10-03,367500.0,35,10500.0,Bank Transfer,Delivered
ORD-685193,BIZ-1039,3,3,2025-10-24,225400.0,23,9800.0,Bank Transfer,Delivered
ORD-961530,BIZ-1022,4,3,2025-10-03,325500.0,31,10500.0,Bank Transfer,Cancelled
ORD-371212,BIZ-1049,4,3,2025-10-07,10000.0,1,10000.0,Cash,Delivered
ORD-573039,BIZ-1017,3,3,2025-10-13,210000.0,21,10000.0,Cash,Cancelled
ORD-554059,BIZ-1057,1,2,2025-10-19,362600.0,37,9800.0,POS,Delivered
ORD-508422,BIZ-1031,3,4,2025-10-10,98000.0,10,9800.0,POS,Pending
ORD-660814,BIZ-1027,1,2,2025-10-21,180500.0,19,9500.0,Cash,Delivered
ORD-855274,BIZ-1030,4,5,2025-10-01,200000.0,20,10000.0,Bank Transfer,Pending
ORD-892682,BIZ-1038,1,4,2025-10-19,280000.0,28,10000.0,POS,Pending
ORD-147727,BIZ-1050,1,4,2025-10-23,39200.0,4,9800.0,Bank Transfer,Cancelled
ORD-176115,BIZ-1047,1,3,2025-10-22,29400.0,3,9800.0,Cash,Delivered
ORD-627262,BIZ-1024,4,5,2025-10-11,388500.0,37,10500.0,Bank Transfer,Cancelled
ORD-925115,BIZ-1036,4,2,2025-10-04,388500.0,37,10500.0,Cash,Cancelled
ORD-736030,BIZ-1040,3,5,2025-10-21,178500.0,17,10500.0,POS,Cancelled
ORD-902448,BIZ-1011,1,5,2025-10-03,220000.0,22,10000.0,Cash,Pending
ORD-499941,BIZ-1056,3,5,2025-10-28,378000.0,36,10500.0,POS,Pending
ORD-792818,BIZ-1007,4,4,2025-10-12,50000.0,5,10000.0,POS,Delivered
ORD-263917,BIZ-1044,4,4,2025-10-01,68600.0,7,10000.0,Bank Transfer,Cancelled
ORD-243006,BIZ-1007,2,5,2025-10-17,186200.0,19,9800.0,Cash,Pending
ORD-935474,BIZ-1007,1,3,2025-10-23,342000.0,36,9500.0,POS,Delivered
ORD-672233,BIZ-1009,3,2,2025-10-24,98000.0,10,9800.0,POS,Cancelled
ORD-764845,BIZ-1052,3,5,2025-10-09,225400.0,23,10000.0,POS,Delivered
ORD-810189,BIZ-1014,2,2,2025-10-05,333200.0,34,9800.0,Bank Transfer,Cancelled
ORD-933635,BIZ-1003,1,3,2025-10-27,107800.0,11,9800.0,Bank Transfer,Pending
ORD-779414,BIZ-1052,2,3,2025-10-27,42000.0,4,10500.0,POS,Pending
ORD-111691,BIZ-1031,2,1,2025-10-12,325500.0,31,10500.0,POS,Pending
ORD-682032,BIZ-1011,2,5,2025-10-17,9500.0,1,9500.0,Bank Transfer,Cancelled
ORD-143802,BIZ-1006,3,3,2025-10-05,380000.0,40,9500.0,Bank Transfer,Delivered
ORD-725637,BIZ-1008,1,3,2025-10-01,303800.0,31,9800.0,Bank Transfer,Cancelled
ORD-674122,BIZ-1024,1,2,2025-10-12,283500.0,27,10500.0,Cash,Delivered
ORD-419491,BIZ-1035,1,1,2025-10-29,150000.0,15,10000.0,Bank Transfer,Cancelled
ORD-877446,BIZ-1008,1,3,2025-10-07,372400.0,38,9800.0,Bank Transfer,Cancelled
ORD-460554,BIZ-1000,3,4,2025-10-28,180000.0,18,10000.0,POS,Pending
ORD-777308,BIZ-1000,4,2,2025-10-07,323000.0,34,9500.0,POS,Pending
ORD-249375,BIZ-1037,4,2,2025-10-26,190000.0,20,9500.0,Bank Transfer,Cancelled
ORD-331512,BIZ-1022,3,3,2025-10-05,220000.0,22,10000.0,Cash,Delivered
ORD-365018,BIZ-1058,1,3,2025-10-19,315000.0,30,10500.0,Cash,Delivered
ORD-290167,BIZ-1056,3,5,2025-10-06,323000.0,34,9500.0,Bank Transfer,Cancelled
ORD-694849,BIZ-1022,4,4,2025-10-21,336000.0,32,10500.0,POS,Delivered
ORD-992744,BIZ-1006,2,5,2025-10-26,180000.0,18,10000.0,Cash,Cancelled
ORD-675512,BIZ-1002,3,1,2025-10-23,170000.0,17,10000.0,Bank Transfer,Cancelled
ORD-676365,BIZ-1044,4,2,2025-10-14,313600.0,32,9800.0,POS,Pending
ORD-804313,BIZ-1047,4,3,2025-10-03,171000.0,18,9500.0,POS,Cancelled
ORD-202972,BIZ-1049,3,4,2025-10-03,237500.0,25,9500.0,POS,Delivered
ORD-708798,BIZ-1011,2,3,2025-10-06,78400.0,8,10000.0,Cash,Cancelled
ORD-446922,BIZ-1013,4,3,2025-10-15,30000.0,3,10000.0,POS,Cancelled
ORD-803904,BIZ-1049,4,4,2025-10-11,31500.0,3,10500.0,Bank Transfer,Cancelled
ORD-204904,BIZ-1005,2,4,2025-10-20,114000.0,12,9500.0,Cash,Pending
ORD-173199,BIZ-1027,2,5,2025-10-09,21000.0,2,10500.0,POS,Pending
ORD-433222,BIZ-1043,2,3,2025-10-28,225400.0,23,9800.0,Bank Transfer,Pending
ORD-444295,BIZ-1031,1,2,2025-10-15,300000.0,30,10000.0,POS,Cancelled
ORD-420523,BIZ-1007,2,2,2025-10-19,220500.0,21,10500.0,Cash,Delivered
ORD-259797,BIZ-1000,1,5,2025-10-21,220000.0,22,10000.0,Cash,Delivered
ORD-482199,BIZ-1020,2,3,2025-10-17,63000.0,6,10500.0,POS,Delivered
ORD-549112,BIZ-1008,2,3,2025-10-25,245000.0,25,9800.0,Cash,Pending
ORD-428429,BIZ-1006,1,2,2025-10-06,290000.0,29,10000.0,Cash,Delivered
ORD-332286,BIZ-1047,2,5,2025-10-08,78400.0,8,9800.0,POS,Cancelled
ORD-771967,BIZ-1046,3,2,2025-10-22,126000.0,12,10500.0,Bank Transfer,Delivered
ORD-980919,BIZ-1026,2,2,2025-10-14,409500.0,39,10500.0,POS,Pending
ORD-812591,BIZ-1000,4,2,2025-10-11,350000.0,35,10000.0,Cash,Delivered
ORD-603268,BIZ-1018,2,2,2025-10-22,180500.0,19,9500.0,Cash,Delivered
ORD-476167,BIZ-1049,2,4,2025-10-14,156800.0,16,10000.0,Cash,Delivered
ORD-610626,BIZ-1003,1,3,2025-10-24,147000.0,15,9800.0,POS,Delivered
ORD-284308,BIZ-1045,2,2,2025-10-17,95000.0,10,9500.0,Bank Transfer,Cancelled
ORD-185955,BIZ-1022,4,2,2025-10-20,325500.0,31,10500.0,Cash,Delivered
ORD-966589,BIZ-1035,4,5,2025-10-26,357000.0,34,10000.0,POS,Pending
ORD-664781,BIZ-1061,2,5,2025-10-05,178500.0,17,10500.0,Bank Transfer,Pending
ORD-869177,BIZ-1038,3,2,2025-10-06,350000.0,35,10000.0,Cash,Cancelled
ORD-180176,BIZ-1032,3,3,2025-10-27,156800.0,16,9800.0,POS,Pending
ORD-119535,BIZ-1060,2,2,2025-10-22,68600.0,7,10000.0,Cash,Pending
ORD-762308,BIZ-1038,4,3,2025-10-26,351500.0,37,9500.0,Cash,Cancelled
ORD-710156,BIZ-1045,1,4,2025-10-01,266000.0,28,9500.0,POS,Pending
ORD-906564,BIZ-1026,2,3,2025-10-18,342000.0,36,9500.0,POS,Delivered
ORD-138436,BIZ-1005,3,5,2025-10-18,50000.0,5,10000.0,POS,Pending
ORD-669868,BIZ-1004,4,2,2025-10-17,21000.0,2,10500.0,Cash,Delivered
ORD-665892,BIZ-1018,2,5,2025-10-27,290000.0,29,10000.0,Bank Transfer,Cancelled
ORD-912853,BIZ-1014,1,5,2025-10-15,346500.0,33,10500.0,Bank Transfer,Cancelled
ORD-511564,BIZ-1032,3,4,2025-10-05,40000.0,4,10000.0,POS,Delivered
ORD-909652,BIZ-1047,1,2,2025-10-07,357000.0,34,10500.0,Bank Transfer,Cancelled
ORD-998801,BIZ-1028,3,3,2025-10-18,117600.0,12,9800.0,POS,Delivered
ORD-587274,BIZ-1014,3,3,2025-10-09,209000.0,22,9500.0,POS,Cancelled
ORD-194952,BIZ-1020,4,3,2025-10-16,262500.0,25,10500.0,Bank Transfer,Pending
ORD-626560,BIZ-1017,2,5,2025-10-12,114000.0,12,9500.0,Bank Transfer,Cancelled
ORD-350484,BIZ-1032,4,4,2025-10-01,280000.0,28,10000.0,Bank Transfer,Pending
ORD-945718,BIZ-1034,1,5,2025-10-26,254800.0,26,9800.0,POS,Cancelled
ORD-817395,BIZ-1044,4,4,2025-10-30,60000.0,6,10000.0,POS,Pending
ORD-639111,BIZ-1049,3,5,2025-10-05,19000.0,2,9500.0,Bank Transfer,Delivered
ORD-266956,BIZ-1016,3,5,2025-10-05,9500.0,1,9500.0,Cash,Pending
ORD-693297,BIZ-1053,3,2,2025-10-06,20000.0,2,10000.0,Bank Transfer,Cancelled
ORD-253300,BIZ-1015,1,2,2025-10-20,420000.0,40,10500.0,Cash,Delivered
ORD-606990,BIZ-1026,1,3,2025-10-23,100000.0,10,10000.0,POS,Delivered
ORD-142383,BIZ-1059,4,4,2025-10-29,323400.0,33,9800.0,POS,Delivered
ORD-611329,BIZ-1050,2,5,2025-10-07,332500.0,35,9500.0,Bank Transfer,Pending
ORD-377198,BIZ-1009,3,3,2025-10-07,117600.0,12,9800.0,Bank Transfer,Cancelled
ORD-144887,BIZ-1038,4,3,2025-10-12,100000.0,10,10000.0,Cash,Delivered
ORD-643042,BIZ-1051,2,2,2025-10-21,342000.0,36,9500.0,Cash,Delivered
ORD-478799,BIZ-1035,1,3,2025-10-28,168000.0,16,10500.0,Bank Transfer,Pending
ORD-576728,BIZ-1003,3,4,2025-10-12,42000.0,4,10500.0,POS,Cancelled
ORD-141843,BIZ-1058,1,5,2025-10-27,220500.0,21,10500.0,Cash,Delivered
ORD-439813,BIZ-1028,2,3,2025-10-30,284200.0,29,9800.0,Cash,Pending
ORD-646699,BIZ-1011,4,4,2025-10-04,237500.0,25,9500.0,Cash,Delivered
ORD-386780,BIZ-1013,4,5,2025-10-20,220500.0,21,10000.0,Cash,Pending
ORD-376106,BIZ-1047,1,1,2025-10-26,38000.0,4,9500.0,Cash,Cancelled
ORD-697856,BIZ-1003,2,4,2025-10-18,362600.0,37,9800.0,POS,Delivered
ORD-785428,BIZ-1036,4,1,2025-10-06,40000.0,4,10000.0,Cash,Cancelled
ORD-716225,BIZ-1003,1,5,2025-10-12,42000.0,4,10000.0,POS,Cancelled
ORD-976052,BIZ-1047,3,3,2025-10-20,29400.0,3,9800.0,Bank Transfer,Delivered
ORD-363807,BIZ-1013,1,3,2025-10-03,199500.0,21,9500.0,Bank Transfer,Cancelled
ORD-333726,BIZ-1023,3,1,2025-10-12,380000.0,40,9500.0,Bank Transfer,Cancelled
ORD-470040,BIZ-1036,3,2,2025-10-16,80000.0,8,10000.0,POS,Pending
ORD-461792,BIZ-1034,1,1,2025-10-25,126000.0,12,10000.0,Cash,Delivered
ORD-605529,BIZ-1012,1,5,2025-10-15,98000.0,10,9800.0,Cash,Cancelled
ORD-106918,BIZ-1009,1,5,2025-10-27,370000.0,37,10000.0,Cash,Cancelled
ORD-245718,BIZ-1037,4,3,2025-10-16,10500.0,1,10500.0,Cash,Delivered
ORD-341162,BIZ-1011,3,3,2025-10-14,320000.0,32,10000.0,Bank Transfer,Cancelled
ORD-774734,BIZ-1001,1,4,2025-10-03,284200.0,29,9800.0,POS,Delivered
ORD-257538,BIZ-1011,4,4,2025-10-09,78400.0,8,9800.0,Bank Transfer,Cancelled
ORD-479818,BIZ-1031,2,3,2025-10-06,205800.0,21,9800.0,Cash,Cancelled
ORD-956639,BIZ-1055,2,4,2025-10-19,190000.0,19,10000.0,Bank Transfer,Pending
ORD-341535,BIZ-1052,4,2,2025-10-04,123500.0,13,9500.0,Bank Transfer,Cancelled
ORD-446265,BIZ-1015,4,1,2025-10-13,31500.0,3,10500.0,Bank Transfer,Delivered
ORD-604906,BIZ-1024,1,4,2025-10-22,31500.0,3,10500.0,POS,Delivered
ORD-602290,BIZ-1023,2,1,2025-10-21,168000.0,16,10500.0,POS,Delivered
ORD-269078,BIZ-1003,1,2,2025-10-07,275500.0,29,9500.0,POS,Pending
ORD-530859,BIZ-1001,1,5,2025-10-20,28500.0,3,9500.0,Cash,Delivered
ORD-145240,BIZ-1023,1,1,2025-10-01,241500.0,23,10500.0,Cash,Pending
ORD-721121,BIZ-1056,3,2,2025-10-04,100000.0,10,10000.0,Bank Transfer,Cancelled
ORD-760120,BIZ-1003,4,4,2025-10-05,130000.0,13,10000.0,Cash,Delivered
ORD-700067,BIZ-1001,1,2,2025-10-16,160000.0,16,10000.0,POS,Pending
ORD-274421,BIZ-1047,3,3,2025-10-05,38000.0,4,9500.0,POS,Cancelled
ORD-288783,BIZ-1035,2,5,2025-10-08,19600.0,2,9800.0,Bank Transfer,Delivered
ORD-525151,BIZ-1034,3,3,2025-10-16,68600.0,7,9800.0,Bank Transfer,Cancelled
ORD-690982,BIZ-1037,3,2,2025-10-18,42000.0,4,10500.0,POS,Delivered
ORD-854500,BIZ-1016,3,1,2025-10-20,351500.0,37,9500.0,POS,Cancelled
ORD-961198,BIZ-1005,4,3,2025-10-22,250000.0,25,10000.0,POS,Delivered
ORD-189913,BIZ-1031,2,3,2025-10-09,320000.0,32,10000.0,Cash,Delivered
ORD-735988,BIZ-1038,1,2,2025-10-07,300000.0,30,10000.0,Cash,Cancelled
ORD-605065,BIZ-1015,2,1,2025-10-30,126000.0,12,10500.0,Cash,Cancelled
ORD-970699,BIZ-1031,2,2,2025-10-06,21000.0,2,10500.0,Bank Transfer,Pending
ORD-249644,BIZ-1037,4,2,2025-10-13,264600.0,27,9800.0,POS,Pending
ORD-960307,BIZ-1006,4,3,2025-10-24,147000.0,14,10000.0,Cash,Cancelled
ORD-753484,BIZ-1030,4,3,2025-10-24,304500.0,29,10500.0,Cash,Pending
ORD-377370,BIZ-1020,1,2,2025-10-20,220500.0,21,10500.0,Bank Transfer,Delivered
ORD-818894,BIZ-1023,2,3,2025-10-06,127400.0,13,9800.0,POS,Pending
ORD-575497,BIZ-1038,1,3,2025-10-11,240000.0,24,10000.0,Bank Transfer,Pending
ORD-172187,BIZ-1022,2,3,2025-10-18,73500.0,7,10500.0,Bank Transfer,Delivered
ORD-504186,BIZ-1017,1,3,2025-10-07,140000.0,14,10000.0,POS,Pending
ORD-117367,BIZ-1027,3,2,2025-10-04,126000.0,12,10500.0,Cash,Cancelled
ORD-628859,BIZ-1039,1,3,2025-10-07,120000.0,12,10000.0,POS,Delivered
ORD-966662,BIZ-1030,2,3,2025-10-21,105000.0,10,10500.0,Bank Transfer,Cancelled
ORD-200976,BIZ-1054,2,4,2025-10-05,94500.0,9,10500.0,POS,Delivered
ORD-744610,BIZ-1060,3,4,2025-10-06,47500.0,5,9500.0,Bank Transfer,Pending
ORD-921945,BIZ-1046,2,2,2025-10-18,60000.0,6,10000.0,POS,Delivered
ORD-888930,BIZ-1000,3,5,2025-10-16,140000.0,14,10000.0,POS,Pending
ORD-605666,BIZ-1003,4,5,2025-10-04,399000.0,38,10500.0,POS,Delivered
ORD-732789,BIZ-1038,3,2,2025-10-20,190000.0,19,10000.0,Bank Transfer,Delivered
ORD-101258,BIZ-1017,4,2,2025-10-17,256500.0,27,9500.0,POS,Cancelled
ORD-912510,BIZ-1059,1,4,2025-10-27,310000.0,31,10000.0,POS,Delivered
ORD-552457,BIZ-1056,3,2,2025-10-21,275500.0,29,9500.0,Cash,Pending
ORD-488368,BIZ-1000,1,4,2025-10-16,262500.0,25,10500.0,POS,Cancelled
ORD-831531,BIZ-1053,1,3,2025-10-27,252000.0,24,10500.0,Bank Transfer,Pending
ORD-340633,BIZ-1038,2,4,2025-10-16,370000.0,37,10000.0,Cash,Delivered
ORD-605543,BIZ-1035,2,3,2025-10-29,117600.0,12,9800.0,Bank Transfer,Delivered
ORD-499755,BIZ-1006,2,1,2025-10-24,130000.0,13,10000.0,Cash,Cancelled
ORD-943706,BIZ-1001,4,2,2025-10-11,304000.0,32,9500.0,Cash,Pending
ORD-898531,BIZ-1006,3,3,2025-10-23,130000.0,13,10000.0,Cash,Delivered
ORD-704106,BIZ-1038,2,5,2025-10-26,39200.0,4,9800.0,Cash,Pending
ORD-240386,BIZ-1020,2,3,2025-10-03,209000.0,22,9500.0,POS,Delivered
ORD-903061,BIZ-1018,1,4,2025-10-08,209000.0,22,9500.0,POS,Cancelled
ORD-187889,BIZ-1009,4,2,2025-10-07,20000.0,2,10000.0,Cash,Pending
ORD-670143,BIZ-1027,2,3,2025-10-09,237500.0,25,9500.0,Cash,Pending
ORD-298202,BIZ-1061,4,5,2025-10-13,346500.0,33,10500.0,Bank Transfer,Pending
ORD-879769,BIZ-1059,4,5,2025-10-01,166600.0,17,9800.0,Cash,Delivered
ORD-706063,BIZ-1059,2,4,2025-10-24,275500.0,29,9500.0,Bank Transfer,Delivered
ORD-645009,BIZ-1008,3,2,2025-10-16,68600.0,7,9800.0,Cash,Delivered
ORD-786341,BIZ-1056,3,4,2025-10-01,98000.0,10,9800.0,Bank Transfer,Cancelled
ORD-943356,BIZ-1057,3,2,2025-10-07,10000.0,1,10000.0,POS,Cancelled
ORD-479867,BIZ-1031,3,4,2025-10-10,300000.0,30,10000.0,Bank Transfer,Cancelled
ORD-546768,BIZ-1041,3,2,2025-10-04,88200.0,9,9800.0,Bank Transfer,Cancelled
ORD-365953,BIZ-1030,4,2,2025-10-20,57000.0,6,9500.0,Bank Transfer,Delivered
ORD-662146,BIZ-1011,2,2,2025-10-08,63000.0,6,10500.0,Cash,Delivered
ORD-483405,BIZ-1013,4,1,2025-10-13,313600.0,32,9800.0,POS,Cancelled
ORD-813666,BIZ-1045,4,1,2025-10-19,361000.0,38,9500.0,POS,Delivered
ORD-313588,BIZ-1001,1,5,2025-10-12,58800.0,6,9800.0,Bank Transfer,Cancelled
ORD-921861,BIZ-1059,3,4,2025-10-13,362600.0,37,9800.0,Bank Transfer,Delivered
ORD-287401,BIZ-1044,1,3,2025-10-17,205800.0,21,9800.0,POS,Cancelled
ORD-681866,BIZ-1044,2,2,2025-10-12,199500.0,19,10500.0,Cash,Pending
ORD-421549,BIZ-1050,3,5,2025-10-15,225400.0,23,9800.0,Cash,Delivered
ORD-911801,BIZ-1055,3,3,2025-10-18,47500.0,5,9500.0,Cash,Cancelled
ORD-871523,BIZ-1042,3,3,2025-10-22,42000.0,4,10500.0,Bank Transfer,Cancelled
ORD-791308,BIZ-1017,2,1,2025-10-05,60000.0,6,10000.0,POS,Pending
ORD-340932,BIZ-1017,2,3,2025-10-04,220500.0,21,10500.0,Cash,Pending
ORD-833281,BIZ-1042,2,2,2025-10-14,210000.0,20,10500.0,Bank Transfer,Cancelled
ORD-205149,BIZ-1018,2,3,2025-10-29,104500.0,11,9500.0,Cash,Pending
ORD-520018,BIZ-1004,4,3,2025-10-07,220500.0,21,10500.0,Cash,Delivered
ORD-939756,BIZ-1032,4,4,2025-10-24,105000.0,10,10500.0,Bank Transfer,Pending
ORD-830917,BIZ-1003,4,5,2025-10-17,245000.0,25,9800.0,Bank Transfer,Pending
ORD-154581,BIZ-1046,1,2,2025-10-21,117600.0,12,9800.0,Bank Transfer,Delivered
ORD-766764,BIZ-1044,1,5,2025-10-05,273000.0,26,10500.0,Cash,Delivered
ORD-195513,BIZ-1013,4,2,2025-10-01,21000.0,2,10500.0,Cash,Cancelled
ORD-594580,BIZ-1061,1,3,2025-10-25,176400.0,18,9800.0,POS,Cancelled
ORD-556526,BIZ-1024,4,2,2025-10-28,336000.0,32,10500.0,Cash,Cancelled
ORD-375871,BIZ-1061,3,4,2025-10-03,40000.0,4,10000.0,Cash,Cancelled
ORD-183927,BIZ-1052,1,2,2025-10-07,310000.0,31,10000.0,POS,Pending
ORD-859687,BIZ-1005,4,4,2025-10-19,147000.0,14,10500.0,Cash,Cancelled
ORD-520106,BIZ-1015,2,3,2025-10-12,110000.0,11,10000.0,POS,Delivered
ORD-646313,BIZ-1026,2,1,2025-10-19,382200.0,39,9800.0,POS,Pending
ORD-726495,BIZ-1059,4,4,2025-10-09,90000.0,9,10000.0,Bank Transfer,Pending
ORD-911187,BIZ-1004,1,2,2025-10-02,252000.0,24,10500.0,Cash,Cancelled
ORD-771394,BIZ-1009,4,5,2025-10-25,150000.0,15,10000.0,POS,Pending
ORD-111230,BIZ-1051,1,2,2025-10-15,370000.0,37,10000.0,Cash,Cancelled
ORD-788793,BIZ-1019,1,2,2025-10-07,362600.0,37,9800.0,Cash,Cancelled
ORD-643323,BIZ-1052,2,4,2025-10-28,294500.0,31,9500.0,Cash,Delivered
ORD-135241,BIZ-1025,3,3,2025-10-09,400000.0,40,10000.0,Cash,Cancelled
ORD-635348,BIZ-1032,4,3,2025-10-24,171000.0,18,9500.0,Bank Transfer,Pending
ORD-342924,BIZ-1015,3,3,2025-10-16,100000.0,10,10000.0,Bank Transfer,Delivered
ORD-806765,BIZ-1055,2,3,2025-10-19,10000.0,1,10000.0,POS,Delivered
ORD-350878,BIZ-1016,4,5,2025-10-02,180000.0,18,10000.0,POS,Cancelled
ORD-265092,BIZ-1034,3,5,2025-10-20,127400.0,13,9800.0,POS,Delivered
ORD-389340,BIZ-1014,1,3,2025-10-03,130000.0,13,10000.0,Cash,Cancelled
ORD-470281,BIZ-1010,2,2,2025-10-24,10000.0,1,10000.0,Bank Transfer,Pending
ORD-525146,BIZ-1032,4,4,2025-10-21,19000.0,2,9500.0,Cash,Pending
ORD-642892,BIZ-1023,4,2,2025-10-18,105000.0,10,10500.0,POS,Pending
ORD-837801,BIZ-1061,2,3,2025-10-01,199500.0,21,9500.0,Cash,Delivered
ORD-194545,BIZ-1040,2,2,2025-10-03,409500.0,39,10500.0,POS,Delivered
ORD-861411,BIZ-1035,3,4,2025-10-17,199500.0,21,9500.0,Cash,Cancelled
ORD-711248,BIZ-1055,1,5,2025-10-25,310000.0,31,10000.0,POS,Pending
ORD-955129,BIZ-1018,4,5,2025-10-11,342000.0,36,9500.0,Cash,Delivered
ORD-735818,BIZ-1008,2,5,2025-10-09,199500.0,21,9500.0,POS,Cancelled
ORD-576849,BIZ-1045,1,3,2025-10-29,28500.0,3,9500.0,Bank Transfer,Delivered
ORD-702833,BIZ-1037,3,2,2025-10-28,88200.0,9,9800.0,POS,Delivered
ORD-283537,BIZ-1038,2,5,2025-10-01,60000.0,6,10000.0,Bank Transfer,Pending
ORD-211636,BIZ-1032,4,3,2025-10-13,209000.0,22,9500.0,POS,Delivered
ORD-627611,BIZ-1060,4,2,2025-10-17,357000.0,34,10500.0,POS,Delivered
ORD-222692,BIZ-1042,1,4,2025-10-09,147000.0,14,10500.0,Cash,Delivered
ORD-370211,BIZ-1042,3,4,2025-10-25,152000.0,16,9500.0,POS,Cancelled
ORD-952646,BIZ-1048,3,1,2025-10-27,157500.0,15,10500.0,Bank Transfer,Delivered
ORD-362292,BIZ-1016,2,5,2025-10-24,98000.0,10,9800.0,Cash,Cancelled
ORD-495397,BIZ-1021,2,3,2025-10-21,247000.0,26,9500.0,Bank Transfer,Cancelled
ORD-907369,BIZ-1007,3,2,2025-10-17,256500.0,27,9500.0,POS,Delivered
ORD-456160,BIZ-1001,4,4,2025-10-08,137200.0,14,9800.0,Cash,Cancelled
ORD-581137,BIZ-1028,1,3,2025-10-29,60000.0,6,10000.0,Bank Transfer,Delivered
ORD-715332,BIZ-1005,2,5,2025-10-21,332500.0,35,9500.0,POS,Pending
ORD-605382,BIZ-1056,1,1,2025-10-26,346500.0,33,10500.0,POS,Pending
ORD-170835,BIZ-1008,2,5,2025-10-04,215600.0,22,9800.0,Cash,Delivered
ORD-926965,BIZ-1052,3,3,2025-10-12,199500.0,19,10000.0,POS,Cancelled
ORD-809794,BIZ-1007,1,1,2025-10-30,346500.0,33,10500.0,Bank Transfer,Delivered
ORD-939030,BIZ-1023,1,2,2025-10-22,237500.0,25,9500.0,POS,Cancelled
ORD-470248,BIZ-1018,2,5,2025-10-10,196000.0,20,9800.0,Cash,Delivered
ORD-110195,BIZ-1012,1,4,2025-10-16,150000.0,15,10000.0,Cash,Delivered
ORD-376142,BIZ-1061,2,2,2025-10-22,137200.0,14,10000.0,Cash,Cancelled
ORD-197527,BIZ-1045,4,3,2025-10-08,250000.0,25,10000.0,POS,Delivered
ORD-885161,BIZ-1020,2,2,2025-10-12,336000.0,32,10500.0,Bank Transfer,Cancelled
ORD-179721,BIZ-1030,3,4,2025-10-25,66500.0,7,9500.0,Bank Transfer,Pending
ORD-287155,BIZ-1040,4,3,2025-10-17,10000.0,1,10000.0,POS,Cancelled
ORD-470711,BIZ-1040,3,5,2025-10-15,104500.0,11,9500.0,Bank Transfer,Cancelled
ORD-701581,BIZ-1014,2,4,2025-10-07,136500.0,13,10500.0,Cash,Pending
ORD-882401,BIZ-1026,3,4,2025-10-09,20000.0,2,10000.0,Cash,Delivered
ORD-299405,BIZ-1046,1,4,2025-10-21,178500.0,17,10500.0,POS,Cancelled
ORD-309365,BIZ-1022,1,4,2025-10-15,21000.0,2,10500.0,Bank Transfer,Delivered
ORD-353814,BIZ-1028,2,5,2025-10-08,168000.0,16,10500.0,Bank Transfer,Cancelled
ORD-316823,BIZ-1002,3,2,2025-10-27,388500.0,37,10500.0,Bank Transfer,Delivered
ORD-975498,BIZ-1042,3,4,2025-10-07,273000.0,26,10500.0,Cash,Pending
ORD-748645,BIZ-1027,1,4,2025-10-08,315000.0,30,10500.0,POS,Delivered
ORD-916776,BIZ-1020,2,3,2025-10-11,50000.0,5,10000.0,Bank Transfer,Pending
ORD-182300,BIZ-1033,1,2,2025-10-04,20000.0,2,10000.0,POS,Pending
ORD-795650,BIZ-1035,4,3,2025-10-21,9500.0,1,9500.0,Bank Transfer,Cancelled
ORD-106945,BIZ-1013,2,4,2025-10-15,40000.0,4,10000.0,POS,Pending
ORD-667776,BIZ-1037,1,5,2025-10-23,315000.0,30,10500.0,POS,Pending
ORD-989203,BIZ-1030,2,5,2025-10-29,352800.0,36,9800.0,Cash,Delivered
ORD-750817,BIZ-1026,2,3,2025-10-15,399000.0,38,10000.0,Cash,Pending
ORD-702427,BIZ-1003,4,5,2025-10-10,105000.0,10,10500.0,Cash,Delivered
ORD-614646,BIZ-1056,1,5,2025-10-27,390000.0,39,10000.0,Cash,Cancelled
ORD-901387,BIZ-1031,1,4,2025-10-06,315000.0,30,10500.0,Cash,Cancelled
ORD-393880,BIZ-1004,1,2,2025-10-28,100000.0,10,10000.0,Bank Transfer,Cancelled
ORD-886609,BIZ-1015,4,4,2025-10-12,247000.0,26,9500.0,POS,Cancelled
ORD-156778,BIZ-1053,3,5,2025-10-18,28500.0,3,9500.0,POS,Cancelled
ORD-543732,BIZ-1035,2,3,2025-10-16,107800.0,11,9800.0,Bank Transfer,Pending
ORD-667036,BIZ-1056,4,2,2025-10-15,252000.0,24,10500.0,POS,Pending
ORD-464158,BIZ-1052,1,3,2025-10-01,256500.0,27,9500.0,Bank Transfer,Cancelled
ORD-819678,BIZ-1056,3,3,2025-10-12,123500.0,13,10000.0,Bank Transfer,Delivered
ORD-579404,BIZ-1060,4,5,2025-10-24,196000.0,20,9800.0,Bank Transfer,Cancelled
ORD-832162,BIZ-1006,3,4,2025-10-30,68600.0,7,9800.0,Bank Transfer,Pending
ORD-430984,BIZ-1010,1,4,2025-10-16,78400.0,8,9800.0,Bank Transfer,Pending
ORD-112394,BIZ-1023,4,5,2025-10-21,275500.0,29,9500.0,POS,Pending
ORD-497859,BIZ-1053,2,3,2025-10-21,10000.0,1,10000.0,Cash,Delivered
ORD-441244,BIZ-1027,4,4,2025-10-18,210000.0,20,10500.0,POS,Pending
ORD-372315,BIZ-1008,2,5,2025-10-11,31500.0,3,10500.0,Bank Transfer,Pending
ORD-375617,BIZ-1016,3,1,2025-10-06,325500.0,31,10500.0,POS,Cancelled
ORD-594241,BIZ-1036,4,4,2025-10-08,400000.0,40,10000.0,Cash,Delivered
ORD-459762,BIZ-1018,4,5,2025-10-29,304000.0,32,9500.0,POS,Delivered
ORD-622998,BIZ-1060,3,3,2025-10-11,58800.0,6,9800.0,Cash,Cancelled
ORD-539450,BIZ-1058,4,4,2025-10-13,215600.0,22,9800.0,Cash,Pending
ORD-490394,BIZ-1021,1,3,2025-10-22,378000.0,36,10500.0,Bank Transfer,Delivered
ORD-520051,BIZ-1034,4,4,2025-10-11,85500.0,9,9500.0,POS,Delivered
ORD-288627,BIZ-1044,4,4,2025-10-09,300000.0,30,10000.0,Cash,Cancelled
ORD-703867,BIZ-1034,1,3,2025-10-18,84000.0,8,10500.0,Cash,Delivered
ORD-953740,BIZ-1016,2,3,2025-10-21,30000.0,3,10000.0,Bank Transfer,Cancelled
ORD-383062,BIZ-1050,1,3,2025-10-03,95000.0,10,9500.0,Cash,Delivered
ORD-682316,BIZ-1040,1,3,2025-10-25,10500.0,1,10500.0,Bank Transfer,Pending
ORD-499385,BIZ-1050,2,3,2025-10-13,117600.0,12,9800.0,Bank Transfer,Cancelled
ORD-938900,BIZ-1044,3,2,2025-10-06,275500.0,29,9500.0,Bank Transfer,Delivered
ORD-256812,BIZ-1035,4,3,2025-10-29,370500.0,39,9500.0,Cash,Cancelled
ORD-110215,BIZ-1048,2,4,2025-10-15,266000.0,28,9500.0,Cash,Pending
ORD-623866,BIZ-1023,4,3,2025-10-06,30000.0,3,10000.0,Bank Transfer,Delivered
ORD-990649,BIZ-1034,2,3,2025-10-05,60000.0,6,10000.0,Cash,Cancelled
ORD-659921,BIZ-1007,3,4,2025-10-19,156800.0,16,9800.0,Bank Transfer,Delivered
ORD-923481,BIZ-1050,1,1,2025-10-22,362600.0,37,9800.0,POS,Cancelled
ORD-363165,BIZ-1059,4,4,2025-10-15,240000.0,24,10000.0,POS,Delivered
ORD-695417,BIZ-1046,3,4,2025-10-17,399000.0,38,10500.0,Bank Transfer,Delivered
ORD-203782,BIZ-1047,1,3,2025-10-02,100000.0,10,10000.0,Bank Transfer,Pending
ORD-162952,BIZ-1051,3,5,2025-10-21,38000.0,4,9500.0,POS,Cancelled
ORD-366642,BIZ-1043,1,5,2025-10-07,10000.0,1,10000.0,Bank Transfer,Pending
ORD-760458,BIZ-1010,4,3,2025-10-15,137200.0,14,9800.0,Cash,Delivered
ORD-880762,BIZ-1002,4,4,2025-10-03,68600.0,7,9800.0,Bank Transfer,Cancelled
ORD-478496,BIZ-1021,3,3,2025-10-11,88200.0,9,9800.0,POS,Delivered
ORD-684572,BIZ-1019,1,3,2025-10-11,362600.0,37,9800.0,POS,Pending
ORD-370233,BIZ-1039,4,4,2025-10-28,150000.0,15,10000.0,Cash,Delivered
ORD-531762,BIZ-1035,3,2,2025-10-11,220500.0,21,10500.0,POS,Cancelled
ORD-812597,BIZ-1028,4,2,2025-10-04,252000.0,24,10500.0,POS,Delivered
ORD-308622,BIZ-1011,1,2,2025-10-29,325500.0,31,10500.0,POS,Cancelled
ORD-781433,BIZ-1036,3,3,2025-10-18,199500.0,19,10500.0,POS,Delivered
ORD-283017,BIZ-1033,3,2,2025-10-20,256500.0,27,9500.0,POS,Delivered
ORD-398433,BIZ-1007,4,5,2025-10-30,240000.0,24,10000.0,Cash,Cancelled
ORD-805893,BIZ-1057,2,5,2025-10-11,220000.0,22,10000.0,Cash,Cancelled
ORD-912378,BIZ-1003,1,3,2025-10-16,336000.0,32,10500.0,Cash,Delivered
ORD-182216,BIZ-1050,3,5,2025-10-23,320000.0,32,10000.0,POS,Pending
ORD-400441,BIZ-1044,1,5,2025-10-12,180000.0,18,10000.0,Cash,Delivered
ORD-251884,BIZ-1007,2,5,2025-10-14,362600.0,37,9800.0,Bank Transfer,Pending
ORD-771697,BIZ-1026,2,5,2025-10-27,357000.0,34,10500.0,POS,Pending
ORD-453777,BIZ-1038,2,2,2025-10-25,127400.0,13,9800.0,POS,Cancelled
ORD-742053,BIZ-1026,1,3,2025-10-13,240000.0,24,10000.0,POS,Cancelled
ORD-990136,BIZ-1007,2,2,2025-10-18,114000.0,12,9500.0,Bank Transfer,Cancelled
ORD-182954,BIZ-1026,4,5,2025-10-28,215600.0,22,9800.0,Bank Transfer,Pending
ORD-339303,BIZ-1014,4,5,2025-10-05,310000.0,31,10000.0,Bank Transfer,Pending
ORD-784733,BIZ-1041,2,4,2025-10-10,370500.0,39,9500.0,Cash,Cancelled
ORD-380465,BIZ-1034,3,2,2025-10-09,247000.0,26,10000.0,Cash,Pending
ORD-514664,BIZ-1012,4,2,2025-10-19,300000.0,30,10000.0,Cash,Delivered
ORD-566509,BIZ-1028,3,3,2025-10-09,294000.0,28,10500.0,Cash,Pending
ORD-480805,BIZ-1006,1,2,2025-10-24,199500.0,21,9500.0,Bank Transfer,Pending
ORD-646240,BIZ-1016,3,5,2025-10-23,38000.0,4,9500.0,Bank Transfer,Cancelled
ORD-534098,BIZ-1028,1,4,2025-10-29,350000.0,35,10000.0,POS,Cancelled
ORD-995706,BIZ-1034,3,4,2025-10-06,274400.0,28,10000.0,Bank Transfer,Delivered
ORD-863124,BIZ-1047,2,3,2025-10-01,220000.0,22,10000.0,Bank Transfer,Delivered
ORD-363871,BIZ-1023,2,2,2025-10-08,150000.0,15,10000.0,Bank Transfer,Delivered
ORD-834733,BIZ-1046,1,1,2025-10-29,360000.0,36,10000.0,Cash,Delivered
ORD-320800,BIZ-1041,1,4,2025-10-23,332500.0,35,10000.0,POS,Cancelled
ORD-208013,BIZ-1052,4,4,2025-10-06,400000.0,40,10000.0,Bank Transfer,Delivered
ORD-596171,BIZ-1029,1,3,2025-10-03,264600.0,27,9800.0,POS,Delivered
ORD-127645,BIZ-1027,2,4,2025-10-17,117600.0,12,9800.0,Bank Transfer,Delivered
ORD-649435,BIZ-1017,4,1,2025-10-24,210000.0,20,10500.0,Bank Transfer,Delivered
ORD-187295,BIZ-1042,4,3,2025-10-23,66500.0,7,9500.0,Cash,Delivered
ORD-748127,BIZ-1022,3,5,2025-10-04,262500.0,25,10500.0,Bank Transfer,Cancelled
ORD-786641,BIZ-1023,2,5,2025-10-05,336000.0,32,10500.0,Bank Transfer,Pending
ORD-508783,BIZ-1057,4,2,2025-10-28,346500.0,33,10000.0,Cash,Delivered
ORD-359414,BIZ-1018,1,1,2025-10-10,52500.0,5,10500.0,Bank Transfer,Delivered
ORD-564687,BIZ-1040,4,5,2025-10-23,210000.0,21,10000.0,Bank Transfer,Cancelled
ORD-237654,BIZ-1017,4,3,2025-10-19,186200.0,19,10000.0,Bank Transfer,Cancelled
ORD-278895,BIZ-1024,3,3,2025-10-16,362600.0,37,9800.0,POS,Delivered
ORD-795781,BIZ-1032,2,3,2025-10-01,250000.0,25,10000.0,Bank Transfer,Pending
ORD-440998,BIZ-1015,4,4,2025-10-11,294000.0,28,10500.0,Cash,Pending
ORD-589887,BIZ-1034,2,5,2025-10-26,225400.0,23,9800.0,Cash,Pending
ORD-666843,BIZ-1053,1,2,2025-10-30,107800.0,11,9800.0,Bank Transfer,Pending
ORD-675191,BIZ-1059,1,4,2025-10-29,228000.0,24,9500.0,POS,Delivered
ORD-831510,BIZ-1038,2,4,2025-10-14,57000.0,6,9500.0,POS,Pending
ORD-719531,BIZ-1000,2,2,2025-10-17,284200.0,29,9800.0,Cash,Pending
ORD-761701,BIZ-1015,4,5,2025-10-18,117600.0,12,9800.0,Bank Transfer,Cancelled
ORD-691380,BIZ-1044,3,4,2025-10-23,49000.0,5,9800.0,POS,Cancelled
ORD-770864,BIZ-1030,4,3,2025-10-14,120000.0,12,10000.0,Bank Transfer,Delivered
ORD-424703,BIZ-1043,3,4,2025-10-20,19600.0,2,9800.0,Bank Transfer,Pending
ORD-605048,BIZ-1030,4,5,2025-10-28,114000.0,12,9500.0,POS,Delivered
ORD-943797,BIZ-1023,1,4,2025-10-17,98000.0,10,9800.0,Cash,Delivered
ORD-422823,BIZ-1008,3,3,2025-10-03,171000.0,18,9500.0,Bank Transfer,Delivered
ORD-372427,BIZ-1056,1,2,2025-10-11,42000.0,4,10500.0,Bank Transfer,Cancelled
ORD-111068,BIZ-1000,4,2,2025-10-05,240000.0,24,10000.0,Cash,Delivered
ORD-954987,BIZ-1053,1,4,2025-10-01,78400.0,8,9800.0,Bank Transfer,Pending
ORD-242921,BIZ-1041,2,3,2025-10-23,85500.0,9,9500.0,POS,Pending
ORD-591989,BIZ-1028,4,5,2025-10-11,273000.0,26,10500.0,POS,Cancelled
ORD-821179,BIZ-1001,4,1,2025-10-17,260000.0,26,10000.0,POS,Pending
ORD-892170,BIZ-1038,1,1,2025-10-28,85500.0,9,9500.0,POS,Pending
ORD-109576,BIZ-1033,4,3,2025-10-15,190000.0,20,9500.0,Cash,Pending
ORD-936726,BIZ-1030,2,3,2025-10-23,228000.0,24,9500.0,Bank Transfer,Delivered
ORD-342446,BIZ-1017,1,3,2025-10-09,147000.0,14,10500.0,POS,Cancelled
ORD-674842,BIZ-1033,4,2,2025-10-24,90000.0,9,10000.0,Bank Transfer,Delivered
ORD-531736,BIZ-1052,2,3,2025-10-12,157500.0,15,10500.0,Cash,Pending
ORD-558339,BIZ-1003,1,3,2025-10-27,300000.0,30,10000.0,Bank Transfer,Pending
ORD-271200,BIZ-1029,1,4,2025-10-12,39200.0,4,9800.0,Cash,Pending
ORD-777370,BIZ-1015,4,3,2025-10-22,40000.0,4,10000.0,POS,Pending
ORD-496737,BIZ-1053,2,3,2025-10-12,50000.0,5,10000.0,Bank Transfer,Pending
ORD-183057,BIZ-1032,2,1,2025-10-07,50000.0,5,10000.0,Cash,Cancelled
ORD-351198,BIZ-1013,3,2,2025-10-13,104500.0,11,9500.0,POS,Cancelled
ORD-938817,BIZ-1010,3,4,2025-10-16,360000.0,36,10000.0,POS,Delivered
ORD-946803,BIZ-1036,3,3,2025-10-28,340000.0,34,10000.0,Cash,Pending
ORD-385071,BIZ-1034,2,5,2025-10-21,420000.0,40,10500.0,Cash,Pending
ORD-879015,BIZ-1034,4,3,2025-10-09,38000.0,4,9500.0,Cash,Cancelled
ORD-381880,BIZ-1040,1,3,2025-10-16,28500.0,3,9500.0,Cash,Cancelled
ORD-994940,BIZ-1020,1,2,2025-10-13,290000.0,29,10000.0,Bank Transfer,Delivered
ORD-243260,BIZ-1048,2,3,2025-10-03,420000.0,40,10500.0,Bank Transfer,Delivered
ORD-767830,BIZ-1042,3,2,2025-10-09,30000.0,3,10000.0,Bank Transfer,Pending
ORD-574760,BIZ-1001,4,2,2025-10-14,362600.0,37,9800.0,Cash,Cancelled
ORD-753004,BIZ-1036,1,4,2025-10-09,370000.0,37,10000.0,Bank Transfer,Delivered
ORD-436219,BIZ-1038,4,4,2025-10-15,30000.0,3,10000.0,Bank Transfer,Pending
ORD-152042,BIZ-1024,3,4,2025-10-01,115500.0,11,10500.0,POS,Pending
ORD-123205,BIZ-1028,4,5,2025-10-30,220000.0,22,10000.0,POS,Cancelled
ORD-207241,BIZ-1057,2,2,2025-10-06,360000.0,36,10000.0,POS,Cancelled
ORD-231113,BIZ-1005,1,2,2025-10-09,380000.0,38,10000.0,Bank Transfer,Pending
ORD-862427,BIZ-1027,2,5,2025-10-22,310000.0,31,10000.0,Cash,Cancelled
ORD-194578,BIZ-1046,2,5,2025-10-01,247000.0,26,9500.0,Bank Transfer,Delivered
ORD-617555,BIZ-1030,1,2,2025-10-05,352800.0,36,9800.0,Cash,Delivered
ORD-540656,BIZ-1008,4,3,2025-10-07,70000.0,7,10000.0,Cash,Cancelled
ORD-938297,BIZ-1060,3,1,2025-10-10,220000.0,22,10000.0,Bank Transfer,Cancelled
ORD-489438,BIZ-1009,2,4,2025-10-15,294500.0,31,9500.0,Cash,Pending
ORD-929868,BIZ-1003,4,3,2025-10-14,274400.0,28,9800.0,Bank Transfer,Pending
ORD-184120,BIZ-1052,2,2,2025-10-01,228000.0,24,10000.0,Cash,Pending
ORD-253184,BIZ-1008,4,3,2025-10-26,254800.0,26,9800.0,Bank Transfer,Pending
ORD-913331,BIZ-1032,2,2,2025-10-02,156800.0,16,9800.0,POS,Pending
ORD-669578,BIZ-1013,3,4,2025-10-12,399000.0,38,10500.0,Bank Transfer,Delivered
ORD-301528,BIZ-1015,4,3,2025-10-15,9800.0,1,9800.0,Bank Transfer,Cancelled
ORD-362227,BIZ-1012,3,3,2025-10-27,95000.0,10,9500.0,Bank Transfer,Delivered
ORD-968485,BIZ-1043,2,5,2025-10-25,90000.0,9,10000.0,POS,Cancelled
ORD-905459,BIZ-1061,1,5,2025-10-01,57000.0,6,9500.0,Cash,Delivered
ORD-503489,BIZ-1038,3,4,2025-10-22,28500.0,3,9500.0,Bank Transfer,Delivered
ORD-564478,BIZ-1060,3,5,2025-10-24,273000.0,26,10500.0,POS,Pending
ORD-135138,BIZ-1030,2,2,2025-10-08,380000.0,40,9500.0,Bank Transfer,Pending
ORD-871041,BIZ-1042,1,4,2025-10-06,390000.0,39,10000.0,Cash,Cancelled
ORD-646453,BIZ-1030,3,3,2025-10-24,150000.0,15,10000.0,Cash,Cancelled
ORD-318572,BIZ-1048,4,5,2025-10-20,115500.0,11,10000.0,POS,Pending
ORD-814544,BIZ-1027,4,2,2025-10-15,199500.0,19,10500.0,Cash,Cancelled
ORD-438756,BIZ-1026,1,3,2025-10-29,205800.0,21,9800.0,Bank Transfer,Cancelled
ORD-863611,BIZ-1031,3,4,2025-10-05,95000.0,10,9500.0,POS,Delivered
ORD-676276,BIZ-1028,4,2,2025-10-02,95000.0,10,9500.0,Bank Transfer,Cancelled
ORD-365617,BIZ-1009,2,5,2025-10-16,50000.0,5,10000.0,POS,Delivered
ORD-413328,BIZ-1044,4,4,2025-10-15,325500.0,31,10500.0,POS,Cancelled
ORD-154617,BIZ-1005,1,1,2025-10-06,360000.0,36,10000.0,POS,Delivered
ORD-328367,BIZ-1011,4,2,2025-10-26,235200.0,24,10000.0,Cash,Delivered
ORD-347428,BIZ-1050,2,3,2025-10-30,38000.0,4,10000.0,Bank Transfer,Pending
ORD-440277,BIZ-1053,2,3,2025-10-19,315000.0,30,10500.0,Bank Transfer,Pending
ORD-932978,BIZ-1045,1,4,2025-10-01,280000.0,28,10000.0,Bank Transfer,Pending
ORD-225461,BIZ-1026,4,5,2025-10-09,256500.0,27,9500.0,Bank Transfer,Delivered
ORD-354897,BIZ-1002,4,5,2025-10-12,88200.0,9,9800.0,Bank Transfer,Cancelled
ORD-144033,BIZ-1031,3,4,2025-10-01,126000.0,12,10500.0,POS,Pending
ORD-824305,BIZ-1046,2,4,2025-10-18,220000.0,22,10000.0,Bank Transfer,Pending
ORD-725173,BIZ-1022,1,2,2025-10-15,323400.0,33,9800.0,Cash,Cancelled
ORD-908239,BIZ-1004,4,2,2025-10-05,330000.0,33,10000.0,Cash,Cancelled
ORD-265358,BIZ-1020,2,3,2025-10-03,31500.0,3,10500.0,Bank Transfer,Pending
ORD-819265,BIZ-1033,4,4,2025-10-15,209000.0,22,9500.0,Cash,Pending
ORD-896456,BIZ-1027,2,1,2025-10-19,294000.0,30,9800.0,Cash,Pending
ORD-162678,BIZ-1056,1,5,2025-10-19,190000.0,20,9500.0,Cash,Pending
ORD-261395,BIZ-1033,3,2,2025-10-11,9800.0,1,9800.0,Cash,Delivered
ORD-929912,BIZ-1017,4,4,2025-10-22,247000.0,26,9500.0,Bank Transfer,Pending
ORD-611540,BIZ-1038,3,5,2025-10-04,367500.0,35,10500.0,POS,Cancelled
ORD-685472,BIZ-1024,1,5,2025-10-07,42000.0,4,10500.0,Bank Transfer,Delivered
ORD-893454,BIZ-1050,1,2,2025-10-24,250000.0,25,10000.0,Bank Transfer,Cancelled
ORD-560030,BIZ-1056,2,2,2025-10-11,266000.0,28,9500.0,Cash,Delivered
ORD-122390,BIZ-1028,2,2,2025-10-22,68600.0,7,9800.0,POS,Pending
ORD-475565,BIZ-1034,1,3,2025-10-21,178500.0,17,10500.0,Bank Transfer,Cancelled
ORD-362874,BIZ-1028,3,5,2025-10-22,110000.0,11,10000.0,Cash,Cancelled
ORD-608876,BIZ-1044,3,2,2025-10-27,342000.0,36,9500.0,Bank Transfer,Delivered
ORD-686179,BIZ-1027,2,2,2025-10-22,152000.0,16,9500.0,Bank Transfer,Pending
ORD-830897,BIZ-1033,4,4,2025-10-09,209000.0,22,9500.0,Cash,Cancelled
ORD-694229,BIZ-1027,3,5,2025-10-15,400000.0,40,10000.0,Bank Transfer,Pending
ORD-464552,BIZ-1061,1,5,2025-10-06,126000.0,12,10500.0,POS,Delivered
ORD-591147,BIZ-1041,3,2,2025-10-10,380000.0,40,9500.0,Bank Transfer,Pending
ORD-971733,BIZ-1041,4,5,2025-10-09,107800.0,11,9800.0,Bank Transfer,Pending
ORD-681456,BIZ-1056,3,3,2025-10-18,262500.0,25,10500.0,Bank Transfer,Delivered
ORD-656937,BIZ-1046,3,2,2025-10-05,136500.0,13,10500.0,POS,Pending
ORD-410035,BIZ-1015,4,5,2025-10-05,378000.0,36,10500.0,POS,Pending
ORD-667915,BIZ-1004,3,3,2025-10-25,123500.0,13,9500.0,Bank Transfer,Delivered
ORD-100754,BIZ-1032,3,5,2025-10-12,370000.0,37,10000.0,POS,Pending
ORD-630535,BIZ-1020,2,3,2025-10-24,256500.0,27,9500.0,Bank Transfer,Delivered
ORD-294546,BIZ-1047,1,3,2025-10-12,66500.0,7,9500.0,Cash,Cancelled
ORD-749838,BIZ-1028,3,4,2025-10-27,360000.0,36,10000.0,POS,Pending
ORD-913712,BIZ-1013,4,5,2025-10-26,160000.0,16,10000.0,Bank Transfer,Delivered
ORD-436272,BIZ-1030,1,5,2025-10-19,40000.0,4,10000.0,Cash,Delivered
ORD-790266,BIZ-1000,4,4,2025-10-22,180000.0,18,10000.0,POS,Pending
ORD-958835,BIZ-1053,2,5,2025-10-30,52500.0,5,10500.0,Cash,Delivered
ORD-649526,BIZ-1042,2,2,2025-10-12,20000.0,2,10000.0,POS,Delivered
ORD-902930,BIZ-1000,2,4,2025-10-21,85500.0,9,9500.0,Bank Transfer,Pending
ORD-742818,BIZ-1012,3,2,2025-10-17,220000.0,22,10000.0,POS,Delivered
ORD-529711,BIZ-1022,1,4,2025-10-09,361000.0,38,9500.0,Cash,Pending
ORD-215830,BIZ-1061,2,5,2025-10-20,342000.0,36,9500.0,Bank Transfer,Pending
ORD-790897,BIZ-1019,4,4,2025-10-03,30000.0,3,10000.0,POS,Pending
ORD-975763,BIZ-1021,1,4,2025-10-03,171000.0,18,9500.0,Bank Transfer,Cancelled
ORD-287316,BIZ-1020,4,1,2025-10-29,9500.0,1,9500.0,Cash,Pending
ORD-311895,BIZ-1007,2,2,2025-10-27,247000.0,26,9500.0,POS,Cancelled
ORD-300924,BIZ-1024,2,2,2025-10-04,152000.0,16,9500.0,Bank Transfer,Cancelled
ORD-698749,BIZ-1022,3,3,2025-10-03,351500.0,37,9500.0,Bank Transfer,Cancelled
ORD-507475,BIZ-1010,1,3,2025-10-20,88200.0,9,9800.0,Bank Transfer,Cancelled
ORD-651363,BIZ-1029,1,3,2025-10-20,340000.0,34,10000.0,POS,Delivered
ORD-718975,BIZ-1020,1,3,2025-10-19,42000.0,4,10500.0,Bank Transfer,Cancelled
ORD-484150,BIZ-1057,1,3,2025-10-08,190000.0,19,10000.0,POS,Pending
ORD-852715,BIZ-1003,2,2,2025-10-07,380000.0,38,10000.0,POS,Delivered
ORD-318877,BIZ-1012,4,4,2025-10-03,270000.0,27,10000.0,Bank Transfer,Pending
ORD-972496,BIZ-1000,2,2,2025-10-20,372400.0,38,9800.0,POS,Delivered
ORD-939930,BIZ-1026,1,2,2025-10-03,361000.0,38,10000.0,POS,Delivered
ORD-478458,BIZ-1008,3,4,2025-10-20,147000.0,15,9800.0,POS,Pending
ORD-536158,BIZ-1009,2,4,2025-10-17,88200.0,9,9800.0,POS,Delivered
ORD-932831,BIZ-1050,3,3,2025-10-25,133000.0,14,9500.0,Bank Transfer,Pending
ORD-963652,BIZ-1031,1,2,2025-10-22,147000.0,14,10500.0,POS,Cancelled
ORD-654718,BIZ-1044,2,3,2025-10-19,80000.0,8,10000.0,Cash,Cancelled
ORD-173807,BIZ-1029,4,2,2025-10-02,340000.0,34,10000.0,POS,Delivered
ORD-181721,BIZ-1010,2,2,2025-10-26,147000.0,14,10500.0,POS,Cancelled
ORD-644719,BIZ-1047,4,5,2025-10-29,168000.0,16,10500.0,Cash,Delivered
ORD-860397,BIZ-1002,4,3,2025-10-03,161500.0,17,9500.0,Bank Transfer,Delivered
ORD-504048,BIZ-1003,2,2,2025-10-07,42000.0,4,10500.0,Cash,Delivered
ORD-651752,BIZ-1035,2,1,2025-10-06,186200.0,19,9800.0,Bank Transfer,Pending
ORD-697717,BIZ-1056,3,3,2025-10-20,10500.0,1,10500.0,Cash,Pending
ORD-287588,BIZ-1023,1,5,2025-10-19,157500.0,15,10500.0,Cash,Pending
ORD-685253,BIZ-1046,4,2,2025-10-17,176400.0,18,9800.0,Cash,Delivered
ORD-210639,BIZ-1012,4,3,2025-10-13,19600.0,2,9800.0,Bank Transfer,Cancelled
ORD-704570,BIZ-1048,3,5,2025-10-23,323400.0,33,9800.0,POS,Pending
ORD-581003,BIZ-1046,3,5,2025-10-11,340000.0,34,10000.0,POS,Cancelled
ORD-547820,BIZ-1013,3,4,2025-10-22,210000.0,20,10500.0,POS,Delivered
ORD-274912,BIZ-1047,2,2,2025-10-27,160000.0,16,10000.0,POS,Cancelled
ORD-676680,BIZ-1007,4,4,2025-10-24,392000.0,40,9800.0,Bank Transfer,Delivered
ORD-453907,BIZ-1030,2,4,2025-10-13,220500.0,21,10500.0,Cash,Delivered
ORD-659835,BIZ-1025,2,3,2025-10-20,114000.0,12,9500.0,Cash,Cancelled
ORD-564531,BIZ-1041,4,5,2025-10-30,176400.0,18,9800.0,Bank Transfer,Pending
ORD-430463,BIZ-1018,1,5,2025-10-29,303800.0,31,9800.0,Bank Transfer,Pending
ORD-440424,BIZ-1047,1,5,2025-10-17,241500.0,23,10500.0,Cash,Delivered
ORD-532373,BIZ-1014,3,4,2025-10-26,266000.0,28,9500.0,POS,Delivered
ORD-551504,BIZ-1017,3,2,2025-10-23,157500.0,15,10500.0,Cash,Pending
ORD-439162,BIZ-1057,3,3,2025-10-25,332500.0,35,9500.0,POS,Delivered
ORD-690500,BIZ-1049,1,5,2025-10-19,147000.0,15,9800.0,Bank Transfer,Delivered
ORD-493282,BIZ-1034,4,4,2025-10-17,161500.0,17,9500.0,Cash,Cancelled
ORD-880746,BIZ-1045,1,4,2025-10-23,399000.0,38,10500.0,Cash,Delivered
ORD-574379,BIZ-1046,3,5,2025-10-08,380000.0,40,10000.0,POS,Cancelled
ORD-516379,BIZ-1025,4,5,2025-10-14,152000.0,16,9500.0,POS,Delivered
ORD-136346,BIZ-1035,1,3,2025-10-01,10500.0,1,10500.0,Cash,Delivered
ORD-724702,BIZ-1053,2,4,2025-10-30,58800.0,6,9800.0,Cash,Cancelled
ORD-241647,BIZ-1009,4,2,2025-10-01,230000.0,23,10000.0,Bank Transfer,Cancelled
ORD-416503,BIZ-1001,2,2,2025-10-30,66500.0,7,10000.0,Bank Transfer,Delivered
ORD-332665,BIZ-1039,1,2,2025-10-01,142500.0,15,9500.0,Bank Transfer,Delivered
ORD-430201,BIZ-1050,4,4,2025-10-07,90000.0,9,10000.0,POS,Pending
ORD-961866,BIZ-1029,3,4,2025-10-01,147000.0,15,9800.0,POS,Cancelled
ORD-962283,BIZ-1056,2,3,2025-10-29,140000.0,14,10000.0,Bank Transfer,Cancelled
ORD-680557,BIZ-1051,4,3,2025-10-09,49000.0,5,9800.0,Bank Transfer,Delivered
ORD-698388,BIZ-1060,1,3,2025-10-16,228000.0,24,9500.0,Bank Transfer,Delivered
ORD-262230,BIZ-1035,3,2,2025-10-28,107800.0,11,9800.0,Cash,Delivered
ORD-582732,BIZ-1054,1,5,2025-10-03,274400.0,28,9800.0,POS,Cancelled
ORD-245131,BIZ-1008,4,2,2025-10-11,360000.0,36,10000.0,POS,Cancelled
ORD-710434,BIZ-1048,4,3,2025-10-08,362600.0,37,9800.0,Bank Transfer,Cancelled
ORD-368691,BIZ-1005,2,5,2025-10-08,290000.0,29,10000.0,POS,Delivered
ORD-196369,BIZ-1050,4,1,2025-10-25,19600.0,2,9800.0,Cash,Cancelled
ORD-696707,BIZ-1060,3,2,2025-10-18,285000.0,30,9500.0,Bank Transfer,Delivered
ORD-869933,BIZ-1038,4,3,2025-10-28,332500.0,35,9500.0,POS,Cancelled
ORD-440464,BIZ-1031,1,2,2025-10-03,85500.0,9,9500.0,Bank Transfer,Delivered
ORD-281301,BIZ-1046,1,4,2025-10-24,38000.0,4,9500.0,Cash,Cancelled
ORD-823092,BIZ-1007,2,5,2025-10-15,332500.0,35,9500.0,Cash,Cancelled
ORD-959324,BIZ-1002,3,3,2025-10-22,88200.0,9,9800.0,Cash,Delivered
ORD-724145,BIZ-1035,3,2,2025-10-28,88200.0,9,9800.0,POS,Pending
ORD-139186,BIZ-1041,3,5,2025-10-20,52500.0,5,10500.0,Cash,Delivered
ORD-704277,BIZ-1037,3,4,2025-10-22,180000.0,18,10000.0,Bank Transfer,Delivered
ORD-918017,BIZ-1032,3,5,2025-10-12,19000.0,2,9500.0,Bank Transfer,Cancelled
ORD-908348,BIZ-1007,3,2,2025-10-02,361000.0,38,9500.0,Cash,Delivered
ORD-956835,BIZ-1046,3,4,2025-10-11,290000.0,29,10000.0,POS,Delivered
ORD-226395,BIZ-1042,4,1,2025-10-14,230000.0,23,10000.0,POS,Cancelled
ORD-337730,BIZ-1053,2,2,2025-10-27,190000.0,19,10000.0,Bank Transfer,Cancelled
ORD-990742,BIZ-1047,2,3,2025-10-23,105000.0,10,10500.0,POS,Delivered
ORD-111989,BIZ-1017,2,4,2025-10-19,98000.0,10,10000.0,Cash,Pending
ORD-762903,BIZ-1021,4,3,2025-10-20,294500.0,31,9500.0,Bank Transfer,Delivered
ORD-419588,BIZ-1011,3,5,2025-10-12,370500.0,39,9500.0,Bank Transfer,Pending
ORD-666157,BIZ-1047,3,5,2025-10-16,230000.0,23,10000.0,POS,Cancelled
ORD-442707,BIZ-1025,4,3,2025-10-17,176400.0,18,9800.0,POS,Delivered
ORD-331522,BIZ-1026,1,5,2025-10-16,168000.0,16,10500.0,POS,Delivered
ORD-806357,BIZ-1027,3,5,2025-10-05,210000.0,21,10000.0,Cash,Delivered
ORD-511967,BIZ-1014,3,4,2025-10-22,388500.0,37,10500.0,POS,Pending
ORD-889410,BIZ-1054,1,2,2025-10-30,42000.0,4,10500.0,Cash,Cancelled
ORD-629247,BIZ-1033,2,4,2025-10-18,420000.0,40,10500.0,POS,Cancelled
ORD-552917,BIZ-1058,1,4,2025-10-03,333200.0,34,9800.0,Bank Transfer,Pending
ORD-513477,BIZ-1057,4,5,2025-10-09,38000.0,4,9500.0,POS,Delivered
ORD-452497,BIZ-1013,2,5,2025-10-05,342000.0,36,9500.0,POS,Delivered
ORD-699198,BIZ-1049,4,2,2025-10-03,378000.0,36,10500.0,POS,Delivered
ORD-674779,BIZ-1004,3,3,2025-10-23,245000.0,25,9800.0,Cash,Delivered
ORD-189211,BIZ-1058,1,1,2025-10-12,95000.0,10,9500.0,POS,Cancelled
ORD-555596,BIZ-1014,2,3,2025-10-12,186200.0,19,9800.0,Cash,Delivered
ORD-236708,BIZ-1048,4,2,2025-10-24,19600.0,2,9800.0,Cash,Cancelled
ORD-604283,BIZ-1029,1,4,2025-10-23,357000.0,34,10500.0,Cash,Pending
ORD-611559,BIZ-1019,3,3,2025-10-17,63000.0,6,10500.0,Cash,Cancelled
ORD-699083,BIZ-1044,2,5,2025-10-12,245000.0,25,9800.0,Cash,Delivered
ORD-745919,BIZ-1046,1,5,2025-10-06,126000.0,12,10500.0,Cash,Cancelled
ORD-649713,BIZ-1055,1,4,2025-10-30,120000.0,12,10000.0,POS,Delivered
ORD-175124,BIZ-1060,2,3,2025-10-08,325500.0,31,10500.0,Cash,Pending
ORD-550956,BIZ-1019,1,4,2025-10-08,313500.0,33,9500.0,Cash,Delivered
ORD-703998,BIZ-1035,2,1,2025-10-10,352800.0,36,9800.0,POS,Delivered
ORD-804378,BIZ-1005,2,4,2025-10-03,285000.0,30,9500.0,Cash,Cancelled
ORD-483010,BIZ-1000,1,2,2025-10-13,40000.0,4,10000.0,Bank Transfer,Delivered
ORD-436318,BIZ-1004,2,5,2025-10-11,225400.0,23,9800.0,POS,Delivered
ORD-787247,BIZ-1061,1,4,2025-10-11,254800.0,26,9800.0,Bank Transfer,Delivered
ORD-419625,BIZ-1061,4,4,2025-10-01,409500.0,39,10500.0,POS,Delivered
ORD-466704,BIZ-1000,1,4,2025-10-06,382200.0,39,9800.0,POS,Cancelled
ORD-941792,BIZ-1053,1,1,2025-10-19,136500.0,13,10500.0,Cash,Cancelled
ORD-252901,BIZ-1002,3,3,2025-10-14,205800.0,21,9800.0,Bank Transfer,Cancelled
ORD-957915,BIZ-1016,4,5,2025-10-14,47500.0,5,9500.0,Cash,Delivered
ORD-818651,BIZ-1044,3,4,2025-10-08,315000.0,30,10500.0,Bank Transfer,Delivered
ORD-894541,BIZ-1053,3,5,2025-10-12,19000.0,2,9500.0,Cash,Delivered
ORD-189982,BIZ-1027,3,2,2025-10-22,352800.0,36,9800.0,POS,Pending
ORD-157187,BIZ-1021,4,5,2025-10-04,231000.0,22,10500.0,POS,Pending
ORD-751168,BIZ-1051,4,4,2025-10-08,370500.0,39,9500.0,POS,Cancelled
ORD-972881,BIZ-1048,2,5,2025-10-28,147000.0,14,10500.0,Bank Transfer,Delivered
ORD-114400,BIZ-1024,3,4,2025-10-25,50000.0,5,10000.0,POS,Cancelled
ORD-943349,BIZ-1052,3,5,2025-10-11,370000.0,37,10000.0,Bank Transfer,Delivered
ORD-571923,BIZ-1030,2,1,2025-10-04,273000.0,26,10500.0,POS,Delivered
ORD-447997,BIZ-1021,1,2,2025-10-15,264600.0,27,9800.0,Bank Transfer,Cancelled
ORD-664139,BIZ-1022,3,2,2025-10-07,382200.0,39,9800.0,Cash,Pending
ORD-672967,BIZ-1051,4,4,2025-10-07,220000.0,22,10000.0,Bank Transfer,Pending
ORD-371222,BIZ-1043,1,3,2025-10-16,30000.0,3,10000.0,POS,Delivered
ORD-753306,BIZ-1027,2,2,2025-10-17,228000.0,24,9500.0,Cash,Pending
ORD-248213,BIZ-1024,3,4,2025-10-22,294000.0,28,10500.0,Bank Transfer,Cancelled
ORD-800722,BIZ-1028,3,4,2025-10-21,94500.0,9,10500.0,Bank Transfer,Delivered
ORD-711324,BIZ-1037,2,3,2025-10-01,333200.0,34,10000.0,Cash,Cancelled
ORD-652388,BIZ-1038,4,2,2025-10-28,57000.0,6,9500.0,POS,Pending
ORD-278593,BIZ-1050,1,4,2025-10-02,50000.0,5,10000.0,Bank Transfer,Delivered
ORD-310445,BIZ-1060,2,4,2025-10-02,170000.0,17,10000.0,Cash,Cancelled
ORD-747983,BIZ-1020,4,4,2025-10-24,352800.0,36,9800.0,Cash,Cancelled
ORD-587546,BIZ-1047,1,2,2025-10-09,336000.0,32,10500.0,POS,Pending
ORD-108739,BIZ-1028,3,2,2025-10-20,180500.0,19,10000.0,Cash,Cancelled
ORD-792451,BIZ-1001,1,5,2025-10-02,10500.0,1,10500.0,Cash,Delivered
ORD-993473,BIZ-1020,4,4,2025-10-09,303800.0,31,9800.0,Bank Transfer,Delivered
ORD-477717,BIZ-1025,3,4,2025-10-28,228000.0,24,9500.0,POS,Pending
ORD-120005,BIZ-1045,3,5,2025-10-26,275500.0,29,9500.0,POS,Cancelled
ORD-780956,BIZ-1002,2,2,2025-10-09,50000.0,5,10000.0,Bank Transfer,Cancelled
ORD-499194,BIZ-1039,1,3,2025-10-12,290000.0,29,10000.0,POS,Cancelled
ORD-844162,BIZ-1028,4,5,2025-10-16,388500.0,37,10500.0,POS,Cancelled
ORD-430779,BIZ-1018,3,5,2025-10-03,409500.0,39,10500.0,Bank Transfer,Cancelled
ORD-726111,BIZ-1051,1,2,2025-10-15,252000.0,24,10500.0,Cash,Cancelled
ORD-295472,BIZ-1042,3,5,2025-10-16,70000.0,7,10000.0,POS,Cancelled
ORD-580233,BIZ-1028,1,4,2025-10-06,127400.0,13,9800.0,Bank Transfer,Delivered
ORD-847078,BIZ-1009,4,3,2025-10-17,186200.0,19,9800.0,POS,Cancelled
ORD-359409,BIZ-1010,3,3,2025-10-01,42000.0,4,10500.0,Bank Transfer,Pending
ORD-419739,BIZ-1050,4,4,2025-10-28,84000.0,8,10500.0,POS,Pending
ORD-512509,BIZ-1040,2,2,2025-10-11,117600.0,12,9800.0,POS,Cancelled
ORD-119264,BIZ-1021,2,2,2025-10-23,150000.0,15,10000.0,POS,Delivered
ORD-469007,BIZ-1031,2,4,2025-10-11,342000.0,36,9500.0,Cash,Pending
ORD-417012,BIZ-1058,4,5,2025-10-11,78400.0,8,9800.0,Bank Transfer,Cancelled
ORD-625600,BIZ-1041,2,2,2025-10-08,105000.0,10,10500.0,Cash,Cancelled
ORD-165021,BIZ-1003,4,3,2025-10-09,171000.0,18,9500.0,Cash,Pending
ORD-505977,BIZ-1056,3,3,2025-10-19,49000.0,5,9800.0,Cash,Delivered
ORD-954441,BIZ-1054,2,5,2025-10-27,98000.0,10,9800.0,Bank Transfer,Pending
ORD-681896,BIZ-1019,4,2,2025-10-30,130000.0,13,10000.0,Bank Transfer,Cancelled
ORD-336540,BIZ-1011,3,4,2025-10-29,200000.0,20,10000.0,Bank Transfer,Pending
ORD-511929,BIZ-1032,3,1,2025-10-05,142500.0,15,9500.0,POS,Pending
ORD-192059,BIZ-1014,3,4,2025-10-20,237500.0,25,9500.0,Cash,Cancelled
ORD-646012,BIZ-1055,3,1,2025-10-22,123500.0,13,9500.0,POS,Pending
ORD-742198,BIZ-1011,3,3,2025-10-29,19000.0,2,9500.0,POS,Delivered
ORD-819871,BIZ-1014,3,5,2025-10-27,400000.0,40,10000.0,POS,Cancelled
ORD-352036,BIZ-1028,3,3,2025-10-07,50000.0,5,10000.0,Cash,Delivered
ORD-547180,BIZ-1045,4,1,2025-10-18,333200.0,34,9800.0,POS,Delivered
ORD-734775,BIZ-1012,1,5,2025-10-30,40000.0,4,10000.0,Cash,Delivered
ORD-668573,BIZ-1020,4,5,2025-10-10,336000.0,32,10500.0,Cash,Delivered
ORD-784167,BIZ-1027,1,1,2025-10-04,42000.0,4,10500.0,Cash,Cancelled
ORD-667650,BIZ-1007,2,4,2025-10-05,88200.0,9,9800.0,POS,Delivered
ORD-312137,BIZ-1030,4,4,2025-10-21,336000.0,32,10500.0,Bank Transfer,Cancelled
ORD-424008,BIZ-1032,2,4,2025-10-26,370500.0,39,9500.0,Cash,Cancelled
ORD-649249,BIZ-1050,3,2,2025-10-21,350000.0,35,10000.0,Bank Transfer,Delivered
ORD-550955,BIZ-1050,3,2,2025-10-28,294000.0,30,9800.0,Cash,Pending
ORD-907455,BIZ-1005,2,3,2025-10-30,107800.0,11,9800.0,Bank Transfer,Pending
ORD-692282,BIZ-1021,4,4,2025-10-05,332500.0,35,9500.0,Bank Transfer,Delivered
ORD-432918,BIZ-1016,1,4,2025-10-28,66500.0,7,9500.0,Cash,Delivered
ORD-658850,BIZ-1030,1,5,2025-10-03,157500.0,15,10500.0,Bank Transfer,Pending
ORD-224138,BIZ-1002,4,4,2025-10-29,320000.0,32,10000.0,Bank Transfer,Delivered
ORD-980303,BIZ-1034,2,5,2025-10-06,275500.0,29,9500.0,Cash,Cancelled
ORD-862398,BIZ-1030,2,1,2025-10-27,39200.0,4,9800.0,Bank Transfer,Pending
ORD-434168,BIZ-1048,3,3,2025-10-01,180500.0,19,9500.0,Cash,Pending
ORD-534152,BIZ-1011,4,2,2025-10-27,39200.0,4,9800.0,POS,Pending
ORD-418083,BIZ-1009,4,4,2025-10-29,73500.0,7,10500.0,Bank Transfer,Pending
ORD-961613,BIZ-1038,1,1,2025-10-14,313600.0,32,9800.0,Bank Transfer,Delivered
ORD-874205,BIZ-1005,1,4,2025-10-27,63000.0,6,10500.0,POS,Delivered
ORD-916953,BIZ-1011,1,5,2025-10-09,178500.0,17,10500.0,POS,Pending
ORD-237935,BIZ-1025,1,3,2025-10-06,409500.0,39,10500.0,Bank Transfer,Cancelled
ORD-899484,BIZ-1060,1,5,2025-10-06,152000.0,16,9500.0,Cash,Delivered
ORD-746915,BIZ-1012,4,4,2025-10-30,215600.0,22,9800.0,Cash,Cancelled
ORD-694587,BIZ-1029,4,4,2025-10-09,399000.0,38,10500.0,Cash,Pending
ORD-725329,BIZ-1029,4,2,2025-10-19,42000.0,4,10500.0,Cash,Cancelled
ORD-820767,BIZ-1035,2,4,2025-10-07,95000.0,10,9500.0,Cash,Cancelled
ORD-183336,BIZ-1012,1,2,2025-10-01,95000.0,10,9500.0,Bank Transfer,Cancelled
ORD-599753,BIZ-1019,1,4,2025-10-21,230000.0,23,10000.0,Cash,Cancelled
ORD-987240,BIZ-1021,2,3,2025-10-05,228000.0,24,9500.0,Bank Transfer,Cancelled
ORD-846606,BIZ-1037,1,1,2025-10-19,178500.0,17,10500.0,POS,Cancelled
ORD-292913,BIZ-1042,1,5,2025-10-20,114000.0,12,9500.0,POS,Pending
ORD-615318,BIZ-1046,2,2,2025-10-26,285000.0,30,9500.0,Cash,Cancelled
ORD-271742,BIZ-1044,3,2,2025-10-15,390000.0,39,10000.0,Bank Transfer,Delivered
ORD-133795,BIZ-1032,1,1,2025-10-06,209000.0,22,9500.0,POS,Cancelled
ORD-115743,BIZ-1051,1,5,2025-10-13,170000.0,17,10000.0,POS,Pending
ORD-533108,BIZ-1027,3,5,2025-10-28,380000.0,40,9500.0,Cash,Pending
ORD-803950,BIZ-1014,3,3,2025-10-07,367500.0,35,10500.0,Bank Transfer,Pending
ORD-894586,BIZ-1016,4,3,2025-10-30,117600.0,12,9800.0,Cash,Pending
ORD-285679,BIZ-1001,3,3,2025-10-07,127400.0,13,9800.0,Cash,Pending
ORD-560623,BIZ-1014,4,3,2025-10-28,47500.0,5,9500.0,POS,Cancelled
ORD-613742,BIZ-1005,1,3,2025-10-27,336000.0,32,10500.0,POS,Pending
ORD-579770,BIZ-1022,2,2,2025-10-21,98000.0,10,9800.0,Cash,Cancelled
ORD-548324,BIZ-1036,3,3,2025-10-27,30000.0,3,10000.0,POS,Delivered
ORD-143858,BIZ-1032,3,1,2025-10-13,160000.0,16,10000.0,Bank Transfer,Cancelled
ORD-964371,BIZ-1016,4,5,2025-10-19,252000.0,24,10500.0,POS,Pending
ORD-428096,BIZ-1032,3,4,2025-10-12,351500.0,37,9500.0,Bank Transfer,Pending
ORD-878533,BIZ-1027,2,5,2025-10-12,343000.0,35,9800.0,Cash,Pending
ORD-662203,BIZ-1036,4,3,2025-10-18,126000.0,12,10500.0,Bank Transfer,Delivered
ORD-838315,BIZ-1048,1,2,2025-10-16,230000.0,23,10000.0,POS,Delivered
ORD-645940,BIZ-1061,4,2,2025-10-24,350000.0,35,10000.0,Bank Transfer,Cancelled
ORD-579094,BIZ-1061,2,1,2025-10-04,351500.0,37,9500.0,Bank Transfer,Pending
ORD-144476,BIZ-1037,1,1,2025-10-25,60000.0,6,10000.0,POS,Pending
ORD-357657,BIZ-1050,4,2,2025-10-27,120000.0,12,10000.0,POS,Delivered
ORD-514828,BIZ-1056,1,5,2025-10-16,254800.0,26,9800.0,POS,Cancelled
ORD-141158,BIZ-1047,1,4,2025-10-30,228000.0,24,9500.0,POS,Cancelled
ORD-641198,BIZ-1005,2,1,2025-10-17,260000.0,26,10000.0,POS,Pending
ORD-151690,BIZ-1052,4,5,2025-10-23,340000.0,34,10000.0,Bank Transfer,Cancelled
ORD-560905,BIZ-1023,2,5,2025-10-06,220500.0,21,10500.0,Bank Transfer,Delivered
ORD-419348,BIZ-1028,3,4,2025-10-12,130000.0,13,10000.0,Bank Transfer,Pending
ORD-399803,BIZ-1032,1,4,2025-10-24,409500.0,39,10500.0,Bank Transfer,Cancelled
ORD-542983,BIZ-1034,2,4,2025-10-14,215600.0,22,9800.0,Bank Transfer,Pending
ORD-157196,BIZ-1054,2,1,2025-10-09,147000.0,14,10500.0,Cash,Pending
ORD-249149,BIZ-1006,2,5,2025-10-21,285000.0,30,9500.0,Bank Transfer,Delivered
ORD-777486,BIZ-1002,2,2,2025-10-14,137200.0,14,9800.0,Cash,Pending
ORD-857750,BIZ-1018,1,3,2025-10-14,323000.0,34,9500.0,Cash,Pending
ORD-288503,BIZ-1009,2,2,2025-10-16,28500.0,3,9500.0,POS,Cancelled
ORD-829928,BIZ-1017,3,4,2025-10-24,70000.0,7,10000.0,Cash,Delivered
ORD-512160,BIZ-1021,3,3,2025-10-17,315000.0,30,10500.0,POS,Delivered
ORD-572788,BIZ-1046,4,4,2025-10-13,382200.0,39,9800.0,Cash,Pending
ORD-575718,BIZ-1049,2,3,2025-10-01,88200.0,9,9800.0,Bank Transfer,Delivered
ORD-847251,BIZ-1044,4,4,2025-10-18,231000.0,22,10500.0,Cash,Cancelled
ORD-576769,BIZ-1033,4,3,2025-10-27,346500.0,33,10500.0,Cash,Pending
ORD-439817,BIZ-1023,4,5,2025-10-03,107800.0,11,9800.0,POS,Pending
ORD-846030,BIZ-1050,4,5,2025-10-21,180000.0,18,10000.0,Cash,Cancelled
ORD-853270,BIZ-1061,1,2,2025-10-24,400000.0,40,10000.0,Cash,Cancelled
ORD-195620,BIZ-1027,4,5,2025-10-22,76000.0,8,9500.0,Bank Transfer,Delivered
ORD-571228,BIZ-1014,3,2,2025-10-04,9500.0,1,9500.0,Cash,Pending
ORD-189450,BIZ-1055,3,2,2025-10-20,147000.0,15,9800.0,Bank Transfer,Cancelled
ORD-502744,BIZ-1029,2,4,2025-10-16,80000.0,8,10000.0,Bank Transfer,Delivered
ORD-636521,BIZ-1036,4,4,2025-10-22,210000.0,21,10000.0,POS,Delivered
ORD-267666,BIZ-1046,3,5,2025-10-19,274400.0,28,9800.0,Cash,Pending
ORD-499095,BIZ-1061,4,3,2025-10-12,357000.0,34,10500.0,Bank Transfer,Pending
ORD-279185,BIZ-1048,4,3,2025-10-02,157500.0,15,10500.0,POS,Pending
ORD-692960,BIZ-1002,3,2,2025-10-28,264600.0,27,10000.0,Cash,Cancelled
ORD-257380,BIZ-1052,2,2,2025-10-27,110000.0,11,10000.0,Bank Transfer,Cancelled
ORD-251631,BIZ-1020,3,2,2025-10-05,137200.0,14,9800.0,Bank Transfer,Delivered
ORD-846635,BIZ-1025,1,4,2025-10-06,88200.0,9,9800.0,POS,Pending
ORD-423026,BIZ-1002,3,3,2025-10-02,380000.0,40,9500.0,POS,Delivered
ORD-905967,BIZ-1009,4,5,2025-10-10,58800.0,6,10000.0,Cash,Delivered
ORD-402808,BIZ-1060,2,4,2025-10-29,147000.0,14,10500.0,POS,Delivered
ORD-223264,BIZ-1038,3,3,2025-10-19,325500.0,31,10500.0,Bank Transfer,Delivered
ORD-312705,BIZ-1017,4,5,2025-10-27,241500.0,23,10500.0,Cash,Cancelled
ORD-902575,BIZ-1041,4,2,2025-10-01,240000.0,24,10000.0,Cash,Delivered
ORD-580921,BIZ-1000,2,2,2025-10-08,351500.0,37,9500.0,POS,Delivered
ORD-622864,BIZ-1037,4,2,2025-10-15,346500.0,33,10500.0,POS,Delivered
ORD-106029,BIZ-1057,1,3,2025-10-17,247000.0,26,9500.0,Bank Transfer,Cancelled
ORD-617437,BIZ-1035,3,3,2025-10-19,303800.0,31,9800.0,POS,Delivered
ORD-717466,BIZ-1035,1,1,2025-10-08,136500.0,13,10500.0,Bank Transfer,Pending
ORD-575779,BIZ-1007,1,2,2025-10-20,117600.0,12,9800.0,POS,Pending
ORD-183262,BIZ-1052,4,5,2025-10-13,104500.0,11,9500.0,POS,Cancelled
ORD-106892,BIZ-1049,1,2,2025-10-19,50000.0,5,10000.0,Bank Transfer,Delivered
ORD-673929,BIZ-1046,1,2,2025-10-08,210000.0,21,10000.0,Cash,Cancelled
ORD-759172,BIZ-1059,4,4,2025-10-09,200000.0,20,10000.0,Cash,Cancelled
ORD-965339,BIZ-1041,1,2,2025-10-17,315000.0,30,10500.0,Cash,Pending
ORD-293818,BIZ-1023,2,1,2025-10-07,152000.0,16,9500.0,Cash,Cancelled
ORD-785010,BIZ-1023,1,3,2025-10-05,304000.0,32,10000.0,POS,Cancelled
ORD-252436,BIZ-1010,1,2,2025-10-11,275500.0,29,9500.0,Cash,Delivered
ORD-799396,BIZ-1022,2,2,2025-10-26,104500.0,11,9500.0,POS,Cancelled
ORD-732590,BIZ-1005,3,2,2025-10-18,315000.0,30,10500.0,Cash,Cancelled
ORD-191962,BIZ-1053,1,2,2025-10-09,205800.0,21,10000.0,Bank Transfer,Delivered
ORD-537211,BIZ-1021,2,3,2025-10-02,68600.0,7,9800.0,POS,Cancelled
ORD-269172,BIZ-1044,1,4,2025-10-30,39200.0,4,9800.0,Bank Transfer,Pending
ORD-740774,BIZ-1008,4,3,2025-10-21,378000.0,36,10500.0,Cash,Cancelled
ORD-833842,BIZ-1036,2,2,2025-10-20,140000.0,14,10000.0,Bank Transfer,Cancelled
ORD-925551,BIZ-1021,3,1,2025-10-18,367500.0,35,10500.0,Bank Transfer,Delivered
ORD-577456,BIZ-1036,1,1,2025-10-17,180000.0,18,10000.0,POS,Delivered
ORD-477685,BIZ-1010,3,3,2025-10-23,370000.0,37,10000.0,Bank Transfer,Pending
ORD-197649,BIZ-1029,3,4,2025-10-28,107800.0,11,9800.0,Bank Transfer,Cancelled
ORD-438503,BIZ-1024,2,4,2025-10-24,362600.0,37,9800.0,Bank Transfer,Pending
ORD-497346,BIZ-1009,2,2,2025-10-12,136500.0,13,10500.0,Bank Transfer,Cancelled
ORD-895284,BIZ-1031,4,3,2025-10-25,123500.0,13,9500.0,Bank Transfer,Delivered
ORD-677210,BIZ-1049,3,4,2025-10-13,399000.0,38,10000.0,Bank Transfer,Pending
ORD-593687,BIZ-1004,1,4,2025-10-02,39200.0,4,9800.0,Bank Transfer,Delivered
ORD-828361,BIZ-1033,4,3,2025-10-05,84000.0,8,10500.0,POS,Delivered
ORD-445200,BIZ-1030,3,4,2025-10-26,38000.0,4,9500.0,Bank Transfer,Pending
ORD-650131,BIZ-1033,1,2,2025-10-16,247000.0,26,9500.0,Bank Transfer,Delivered
ORD-319205,BIZ-1045,4,2,2025-10-07,380000.0,40,9500.0,POS,Pending
ORD-214611,BIZ-1044,1,2,2025-10-19,357000.0,34,10500.0,POS,Cancelled
ORD-759531,BIZ-1056,2,2,2025-10-18,133000.0,14,9500.0,Cash,Pending
ORD-191928,BIZ-1014,3,2,2025-10-16,215600.0,22,9800.0,Cash,Cancelled
ORD-822106,BIZ-1015,1,5,2025-10-15,190000.0,20,10000.0,Bank Transfer,Delivered
ORD-926471,BIZ-1049,3,3,2025-10-19,60000.0,6,10000.0,POS,Cancelled
ORD-401137,BIZ-1054,3,5,2025-10-30,90000.0,9,10000.0,Bank Transfer,Delivered
ORD-988980,BIZ-1057,4,2,2025-10-13,390000.0,39,10000.0,Bank Transfer,Cancelled
ORD-650912,BIZ-1051,2,3,2025-10-10,130000.0,13,10000.0,Bank Transfer,Cancelled
ORD-753518,BIZ-1047,2,2,2025-10-18,9800.0,1,9800.0,POS,Cancelled
ORD-236014,BIZ-1041,3,2,2025-10-11,304000.0,32,9500.0,Cash,Delivered
ORD-620509,BIZ-1009,1,3,2025-10-19,100000.0,10,10000.0,Cash,Cancelled
ORD-762550,BIZ-1025,4,5,2025-10-16,210000.0,21,10000.0,Bank Transfer,Delivered
ORD-947228,BIZ-1010,3,2,2025-10-15,20000.0,2,10000.0,Bank Transfer,Delivered
ORD-739008,BIZ-1040,4,4,2025-10-06,294500.0,31,9500.0,Cash,Cancelled
ORD-404598,BIZ-1054,1,3,2025-10-07,115500.0,11,10500.0,Cash,Delivered
ORD-101657,BIZ-1035,4,4,2025-10-30,104500.0,11,9500.0,Cash,Pending
ORD-587467,BIZ-1008,4,2,2025-10-04,361000.0,38,9500.0,Bank Transfer,Delivered
ORD-223654,BIZ-1006,2,5,2025-10-19,180500.0,19,9500.0,Cash,Delivered
ORD-317402,BIZ-1023,2,4,2025-10-23,9800.0,1,9800.0,Bank Transfer,Delivered
ORD-534773,BIZ-1029,2,3,2025-10-24,76000.0,8,9500.0,Cash,Cancelled
ORD-450006,BIZ-1004,4,5,2025-10-13,290000.0,29,10000.0,POS,Delivered
ORD-945197,BIZ-1030,2,5,2025-10-11,252000.0,24,10500.0,Cash,Pending
ORD-111846,BIZ-1018,2,3,2025-10-20,117600.0,12,9800.0,Bank Transfer,Delivered
ORD-823535,BIZ-1016,4,4,2025-10-20,178500.0,17,10500.0,Bank Transfer,Delivered
ORD-928580,BIZ-1061,3,4,2025-10-09,342000.0,36,9500.0,Bank Transfer,Delivered
ORD-414870,BIZ-1035,1,4,2025-10-03,21000.0,2,10500.0,Cash,Pending
ORD-439658,BIZ-1037,4,2,2025-10-16,171000.0,18,9500.0,Cash,Cancelled
ORD-219366,BIZ-1019,3,5,2025-10-24,28500.0,3,9500.0,Cash,Delivered
ORD-457943,BIZ-1016,3,5,2025-10-21,95000.0,10,9500.0,POS,Delivered
ORD-696557,BIZ-1056,1,4,2025-10-12,285000.0,30,9500.0,Cash,Pending
ORD-130531,BIZ-1023,3,3,2025-10-19,68600.0,7,9800.0,POS,Delivered
ORD-303440,BIZ-1024,3,5,2025-10-25,209000.0,22,9500.0,Cash,Cancelled
ORD-454352,BIZ-1052,2,2,2025-10-10,189000.0,18,10000.0,Cash,Delivered
ORD-602381,BIZ-1021,3,4,2025-10-28,78400.0,8,9800.0,POS,Pending
ORD-935981,BIZ-1050,2,3,2025-10-28,120000.0,12,10000.0,Cash,Cancelled
ORD-242348,BIZ-1018,4,1,2025-10-02,280000.0,28,10000.0,Bank Transfer,Delivered
ORD-757667,BIZ-1029,2,2,2025-10-15,342000.0,36,10000.0,POS,Delivered
ORD-663051,BIZ-1038,1,3,2025-10-14,409500.0,39,10500.0,Cash,Pending
ORD-584935,BIZ-1043,1,4,2025-10-27,273000.0,26,10500.0,Cash,Cancelled
ORD-534061,BIZ-1047,1,3,2025-10-24,49000.0,5,9800.0,Bank Transfer,Delivered
ORD-158743,BIZ-1051,4,3,2025-10-28,40000.0,4,10000.0,Cash,Delivered
ORD-413884,BIZ-1000,3,4,2025-10-26,200000.0,20,10000.0,Bank Transfer,Delivered
ORD-811141,BIZ-1053,4,1,2025-10-17,304500.0,29,10000.0,Cash,Delivered
ORD-661916,BIZ-1010,1,4,2025-10-10,20000.0,2,10000.0,POS,Cancelled
ORD-705445,BIZ-1052,2,2,2025-10-01,171000.0,18,9500.0,POS,Cancelled
ORD-938373,BIZ-1048,1,4,2025-10-21,50000.0,5,10000.0,Cash,Cancelled
ORD-934438,BIZ-1019,2,3,2025-10-28,370500.0,39,9500.0,Cash,Cancelled
ORD-256557,BIZ-1050,1,1,2025-10-11,357000.0,34,10500.0,Bank Transfer,Pending
ORD-132687,BIZ-1046,3,3,2025-10-09,399000.0,38,10500.0,Cash,Cancelled
ORD-493468,BIZ-1038,3,3,2025-10-11,360000.0,36,10000.0,Cash,Delivered
ORD-983326,BIZ-1011,4,5,2025-10-19,98000.0,10,9800.0,Bank Transfer,Pending
ORD-735111,BIZ-1032,1,2,2025-10-05,310000.0,31,10000.0,Bank Transfer,Pending
ORD-724103,BIZ-1035,1,5,2025-10-12,274400.0,28,9800.0,POS,Cancelled
ORD-920347,BIZ-1045,3,4,2025-10-04,84000.0,8,10500.0,POS,Pending
ORD-839525,BIZ-1044,1,4,2025-10-23,115500.0,11,10500.0,Bank Transfer,Pending
ORD-844321,BIZ-1005,1,4,2025-10-26,42000.0,4,10500.0,Bank Transfer,Pending
ORD-533973,BIZ-1038,3,5,2025-10-01,39200.0,4,9800.0,Bank Transfer,Cancelled
ORD-349185,BIZ-1048,2,1,2025-10-03,58800.0,6,9800.0,Bank Transfer,Delivered
ORD-969749,BIZ-1056,3,5,2025-10-12,63000.0,6,10500.0,POS,Cancelled
ORD-326639,BIZ-1021,4,5,2025-10-29,19000.0,2,9500.0,Cash,Cancelled
ORD-283514,BIZ-1012,3,3,2025-10-16,88200.0,9,9800.0,Cash,Cancelled
ORD-923073,BIZ-1028,4,5,2025-10-04,323400.0,33,9800.0,Cash,Delivered
ORD-311915,BIZ-1038,3,4,2025-10-02,343000.0,35,9800.0,Cash,Cancelled
ORD-565330,BIZ-1038,4,5,2025-10-28,31500.0,3,10500.0,Cash,Cancelled
ORD-937838,BIZ-1028,1,3,2025-10-16,58800.0,6,9800.0,POS,Delivered
ORD-624344,BIZ-1007,3,4,2025-10-15,210000.0,20,10500.0,Bank Transfer,Cancelled
ORD-456637,BIZ-1035,1,3,2025-10-05,320000.0,32,10000.0,POS,Cancelled
ORD-868020,BIZ-1027,4,3,2025-10-28,105000.0,10,10500.0,POS,Cancelled
ORD-425434,BIZ-1061,3,5,2025-10-27,40000.0,4,10000.0,Bank Transfer,Cancelled
ORD-250255,BIZ-1020,3,3,2025-10-24,80000.0,8,10000.0,Bank Transfer,Pending
ORD-203024,BIZ-1058,4,2,2025-10-24,266000.0,28,9500.0,Bank Transfer,Pending
ORD-641218,BIZ-1002,2,3,2025-10-25,186200.0,19,9800.0,Cash,Delivered
ORD-239164,BIZ-1029,1,5,2025-10-21,315000.0,30,10500.0,POS,Delivered
ORD-138328,BIZ-1018,2,3,2025-10-07,409500.0,39,10500.0,Cash,Cancelled
ORD-848344,BIZ-1025,4,4,2025-10-14,160000.0,16,10000.0,Cash,Pending
ORD-221462,BIZ-1025,1,4,2025-10-26,330000.0,33,10000.0,Cash,Delivered
ORD-146168,BIZ-1008,3,3,2025-10-01,100000.0,10,10000.0,Bank Transfer,Delivered
ORD-723155,BIZ-1012,4,5,2025-10-21,225400.0,23,9800.0,POS,Cancelled
ORD-449479,BIZ-1003,1,5,2025-10-27,85500.0,9,9500.0,POS,Pending
ORD-148381,BIZ-1044,3,3,2025-10-15,343000.0,35,9800.0,Bank Transfer,Pending
ORD-903398,BIZ-1039,1,3,2025-10-04,273000.0,26,10500.0,POS,Cancelled
ORD-427659,BIZ-1018,3,4,2025-10-20,52500.0,5,10500.0,Bank Transfer,Pending
ORD-895338,BIZ-1044,3,2,2025-10-01,49000.0,5,9800.0,Cash,Cancelled
ORD-320039,BIZ-1008,1,3,2025-10-10,382200.0,39,9800.0,Bank Transfer,Delivered
ORD-301898,BIZ-1040,4,4,2025-10-10,147000.0,14,10500.0,Cash,Delivered
ORD-658131,BIZ-1002,2,5,2025-10-09,152000.0,16,9500.0,POS,Cancelled
ORD-562543,BIZ-1060,2,4,2025-10-10,73500.0,7,10500.0,Bank Transfer,Pending
ORD-385898,BIZ-1008,4,2,2025-10-21,180000.0,18,10000.0,Cash,Delivered
ORD-386929,BIZ-1014,4,5,2025-10-05,380000.0,40,9500.0,POS,Delivered
ORD-753205,BIZ-1024,2,4,2025-10-04,130000.0,13,10000.0,POS,Pending
ORD-207348,BIZ-1052,4,3,2025-10-17,247000.0,26,9500.0,POS,Delivered
ORD-467335,BIZ-1039,2,4,2025-10-07,333200.0,34,9800.0,POS,Cancelled
ORD-384218,BIZ-1005,4,2,2025-10-17,10500.0,1,10500.0,Bank Transfer,Pending
ORD-838568,BIZ-1036,2,3,2025-10-05,63000.0,6,10500.0,POS,Delivered
ORD-701969,BIZ-1011,1,3,2025-10-25,150000.0,15,10000.0,POS,Pending
ORD-174703,BIZ-1056,1,3,2025-10-08,178500.0,17,10500.0,POS,Cancelled
ORD-455193,BIZ-1061,2,3,2025-10-10,378000.0,36,10500.0,POS,Pending
ORD-153190,BIZ-1049,2,5,2025-10-17,60000.0,6,10000.0,Cash,Cancelled
ORD-593602,BIZ-1030,3,2,2025-10-04,38000.0,4,9500.0,POS,Cancelled
ORD-152906,BIZ-1012,4,5,2025-10-28,114000.0,12,9500.0,Bank Transfer,Cancelled
ORD-156413,BIZ-1057,2,1,2025-10-04,237500.0,25,9500.0,Bank Transfer,Pending
ORD-510954,BIZ-1054,3,2,2025-10-03,63000.0,6,10500.0,POS,Cancelled
ORD-725078,BIZ-1016,1,3,2025-10-06,378000.0,36,10500.0,Cash,Delivered
ORD-760047,BIZ-1010,3,5,2025-10-27,264600.0,27,9800.0,Cash,Pending
ORD-833337,BIZ-1003,4,3,2025-10-26,370500.0,39,9500.0,Bank Transfer,Delivered
ORD-472899,BIZ-1027,1,5,2025-10-14,20000.0,2,10000.0,POS,Cancelled
ORD-957150,BIZ-1003,3,5,2025-10-10,166600.0,17,9800.0,Cash,Pending
ORD-895242,BIZ-1030,4,3,2025-10-06,189000.0,18,10500.0,Cash,Delivered
ORD-659399,BIZ-1011,2,2,2025-10-21,220500.0,21,10500.0,Bank Transfer,Pending
ORD-892453,BIZ-1003,2,3,2025-10-03,220500.0,21,10500.0,Cash,Pending
ORD-695370,BIZ-1057,4,5,2025-10-23,332500.0,35,9500.0,Cash,Delivered
ORD-952336,BIZ-1001,4,2,2025-10-04,123500.0,13,9500.0,Bank Transfer,Pending
ORD-832534,BIZ-1029,4,2,2025-10-25,178500.0,17,10500.0,POS,Delivered
ORD-577714,BIZ-1019,2,4,2025-10-15,270000.0,27,10000.0,Bank Transfer,Pending
ORD-775721,BIZ-1054,1,4,2025-10-10,220000.0,22,10000.0,Bank Transfer,Cancelled
ORD-588003,BIZ-1014,1,4,2025-10-22,274400.0,28,9800.0,Bank Transfer,Delivered
ORD-334665,BIZ-1012,4,3,2025-10-15,186200.0,19,9800.0,Cash,Cancelled
ORD-746910,BIZ-1011,4,2,2025-10-05,310000.0,31,10000.0,Cash,Cancelled
ORD-481104,BIZ-1018,3,4,2025-10-08,52500.0,5,10500.0,Bank Transfer,Delivered
ORD-833599,BIZ-1036,3,5,2025-10-12,171000.0,18,9500.0,POS,Pending
ORD-446373,BIZ-1015,3,4,2025-10-28,367500.0,35,10500.0,POS,Delivered
ORD-440536,BIZ-1037,4,3,2025-10-24,73500.0,7,10500.0,POS,Pending
ORD-131734,BIZ-1045,1,4,2025-10-14,352800.0,36,9800.0,Bank Transfer,Cancelled
ORD-218370,BIZ-1048,4,4,2025-10-02,390000.0,39,10000.0,Cash,Pending
ORD-583646,BIZ-1027,2,2,2025-10-11,94500.0,9,10000.0,POS,Pending
ORD-395968,BIZ-1027,3,1,2025-10-26,49000.0,5,9800.0,Bank Transfer,Delivered
ORD-733801,BIZ-1043,1,3,2025-10-24,340000.0,34,10000.0,Cash,Delivered
ORD-632623,BIZ-1051,4,4,2025-10-18,280000.0,28,10000.0,Cash,Cancelled
ORD-957266,BIZ-1057,2,5,2025-10-04,225400.0,23,9800.0,POS,Delivered
ORD-212178,BIZ-1010,3,2,2025-10-22,196000.0,20,9800.0,POS,Pending
ORD-780999,BIZ-1004,2,4,2025-10-10,170000.0,17,10000.0,Bank Transfer,Cancelled
ORD-416793,BIZ-1017,2,5,2025-10-03,280000.0,28,10000.0,Cash,Cancelled
ORD-520286,BIZ-1043,1,2,2025-10-16,300000.0,30,10000.0,Bank Transfer,Delivered
ORD-350164,BIZ-1011,1,3,2025-10-18,88200.0,9,9800.0,Cash,Cancelled
ORD-674566,BIZ-1029,3,3,2025-10-19,420000.0,40,10500.0,Cash,Pending
ORD-605806,BIZ-1029,2,2,2025-10-05,137200.0,14,9800.0,Cash,Delivered
ORD-457264,BIZ-1024,4,2,2025-10-12,19600.0,2,9800.0,Bank Transfer,Pending
ORD-827774,BIZ-1030,3,4,2025-10-07,218500.0,23,9500.0,POS,Pending
ORD-922412,BIZ-1023,2,5,2025-10-18,152000.0,16,9500.0,POS,Cancelled
ORD-694764,BIZ-1042,4,2,2025-10-30,123500.0,13,9500.0,Cash,Cancelled
ORD-670977,BIZ-1001,2,2,2025-10-24,343000.0,35,9800.0,Cash,Delivered
ORD-281493,BIZ-1027,3,4,2025-10-21,190000.0,20,9500.0,POS,Delivered
ORD-181678,BIZ-1020,4,5,2025-10-20,273000.0,26,10500.0,POS,Delivered
ORD-846490,BIZ-1057,1,5,2025-10-23,280000.0,28,10000.0,Cash,Pending
ORD-610268,BIZ-1033,2,3,2025-10-18,240000.0,24,10000.0,Bank Transfer,Cancelled
ORD-725030,BIZ-1009,3,3,2025-10-04,140000.0,14,10000.0,POS,Cancelled
ORD-682051,BIZ-1046,3,4,2025-10-14,147000.0,14,10500.0,POS,Cancelled
ORD-566843,BIZ-1054,3,2,2025-10-03,205800.0,21,9800.0,POS,Pending
ORD-525505,BIZ-1019,4,3,2025-10-06,330000.0,33,10000.0,POS,Cancelled
ORD-214027,BIZ-1036,3,5,2025-10-03,323400.0,33,9800.0,Cash,Pending
ORD-725376,BIZ-1027,4,4,2025-10-21,372400.0,38,9800.0,Cash,Pending
ORD-497316,BIZ-1050,4,2,2025-10-24,90000.0,9,10000.0,Bank Transfer,Delivered
ORD-776320,BIZ-1017,2,2,2025-10-10,409500.0,39,10500.0,Cash,Delivered
ORD-194930,BIZ-1027,4,2,2025-10-20,137200.0,14,9800.0,POS,Delivered
ORD-245664,BIZ-1006,1,4,2025-10-07,152000.0,16,9500.0,POS,Cancelled
ORD-891662,BIZ-1005,3,3,2025-10-27,378000.0,36,10500.0,Bank Transfer,Cancelled
ORD-100193,BIZ-1047,3,2,2025-10-20,137200.0,14,9800.0,Bank Transfer,Delivered
ORD-792984,BIZ-1045,3,4,2025-10-23,76000.0,8,9500.0,Bank Transfer,Delivered
ORD-657062,BIZ-1039,3,4,2025-10-05,114000.0,12,9500.0,POS,Cancelled
ORD-745474,BIZ-1011,4,3,2025-10-09,262500.0,25,10500.0,Bank Transfer,Delivered
ORD-305171,BIZ-1012,4,4,2025-10-18,21000.0,2,10000.0,Bank Transfer,Cancelled
ORD-431976,BIZ-1016,1,5,2025-10-07,60000.0,6,10000.0,Cash,Delivered
ORD-932932,BIZ-1011,1,5,2025-10-09,180500.0,19,9500.0,Cash,Cancelled
ORD-419343,BIZ-1006,3,3,2025-10-28,152000.0,16,9500.0,Cash,Pending
ORD-555844,BIZ-1051,1,5,2025-10-28,352800.0,36,9800.0,Cash,Pending
ORD-460987,BIZ-1024,3,4,2025-10-22,380000.0,38,10000.0,Bank Transfer,Delivered
ORD-711033,BIZ-1061,4,2,2025-10-30,21000.0,2,10500.0,Bank Transfer,Pending
ORD-635218,BIZ-1007,4,3,2025-10-01,180000.0,18,10000.0,Bank Transfer,Pending
ORD-233751,BIZ-1037,4,1,2025-10-13,19000.0,2,10000.0,POS,Pending
ORD-165442,BIZ-1048,3,4,2025-10-26,280000.0,28,10000.0,Bank Transfer,Cancelled
ORD-675547,BIZ-1052,2,4,2025-10-12,260000.0,26,10000.0,POS,Delivered
ORD-100884,BIZ-1045,3,3,2025-10-30,150000.0,15,10000.0,POS,Pending
ORD-960622,BIZ-1047,2,3,2025-10-22,73500.0,7,10500.0,Bank Transfer,Cancelled
ORD-215027,BIZ-1003,2,2,2025-10-30,380000.0,40,9500.0,Cash,Pending
ORD-132699,BIZ-1022,2,2,2025-10-26,352800.0,36,9800.0,Cash,Cancelled
ORD-836333,BIZ-1056,1,3,2025-10-08,388500.0,37,10500.0,POS,Pending
ORD-755584,BIZ-1023,4,4,2025-10-18,9800.0,1,9800.0,Cash,Cancelled
ORD-501384,BIZ-1052,2,4,2025-10-10,304000.0,32,9500.0,Cash,Cancelled
ORD-556329,BIZ-1000,2,3,2025-10-13,274400.0,28,9800.0,Bank Transfer,Cancelled
ORD-794668,BIZ-1047,3,2,2025-10-17,315000.0,30,10500.0,Bank Transfer,Delivered
ORD-245824,BIZ-1022,4,5,2025-10-06,58800.0,6,9800.0,Cash,Cancelled
ORD-503277,BIZ-1027,4,4,2025-10-06,333200.0,34,9800.0,Cash,Delivered
ORD-477789,BIZ-1021,2,1,2025-10-26,342000.0,36,9500.0,Bank Transfer,Pending
ORD-261760,BIZ-1060,2,1,2025-10-26,240000.0,24,10000.0,Cash,Pending
ORD-802615,BIZ-1000,3,2,2025-10-09,300000.0,30,10000.0,Cash,Pending
ORD-112166,BIZ-1030,3,4,2025-10-04,245000.0,25,9800.0,POS,Cancelled
ORD-116470,BIZ-1040,2,4,2025-10-03,352800.0,36,9800.0,POS,Cancelled
ORD-610343,BIZ-1028,1,3,2025-10-05,399000.0,38,10500.0,Cash,Delivered
ORD-242371,BIZ-1028,4,5,2025-10-20,107800.0,11,9800.0,POS,Cancelled
ORD-773440,BIZ-1034,3,5,2025-10-03,52500.0,5,10500.0,POS,Cancelled
ORD-578180,BIZ-1052,1,4,2025-10-25,240000.0,24,10000.0,POS,Pending
ORD-829169,BIZ-1050,4,4,2025-10-27,190000.0,19,10000.0,Cash,Pending
ORD-546383,BIZ-1025,3,2,2025-10-19,323400.0,33,9800.0,Bank Transfer,Pending
ORD-576467,BIZ-1009,3,4,2025-10-19,304000.0,32,9500.0,Bank Transfer,Cancelled
ORD-678866,BIZ-1037,2,3,2025-10-16,254800.0,26,9800.0,Cash,Delivered
ORD-503402,BIZ-1045,1,2,2025-10-25,294000.0,30,9800.0,Cash,Pending
ORD-294816,BIZ-1020,2,1,2025-10-11,117600.0,12,9800.0,Bank Transfer,Delivered
ORD-107790,BIZ-1012,1,2,2025-10-13,63000.0,6,10500.0,POS,Pending
ORD-987938,BIZ-1031,3,2,2025-10-18,284200.0,29,9800.0,Cash,Delivered
ORD-846722,BIZ-1028,3,1,2025-10-22,250000.0,25,10000.0,Bank Transfer,Delivered
ORD-530794,BIZ-1016,3,4,2025-10-16,218500.0,23,9500.0,POS,Pending
ORD-704349,BIZ-1049,4,4,2025-10-28,9800.0,1,9800.0,POS,Delivered
ORD-139704,BIZ-1028,4,4,2025-10-12,205800.0,21,9800.0,POS,Delivered
ORD-839122,BIZ-1020,4,4,2025-10-18,235200.0,24,9800.0,POS,Delivered
ORD-708455,BIZ-1020,3,3,2025-10-12,123500.0,13,9500.0,Bank Transfer,Pending
ORD-824038,BIZ-1012,3,4,2025-10-15,380000.0,38,10000.0,Cash,Pending
ORD-865654,BIZ-1035,2,5,2025-10-03,60000.0,6,10000.0,Bank Transfer,Cancelled
ORD-887042,BIZ-1005,4,2,2025-10-22,105000.0,10,10000.0,Cash,Pending
ORD-587521,BIZ-1038,2,3,2025-10-24,90000.0,9,10000.0,Bank Transfer,Pending
ORD-648779,BIZ-1026,4,1,2025-10-16,58800.0,6,9800.0,Cash,Cancelled
ORD-192742,BIZ-1006,3,4,2025-10-27,58800.0,6,9800.0,Cash,Pending
ORD-761297,BIZ-1050,2,3,2025-10-08,29400.0,3,9800.0,Bank Transfer,Cancelled
ORD-801200,BIZ-1004,4,5,2025-10-23,114000.0,12,9500.0,Bank Transfer,Cancelled
ORD-764469,BIZ-1054,2,2,2025-10-03,252000.0,24,10500.0,Cash,Delivered
ORD-707784,BIZ-1023,4,5,2025-10-17,256500.0,27,9500.0,POS,Pending
ORD-155337,BIZ-1040,4,2,2025-10-10,31500.0,3,10500.0,POS,Cancelled
ORD-661023,BIZ-1059,2,2,2025-10-28,150000.0,15,10000.0,POS,Pending
ORD-591644,BIZ-1007,1,3,2025-10-24,120000.0,12,10000.0,POS,Pending
ORD-592025,BIZ-1010,3,5,2025-10-14,254800.0,26,9800.0,Cash,Delivered
ORD-447617,BIZ-1049,2,4,2025-10-18,304500.0,29,10500.0,Cash,Pending
ORD-936997,BIZ-1054,2,4,2025-10-13,290000.0,29,10000.0,Cash,Pending
ORD-275645,BIZ-1012,1,4,2025-10-09,107800.0,11,9800.0,POS,Delivered
ORD-726667,BIZ-1006,2,4,2025-10-02,350000.0,35,10000.0,Bank Transfer,Pending
ORD-862285,BIZ-1035,3,2,2025-10-23,190000.0,20,9500.0,Bank Transfer,Delivered
ORD-373094,BIZ-1042,4,4,2025-10-24,73500.0,7,10500.0,POS,Cancelled
ORD-596144,BIZ-1016,2,5,2025-10-02,19600.0,2,9800.0,POS,Pending
ORD-700687,BIZ-1026,1,2,2025-10-18,237500.0,25,9500.0,POS,Delivered
ORD-405925,BIZ-1045,1,5,2025-10-02,260000.0,26,10000.0,Cash,Cancelled
ORD-754643,BIZ-1047,3,4,2025-10-25,58800.0,6,9800.0,POS,Delivered
ORD-608307,BIZ-1032,2,5,2025-10-01,126000.0,12,10500.0,Bank Transfer,Delivered
ORD-630155,BIZ-1058,3,4,2025-10-03,115500.0,11,10500.0,Cash,Delivered
ORD-921834,BIZ-1033,1,5,2025-10-03,215600.0,22,9800.0,POS,Cancelled
ORD-238976,BIZ-1008,4,5,2025-10-09,380000.0,38,10000.0,Bank Transfer,Pending
ORD-388586,BIZ-1027,4,4,2025-10-19,180500.0,19,9500.0,Cash,Cancelled
ORD-114892,BIZ-1019,4,4,2025-10-26,127400.0,13,9800.0,Cash,Cancelled
ORD-733152,BIZ-1058,3,2,2025-10-23,380000.0,38,10000.0,POS,Delivered
ORD-720515,BIZ-1039,4,5,2025-10-06,38000.0,4,9500.0,POS,Cancelled
ORD-791174,BIZ-1015,3,2,2025-10-23,140000.0,14,10000.0,POS,Cancelled
ORD-947082,BIZ-1033,2,5,2025-10-14,76000.0,8,9500.0,Bank Transfer,Delivered
ORD-920539,BIZ-1035,3,5,2025-10-06,147000.0,14,10500.0,Bank Transfer,Delivered
ORD-608473,BIZ-1016,3,2,2025-10-22,350000.0,35,10000.0,POS,Pending
ORD-653007,BIZ-1054,2,5,2025-10-06,392000.0,40,9800.0,Bank Transfer,Pending
ORD-459502,BIZ-1035,1,4,2025-10-26,370000.0,37,10000.0,Cash,Pending
ORD-252117,BIZ-1025,3,3,2025-10-30,47500.0,5,9500.0,Cash,Cancelled
ORD-961639,BIZ-1056,3,3,2025-10-18,351500.0,37,9500.0,POS,Pending
ORD-620039,BIZ-1020,3,3,2025-10-05,342000.0,36,9500.0,POS,Pending
ORD-533007,BIZ-1021,3,2,2025-10-23,310000.0,31,10000.0,Cash,Cancelled
ORD-349505,BIZ-1015,1,2,2025-10-24,176400.0,18,9800.0,POS,Pending
ORD-861265,BIZ-1006,1,4,2025-10-20,200000.0,20,10000.0,Bank Transfer,Pending
ORD-321099,BIZ-1031,4,2,2025-10-20,336000.0,32,10500.0,Cash,Pending
ORD-982725,BIZ-1000,1,5,2025-10-18,9800.0,1,9800.0,Bank Transfer,Delivered
ORD-773459,BIZ-1022,4,5,2025-10-11,313600.0,32,9800.0,Cash,Delivered
ORD-959340,BIZ-1024,2,1,2025-10-08,254800.0,26,9800.0,Cash,Cancelled
ORD-275741,BIZ-1055,3,1,2025-10-04,166600.0,17,9800.0,POS,Cancelled
ORD-599365,BIZ-1024,1,5,2025-10-14,98000.0,10,9800.0,Cash,Delivered
ORD-882395,BIZ-1053,3,4,2025-10-10,47500.0,5,9500.0,POS,Pending
ORD-658388,BIZ-1050,1,4,2025-10-29,30000.0,3,10000.0,POS,Cancelled
ORD-816712,BIZ-1026,2,2,2025-10-08,378000.0,36,10500.0,Bank Transfer,Delivered
ORD-597643,BIZ-1029,4,3,2025-10-22,76000.0,8,9500.0,Cash,Delivered
ORD-656208,BIZ-1044,2,5,2025-10-08,85500.0,9,9500.0,Cash,Pending
ORD-112439,BIZ-1014,2,2,2025-10-27,388500.0,37,10500.0,Bank Transfer,Delivered
ORD-936039,BIZ-1034,2,2,2025-10-09,399000.0,38,10500.0,Cash,Delivered
ORD-811451,BIZ-1043,4,2,2025-10-14,147000.0,15,10000.0,Bank Transfer,Cancelled
ORD-656011,BIZ-1052,2,5,2025-10-10,105000.0,10,10500.0,POS,Delivered
ORD-143010,BIZ-1014,4,3,2025-10-21,50000.0,5,10000.0,Bank Transfer,Cancelled
ORD-657101,BIZ-1034,3,3,2025-10-03,382200.0,39,9800.0,Bank Transfer,Delivered
ORD-985249,BIZ-1047,1,4,2025-10-20,225400.0,23,10000.0,Bank Transfer,Delivered
ORD-783740,BIZ-1013,3,2,2025-10-13,274400.0,28,9800.0,Bank Transfer,Pending
ORD-451238,BIZ-1003,4,4,2025-10-26,323000.0,34,9500.0,POS,Pending
ORD-941289,BIZ-1007,4,4,2025-10-09,351500.0,37,9500.0,Bank Transfer,Cancelled
ORD-786128,BIZ-1041,2,5,2025-10-03,274400.0,28,9800.0,POS,Cancelled
ORD-583507,BIZ-1053,4,3,2025-10-18,60000.0,6,10000.0,Bank Transfer,Cancelled
ORD-885478,BIZ-1032,3,4,2025-10-24,73500.0,7,10500.0,Cash,Delivered
ORD-804527,BIZ-1011,3,3,2025-10-08,303800.0,31,9800.0,POS,Delivered
ORD-304394,BIZ-1022,1,5,2025-10-18,346500.0,33,10500.0,Cash,Pending
ORD-810638,BIZ-1056,1,2,2025-10-16,38000.0,4,10000.0,POS,Pending
ORD-288656,BIZ-1023,3,2,2025-10-21,104500.0,11,9500.0,POS,Delivered
ORD-111091,BIZ-1051,1,2,2025-10-10,400000.0,40,10000.0,Bank Transfer,Cancelled
ORD-972089,BIZ-1051,2,4,2025-10-21,95000.0,10,9500.0,Cash,Pending
ORD-531225,BIZ-1013,1,2,2025-10-03,320000.0,32,10000.0,POS,Cancelled
ORD-208954,BIZ-1023,4,5,2025-10-03,76000.0,8,9500.0,POS,Cancelled
ORD-468591,BIZ-1015,1,4,2025-10-21,123500.0,13,9500.0,Bank Transfer,Delivered
ORD-397058,BIZ-1010,2,2,2025-10-07,133000.0,14,9500.0,Bank Transfer,Delivered
ORD-135695,BIZ-1000,4,5,2025-10-08,94500.0,9,10000.0,Bank Transfer,Cancelled
ORD-196407,BIZ-1043,2,2,2025-10-01,68600.0,7,9800.0,Bank Transfer,Delivered
ORD-722999,BIZ-1008,4,5,2025-10-02,313500.0,33,9500.0,Bank Transfer,Pending
ORD-976042,BIZ-1051,1,1,2025-10-20,178500.0,17,10500.0,POS,Delivered
ORD-728500,BIZ-1004,4,3,2025-10-07,225400.0,23,9800.0,Cash,Pending
ORD-842470,BIZ-1040,1,2,2025-10-20,247000.0,26,9500.0,Bank Transfer,Cancelled
ORD-190582,BIZ-1040,3,3,2025-10-29,19600.0,2,9800.0,POS,Cancelled
ORD-236217,BIZ-1009,2,3,2025-10-26,52500.0,5,10500.0,POS,Delivered
ORD-900962,BIZ-1035,3,4,2025-10-12,107800.0,11,9800.0,Cash,Delivered
ORD-693566,BIZ-1013,3,3,2025-10-27,350000.0,35,10000.0,Cash,Delivered
ORD-293743,BIZ-1037,1,4,2025-10-25,95000.0,10,9500.0,Cash,Pending
ORD-829445,BIZ-1014,2,3,2025-10-27,9500.0,1,9500.0,POS,Pending
ORD-408877,BIZ-1039,4,4,2025-10-06,283500.0,27,10500.0,Cash,Delivered
ORD-179392,BIZ-1037,3,3,2025-10-15,254800.0,26,9800.0,Cash,Pending
ORD-389809,BIZ-1016,2,5,2025-10-20,40000.0,4,10000.0,Cash,Cancelled
ORD-825846,BIZ-1027,4,3,2025-10-24,31500.0,3,10500.0,Bank Transfer,Cancelled
ORD-907278,BIZ-1057,1,3,2025-10-28,196000.0,20,9800.0,Cash,Delivered
ORD-369836,BIZ-1030,1,3,2025-10-24,210000.0,20,10500.0,Bank Transfer,Delivered
ORD-177591,BIZ-1058,1,3,2025-10-05,115500.0,11,10500.0,Bank Transfer,Delivered
ORD-165417,BIZ-1059,2,2,2025-10-09,186200.0,19,9800.0,Cash,Cancelled
ORD-448813,BIZ-1005,2,5,2025-10-12,90000.0,9,10000.0,POS,Delivered
ORD-370782,BIZ-1046,4,4,2025-10-30,66500.0,7,10000.0,POS,Cancelled
ORD-377521,BIZ-1041,1,5,2025-10-29,264600.0,27,9800.0,POS,Delivered
ORD-172769,BIZ-1048,2,2,2025-10-06,409500.0,39,10500.0,Bank Transfer,Cancelled
ORD-310416,BIZ-1055,1,5,2025-10-15,215600.0,22,9800.0,Cash,Delivered
ORD-287110,BIZ-1003,2,2,2025-10-19,228000.0,24,9500.0,Bank Transfer,Delivered
ORD-213697,BIZ-1044,3,2,2025-10-20,166600.0,17,10000.0,Bank Transfer,Delivered
ORD-906048,BIZ-1041,4,4,2025-10-05,252000.0,24,10500.0,Cash,Cancelled
ORD-743790,BIZ-1035,4,3,2025-10-13,180000.0,18,10000.0,POS,Cancelled
ORD-563031,BIZ-1041,2,3,2025-10-20,189000.0,18,10500.0,Cash,Cancelled
ORD-208304,BIZ-1038,1,5,2025-10-22,180000.0,18,10000.0,Bank Transfer,Pending
ORD-173832,BIZ-1023,2,1,2025-10-02,252000.0,24,10500.0,Cash,Cancelled
ORD-362769,BIZ-1008,3,3,2025-10-18,409500.0,39,10500.0,Bank Transfer,Pending
ORD-119676,BIZ-1011,1,5,2025-10-24,85500.0,9,9500.0,Cash,Pending
ORD-256085,BIZ-1050,2,5,2025-10-27,19000.0,2,9500.0,POS,Delivered
ORD-100909,BIZ-1002,4,2,2025-10-20,215600.0,22,10000.0,Cash,Pending
ORD-796889,BIZ-1020,4,5,2025-10-28,388500.0,37,10500.0,Cash,Delivered
ORD-258971,BIZ-1059,3,3,2025-10-12,78400.0,8,9800.0,Cash,Delivered
ORD-510339,BIZ-1032,3,5,2025-10-22,160000.0,16,10000.0,Bank Transfer,Pending
ORD-841978,BIZ-1028,3,5,2025-10-18,80000.0,8,10000.0,POS,Cancelled
ORD-614514,BIZ-1028,1,2,2025-10-29,372400.0,38,9800.0,Cash,Delivered
ORD-523533,BIZ-1042,2,2,2025-10-15,200000.0,20,10000.0,POS,Delivered
ORD-918871,BIZ-1037,1,1,2025-10-26,304500.0,29,10500.0,Bank Transfer,Delivered
ORD-173504,BIZ-1049,3,1,2025-10-25,19000.0,2,9500.0,POS,Pending
ORD-103468,BIZ-1039,3,4,2025-10-17,107800.0,11,9800.0,Cash,Cancelled
ORD-822742,BIZ-1022,3,5,2025-10-12,378000.0,36,10500.0,Cash,Delivered
ORD-605483,BIZ-1051,2,2,2025-10-25,140000.0,14,10000.0,Cash,Cancelled
ORD-661307,BIZ-1022,2,3,2025-10-04,300000.0,30,10000.0,Bank Transfer,Delivered
ORD-476353,BIZ-1027,1,4,2025-10-29,313600.0,32,9800.0,POS,Cancelled
ORD-417538,BIZ-1029,1,2,2025-10-11,270000.0,27,10000.0,Cash,Pending
ORD-762985,BIZ-1041,4,3,2025-10-13,284200.0,29,9800.0,POS,Pending
ORD-778506,BIZ-1053,1,1,2025-10-30,264600.0,27,9800.0,Bank Transfer,Delivered
ORD-660596,BIZ-1016,3,5,2025-10-03,171000.0,18,9500.0,Bank Transfer,Pending
ORD-456581,BIZ-1001,3,1,2025-10-26,332500.0,35,9500.0,Cash,Cancelled
ORD-581966,BIZ-1052,3,4,2025-10-03,323000.0,34,9500.0,Bank Transfer,Pending
ORD-404043,BIZ-1054,3,5,2025-10-23,117600.0,12,9800.0,Bank Transfer,Pending
ORD-285197,BIZ-1021,3,3,2025-10-20,294000.0,30,9800.0,Bank Transfer,Cancelled
ORD-502824,BIZ-1038,3,2,2025-10-17,196000.0,20,9800.0,Cash,Cancelled
ORD-413388,BIZ-1037,1,4,2025-10-20,63000.0,6,10500.0,Bank Transfer,Delivered
ORD-211954,BIZ-1056,2,5,2025-10-21,136500.0,13,10500.0,POS,Delivered
ORD-476712,BIZ-1024,1,4,2025-10-19,357000.0,34,10500.0,POS,Cancelled
ORD-763529,BIZ-1019,1,5,2025-10-15,126000.0,12,10500.0,Bank Transfer,Cancelled
ORD-298667,BIZ-1022,1,2,2025-10-14,240000.0,24,10000.0,Bank Transfer,Delivered
ORD-302472,BIZ-1036,1,2,2025-10-05,105000.0,10,10500.0,POS,Cancelled
ORD-721748,BIZ-1002,3,5,2025-10-01,382200.0,39,9800.0,Cash,Pending
ORD-507652,BIZ-1025,1,2,2025-10-08,150000.0,15,10000.0,Bank Transfer,Pending
ORD-666809,BIZ-1040,2,1,2025-10-02,266000.0,28,9500.0,Cash,Pending
ORD-623956,BIZ-1056,4,4,2025-10-20,57000.0,6,9500.0,POS,Delivered
ORD-974774,BIZ-1045,3,2,2025-10-17,262500.0,25,10500.0,Bank Transfer,Pending
ORD-117215,BIZ-1029,3,3,2025-10-25,28500.0,3,9500.0,Bank Transfer,Delivered
ORD-158777,BIZ-1043,2,2,2025-10-02,247000.0,26,9500.0,POS,Cancelled
ORD-856035,BIZ-1044,3,3,2025-10-11,352800.0,36,9800.0,POS,Cancelled
ORD-223928,BIZ-1032,2,3,2025-10-02,280000.0,28,10000.0,Cash,Delivered
ORD-785611,BIZ-1038,2,2,2025-10-07,220500.0,21,10500.0,Bank Transfer,Delivered
ORD-580636,BIZ-1002,1,2,2025-10-21,137200.0,14,10000.0,POS,Cancelled
ORD-662625,BIZ-1003,2,5,2025-10-29,19000.0,2,9500.0,Bank Transfer,Pending
ORD-707488,BIZ-1013,1,2,2025-10-05,352800.0,36,9800.0,POS,Pending
ORD-175532,BIZ-1025,4,2,2025-10-07,247000.0,26,9500.0,POS,Pending
ORD-248468,BIZ-1007,3,3,2025-10-02,140000.0,14,10000.0,Bank Transfer,Cancelled
ORD-119989,BIZ-1007,3,4,2025-10-15,303800.0,31,9800.0,POS,Delivered
ORD-748410,BIZ-1039,4,1,2025-10-15,189000.0,18,10500.0,Bank Transfer,Delivered
ORD-835363,BIZ-1040,2,2,2025-10-02,10500.0,1,10500.0,POS,Pending
ORD-115063,BIZ-1026,1,4,2025-10-20,80000.0,8,10000.0,POS,Delivered
ORD-152384,BIZ-1032,1,3,2025-10-06,157500.0,15,10500.0,POS,Delivered
ORD-960607,BIZ-1022,4,2,2025-10-28,330000.0,33,10000.0,POS,Cancelled
ORD-578344,BIZ-1043,4,4,2025-10-24,310000.0,31,10000.0,Cash,Cancelled
ORD-975930,BIZ-1013,3,5,2025-10-19,189000.0,18,10500.0,Cash,Pending
ORD-957525,BIZ-1022,1,4,2025-10-18,351500.0,37,9500.0,Cash,Delivered
ORD-219726,BIZ-1057,3,4,2025-10-25,280000.0,28,10000.0,POS,Cancelled
ORD-937995,BIZ-1044,4,5,2025-10-15,220000.0,22,10000.0,Bank Transfer,Cancelled
ORD-166175,BIZ-1060,1,5,2025-10-19,63000.0,6,10500.0,Cash,Cancelled
ORD-546915,BIZ-1004,1,4,2025-10-25,320000.0,32,10000.0,Cash,Delivered
ORD-976500,BIZ-1024,2,2,2025-10-11,85500.0,9,9500.0,Cash,Delivered
ORD-811351,BIZ-1049,4,4,2025-10-30,9500.0,1,9500.0,Bank Transfer,Cancelled
ORD-226670,BIZ-1042,2,4,2025-10-13,58800.0,6,9800.0,Bank Transfer,Cancelled
ORD-703945,BIZ-1041,4,3,2025-10-30,168000.0,16,10500.0,POS,Cancelled
ORD-437211,BIZ-1003,3,3,2025-10-17,315000.0,30,10500.0,Bank Transfer,Delivered
ORD-931627,BIZ-1017,4,3,2025-10-26,115500.0,11,10500.0,Bank Transfer,Delivered
ORD-147800,BIZ-1023,1,3,2025-10-07,382200.0,39,9800.0,POS,Pending
ORD-451801,BIZ-1061,2,3,2025-10-18,21000.0,2,10000.0,POS,Cancelled
ORD-387198,BIZ-1008,1,2,2025-10-02,270000.0,27,10000.0,POS,Cancelled
ORD-535320,BIZ-1043,1,4,2025-10-05,370000.0,37,10000.0,POS,Delivered
ORD-487896,BIZ-1041,2,2,2025-10-06,250000.0,25,10000.0,Bank Transfer,Cancelled
ORD-559969,BIZ-1006,1,2,2025-10-17,380000.0,38,10000.0,Bank Transfer,Delivered
ORD-710256,BIZ-1026,3,4,2025-10-08,29400.0,3,9800.0,Cash,Delivered
ORD-204823,BIZ-1019,4,5,2025-10-02,241500.0,23,10500.0,Cash,Cancelled
ORD-762904,BIZ-1051,4,4,2025-10-24,300000.0,30,10000.0,POS,Delivered
ORD-915437,BIZ-1013,4,3,2025-10-19,9800.0,1,9800.0,Cash,Pending
ORD-610622,BIZ-1015,4,3,2025-10-05,210000.0,20,10000.0,Cash,Cancelled
ORD-107574,BIZ-1005,2,4,2025-10-03,304500.0,29,10500.0,Cash,Delivered
ORD-193471,BIZ-1009,4,1,2025-10-06,250000.0,25,10000.0,Cash,Pending
ORD-722571,BIZ-1004,4,2,2025-10-22,28500.0,3,9500.0,Cash,Pending
ORD-536440,BIZ-1012,1,4,2025-10-27,157500.0,15,10000.0,POS,Cancelled
ORD-930724,BIZ-1026,4,2,2025-10-21,250000.0,25,10000.0,Cash,Pending
ORD-825990,BIZ-1053,2,2,2025-10-24,57000.0,6,9500.0,POS,Cancelled
ORD-250038,BIZ-1050,2,2,2025-10-04,245000.0,25,10000.0,Bank Transfer,Cancelled
ORD-648496,BIZ-1035,3,2,2025-10-20,252000.0,24,10500.0,Cash,Pending
ORD-350875,BIZ-1032,1,3,2025-10-14,78400.0,8,9800.0,Cash,Cancelled
ORD-740195,BIZ-1060,2,2,2025-10-29,147000.0,14,10500.0,Bank Transfer,Pending
ORD-725236,BIZ-1031,2,3,2025-10-21,400000.0,40,10000.0,Cash,Pending
ORD-624170,BIZ-1015,1,1,2025-10-06,283500.0,27,10500.0,Cash,Pending
ORD-192296,BIZ-1029,2,5,2025-10-19,186200.0,19,9800.0,Bank Transfer,Pending
ORD-920597,BIZ-1039,4,2,2025-10-19,380000.0,40,9500.0,POS,Delivered
ORD-539128,BIZ-1025,4,5,2025-10-10,170000.0,17,10000.0,Bank Transfer,Cancelled
ORD-347085,BIZ-1027,2,4,2025-10-01,189000.0,18,10500.0,POS,Cancelled
ORD-655953,BIZ-1056,1,2,2025-10-06,352800.0,36,9800.0,Bank Transfer,Cancelled
ORD-748985,BIZ-1046,1,3,2025-10-30,231000.0,22,10500.0,POS,Delivered
ORD-898100,BIZ-1047,3,1,2025-10-11,370000.0,37,10000.0,Bank Transfer,Delivered
ORD-632195,BIZ-1038,1,4,2025-10-30,10500.0,1,10000.0,POS,Delivered
ORD-907750,BIZ-1058,3,3,2025-10-07,84000.0,8,10500.0,Cash,Pending
ORD-318217,BIZ-1037,1,5,2025-10-19,340000.0,34,10000.0,POS,Cancelled
ORD-303129,BIZ-1039,2,3,2025-10-09,270000.0,27,10000.0,POS,Delivered
ORD-256465,BIZ-1023,1,4,2025-10-04,85500.0,9,9500.0,Bank Transfer,Pending
ORD-597457,BIZ-1043,2,3,2025-10-21,189000.0,18,10500.0,Bank Transfer,Delivered
ORD-267520,BIZ-1009,3,4,2025-10-15,392000.0,40,9800.0,Bank Transfer,Cancelled
ORD-145209,BIZ-1012,1,4,2025-10-21,218500.0,23,9500.0,Bank Transfer,Cancelled
ORD-481884,BIZ-1051,4,5,2025-10-02,300000.0,30,10000.0,POS,Cancelled
ORD-555786,BIZ-1039,1,5,2025-10-09,409500.0,39,10500.0,POS,Pending
ORD-746781,BIZ-1024,4,4,2025-10-08,294500.0,31,10000.0,POS,Cancelled
ORD-895248,BIZ-1024,2,5,2025-10-25,133000.0,14,9500.0,POS,Pending
ORD-209493,BIZ-1027,2,3,2025-10-14,130000.0,13,10000.0,Cash,Delivered
ORD-663463,BIZ-1026,1,5,2025-10-23,57000.0,6,9500.0,Bank Transfer,Delivered
ORD-923648,BIZ-1018,1,3,2025-10-06,186200.0,19,10000.0,Bank Transfer,Cancelled
ORD-639915,BIZ-1039,1,2,2025-10-01,85500.0,9,9500.0,Cash,Pending
ORD-346729,BIZ-1015,2,3,2025-10-04,186200.0,19,9800.0,Bank Transfer,Cancelled
ORD-721497,BIZ-1021,2,2,2025-10-22,66500.0,7,9500.0,POS,Pending
ORD-539422,BIZ-1035,4,4,2025-10-18,399000.0,38,10500.0,Bank Transfer,Cancelled
ORD-809731,BIZ-1034,2,3,2025-10-06,205800.0,21,9800.0,POS,Delivered
ORD-341238,BIZ-1039,4,3,2025-10-27,95000.0,10,9500.0,Cash,Delivered
ORD-441974,BIZ-1042,1,4,2025-10-24,300000.0,30,10000.0,Cash,Delivered
ORD-348636,BIZ-1005,1,2,2025-10-07,199500.0,21,9500.0,POS,Pending
ORD-309668,BIZ-1019,1,5,2025-10-23,39200.0,4,9800.0,Cash,Pending
ORD-331381,BIZ-1022,4,5,2025-10-12,215600.0,22,9800.0,POS,Delivered
ORD-713513,BIZ-1006,1,2,2025-10-03,127400.0,13,9800.0,POS,Delivered
ORD-557037,BIZ-1055,3,2,2025-10-15,9800.0,1,9800.0,Cash,Pending
ORD-739037,BIZ-1042,1,2,2025-10-05,351500.0,37,9500.0,Bank Transfer,Delivered
ORD-506145,BIZ-1056,1,5,2025-10-14,19600.0,2,9800.0,Cash,Pending
ORD-579975,BIZ-1058,3,3,2025-10-12,275500.0,29,9500.0,Cash,Pending
ORD-762722,BIZ-1047,4,2,2025-10-22,10500.0,1,10500.0,Cash,Cancelled
ORD-382795,BIZ-1005,2,2,2025-10-11,400000.0,40,10000.0,POS,Delivered
ORD-233391,BIZ-1012,2,2,2025-10-07,120000.0,12,10000.0,Bank Transfer,Delivered
ORD-696289,BIZ-1037,2,3,2025-10-01,117600.0,12,9800.0,Bank Transfer,Delivered
ORD-243132,BIZ-1041,2,2,2025-10-02,19600.0,2,9800.0,Bank Transfer,Delivered
ORD-588148,BIZ-1031,4,4,2025-10-04,350000.0,35,10000.0,POS,Cancelled
ORD-279517,BIZ-1027,4,2,2025-10-14,19000.0,2,9500.0,Bank Transfer,Cancelled
ORD-330533,BIZ-1042,3,5,2025-10-23,90000.0,9,10000.0,Bank Transfer,Pending
ORD-732958,BIZ-1053,4,4,2025-10-27,270000.0,27,10000.0,Cash,Cancelled
ORD-933162,BIZ-1024,2,3,2025-10-05,320000.0,32,10000.0,Bank Transfer,Cancelled
ORD-741233,BIZ-1010,2,4,2025-10-20,382200.0,39,9800.0,Cash,Pending
ORD-706204,BIZ-1009,4,2,2025-10-28,343000.0,35,9800.0,POS,Pending
ORD-996536,BIZ-1042,3,2,2025-10-30,100000.0,10,10000.0,Bank Transfer,Pending
ORD-531694,BIZ-1056,2,3,2025-10-07,370500.0,39,9500.0,Cash,Cancelled
ORD-612977,BIZ-1055,1,2,2025-10-26,190000.0,19,10000.0,Cash,Delivered
ORD-326956,BIZ-1040,3,2,2025-10-26,136500.0,13,10500.0,Bank Transfer,Delivered
ORD-977646,BIZ-1000,3,4,2025-10-18,57000.0,6,9500.0,POS,Pending
ORD-115208,BIZ-1046,1,5,2025-10-14,313500.0,33,9500.0,POS,Cancelled
ORD-871939,BIZ-1041,3,3,2025-10-22,256500.0,27,9500.0,Bank Transfer,Pending
ORD-359870,BIZ-1006,1,2,2025-10-27,180500.0,19,9500.0,Cash,Delivered
ORD-707615,BIZ-1015,2,1,2025-10-10,380000.0,38,10000.0,POS,Pending
ORD-720517,BIZ-1039,3,2,2025-10-07,84000.0,8,10000.0,Bank Transfer,Delivered
ORD-701568,BIZ-1006,2,2,2025-10-29,336000.0,32,10500.0,Bank Transfer,Cancelled
ORD-538065,BIZ-1019,1,4,2025-10-27,294000.0,30,9800.0,Cash,Pending
ORD-142004,BIZ-1045,3,3,2025-10-30,98000.0,10,9800.0,Bank Transfer,Pending
ORD-869105,BIZ-1029,4,2,2025-10-30,210000.0,21,10000.0,Bank Transfer,Cancelled
ORD-135253,BIZ-1009,1,5,2025-10-24,9800.0,1,9800.0,Cash,Pending
ORD-513474,BIZ-1004,2,3,2025-10-13,275500.0,29,9500.0,POS,Cancelled
ORD-936782,BIZ-1000,3,5,2025-10-15,380000.0,38,10000.0,Cash,Delivered
ORD-202759,BIZ-1051,2,3,2025-10-21,104500.0,11,9500.0,POS,Cancelled
ORD-352194,BIZ-1001,2,2,2025-10-14,218500.0,23,10000.0,POS,Pending
ORD-889660,BIZ-1020,1,3,2025-10-03,320000.0,32,10000.0,Cash,Cancelled
ORD-867333,BIZ-1055,2,3,2025-10-01,137200.0,14,9800.0,Bank Transfer,Pending
ORD-328596,BIZ-1059,4,3,2025-10-13,126000.0,12,10500.0,Cash,Delivered
ORD-410158,BIZ-1000,1,4,2025-10-04,110000.0,11,10000.0,Cash,Delivered
ORD-195136,BIZ-1052,3,1,2025-10-08,260000.0,26,10000.0,POS,Delivered
ORD-801534,BIZ-1027,1,2,2025-10-01,20000.0,2,10000.0,POS,Pending
ORD-837468,BIZ-1023,2,3,2025-10-10,76000.0,8,9500.0,Bank Transfer,Delivered
ORD-698087,BIZ-1047,2,3,2025-10-14,100000.0,10,10000.0,Bank Transfer,Pending
ORD-125599,BIZ-1010,1,3,2025-10-23,168000.0,16,10500.0,Bank Transfer,Cancelled
ORD-586288,BIZ-1013,3,3,2025-10-30,186200.0,19,9800.0,Cash,Delivered
ORD-837290,BIZ-1035,3,5,2025-10-24,220000.0,22,10000.0,Bank Transfer,Delivered
ORD-928226,BIZ-1002,1,4,2025-10-13,133000.0,14,9500.0,Bank Transfer,Pending
ORD-757258,BIZ-1013,1,4,2025-10-27,362600.0,37,9800.0,POS,Delivered
ORD-764170,BIZ-1049,3,2,2025-10-14,117600.0,12,9800.0,Bank Transfer,Pending
ORD-757776,BIZ-1026,2,2,2025-10-01,180500.0,19,9500.0,Cash,Cancelled
ORD-824304,BIZ-1008,4,5,2025-10-03,283500.0,27,10500.0,Bank Transfer,Delivered
ORD-134303,BIZ-1057,2,5,2025-10-10,361000.0,38,9500.0,POS,Cancelled
ORD-889460,BIZ-1045,2,1,2025-10-09,42000.0,4,10500.0,Bank Transfer,Cancelled
ORD-742254,BIZ-1025,4,2,2025-10-09,9500.0,1,9500.0,POS,Cancelled
ORD-933071,BIZ-1043,4,2,2025-10-17,336000.0,32,10500.0,Cash,Cancelled
ORD-817923,BIZ-1048,4,5,2025-10-07,220500.0,21,10500.0,Cash,Cancelled
ORD-452001,BIZ-1028,4,2,2025-10-03,190000.0,20,9500.0,Bank Transfer,Pending
ORD-157474,BIZ-1060,1,3,2025-10-23,114000.0,12,9500.0,Bank Transfer,Delivered
ORD-807424,BIZ-1059,1,4,2025-10-16,49000.0,5,9800.0,Cash,Cancelled
ORD-154067,BIZ-1056,2,2,2025-10-11,47500.0,5,9500.0,POS,Pending
ORD-483349,BIZ-1060,3,5,2025-10-04,343000.0,35,9800.0,POS,Pending
ORD-142859,BIZ-1032,3,1,2025-10-14,313500.0,33,9500.0,POS,Pending
ORD-283781,BIZ-1000,2,4,2025-10-11,105000.0,10,10000.0,POS,Delivered
ORD-839113,BIZ-1048,3,4,2025-10-20,323400.0,33,9800.0,Bank Transfer,Delivered
ORD-843793,BIZ-1037,4,4,2025-10-03,294000.0,28,10500.0,POS,Cancelled
ORD-245129,BIZ-1046,3,4,2025-10-24,104500.0,11,9500.0,Cash,Delivered
ORD-350224,BIZ-1011,1,3,2025-10-30,110000.0,11,10000.0,Bank Transfer,Delivered
ORD-780566,BIZ-1004,3,5,2025-10-17,10000.0,1,10000.0,Bank Transfer,Pending
ORD-888819,BIZ-1018,3,5,2025-10-15,156800.0,16,9800.0,POS,Cancelled
ORD-836984,BIZ-1010,1,4,2025-10-18,115500.0,11,10500.0,Bank Transfer,Pending
ORD-881206,BIZ-1028,1,3,2025-10-07,273000.0,26,10500.0,Cash,Delivered
ORD-436030,BIZ-1050,1,3,2025-10-23,147000.0,15,9800.0,POS,Delivered
ORD-380345,BIZ-1054,4,4,2025-10-11,147000.0,14,10500.0,POS,Pending
ORD-543473,BIZ-1042,1,3,2025-10-16,84000.0,8,10500.0,Cash,Delivered
ORD-166447,BIZ-1057,2,4,2025-10-09,168000.0,16,10500.0,Bank Transfer,Delivered
ORD-574386,BIZ-1018,1,2,2025-10-12,127400.0,13,9800.0,Bank Transfer,Cancelled
ORD-652266,BIZ-1027,3,2,2025-10-15,382200.0,39,9800.0,Cash,Delivered
ORD-593002,BIZ-1040,4,5,2025-10-25,285000.0,30,9500.0,POS,Cancelled
ORD-811257,BIZ-1024,4,3,2025-10-22,21000.0,2,10500.0,Cash,Delivered
ORD-406461,BIZ-1061,2,2,2025-10-25,31500.0,3,10500.0,Bank Transfer,Cancelled
ORD-486028,BIZ-1025,2,2,2025-10-14,332500.0,35,9500.0,Bank Transfer,Cancelled
ORD-826897,BIZ-1034,4,3,2025-10-24,94500.0,9,10500.0,Bank Transfer,Pending
ORD-168815,BIZ-1011,2,3,2025-10-25,313500.0,33,9500.0,POS,Cancelled
ORD-580115,BIZ-1056,2,3,2025-10-06,160000.0,16,10000.0,Bank Transfer,Cancelled
ORD-509660,BIZ-1010,4,3,2025-10-03,19600.0,2,9800.0,Cash,Cancelled
ORD-402380,BIZ-1007,1,5,2025-10-27,273000.0,26,10500.0,POS,Delivered
ORD-180685,BIZ-1003,4,1,2025-10-29,90000.0,9,10000.0,Cash,Cancelled
ORD-389346,BIZ-1023,2,5,2025-10-04,323400.0,33,9800.0,Bank Transfer,Cancelled
ORD-255141,BIZ-1025,3,3,2025-10-04,189000.0,18,10500.0,POS,Pending
ORD-314178,BIZ-1032,4,5,2025-10-15,85500.0,9,9500.0,POS,Pending
ORD-757746,BIZ-1014,4,5,2025-10-16,105000.0,10,10500.0,Bank Transfer,Pending
ORD-536770,BIZ-1015,4,4,2025-10-01,388500.0,37,10500.0,POS,Delivered
ORD-667735,BIZ-1026,2,3,2025-10-30,378000.0,36,10500.0,Cash,Cancelled
ORD-596925,BIZ-1058,4,5,2025-10-28,230000.0,23,10000.0,Bank Transfer,Cancelled
ORD-565420,BIZ-1000,3,3,2025-10-11,130000.0,13,10000.0,Cash,Delivered
ORD-122525,BIZ-1005,2,2,2025-10-23,199500.0,19,10500.0,Cash,Cancelled
ORD-166007,BIZ-1061,4,5,2025-10-09,361000.0,38,9500.0,POS,Cancelled
ORD-940946,BIZ-1013,2,5,2025-10-01,20000.0,2,10000.0,Bank Transfer,Cancelled
ORD-644861,BIZ-1020,3,5,2025-10-07,115500.0,11,10500.0,Bank Transfer,Delivered
ORD-531690,BIZ-1010,4,2,2025-10-20,29400.0,3,9800.0,Cash,Delivered
ORD-787614,BIZ-1056,2,4,2025-10-18,273000.0,26,10500.0,Bank Transfer,Cancelled
ORD-442157,BIZ-1011,2,5,2025-10-20,120000.0,12,10000.0,POS,Delivered
ORD-798199,BIZ-1032,1,4,2025-10-15,142500.0,15,9500.0,Cash,Pending
ORD-982804,BIZ-1016,4,5,2025-10-21,196000.0,20,9800.0,POS,Delivered
ORD-580255,BIZ-1034,4,2,2025-10-17,360000.0,36,10000.0,Bank Transfer,Delivered
ORD-238364,BIZ-1020,3,1,2025-10-10,290000.0,29,10000.0,Bank Transfer,Delivered
ORD-421383,BIZ-1048,4,3,2025-10-27,30000.0,3,10000.0,Bank Transfer,Cancelled
ORD-372637,BIZ-1022,1,4,2025-10-06,390000.0,39,10000.0,Cash,Pending
ORD-489967,BIZ-1043,2,2,2025-10-07,180500.0,19,9500.0,Cash,Cancelled
ORD-907141,BIZ-1025,4,4,2025-10-30,199500.0,19,10500.0,POS,Pending
ORD-255544,BIZ-1033,4,2,2025-10-26,19000.0,2,9500.0,Cash,Cancelled
ORD-578073,BIZ-1006,3,2,2025-10-11,28500.0,3,9500.0,Cash,Pending
ORD-748680,BIZ-1033,1,5,2025-10-29,76000.0,8,9500.0,Cash,Pending
ORD-846389,BIZ-1005,3,3,2025-10-28,166600.0,17,9800.0,Cash,Pending
ORD-291134,BIZ-1015,4,5,2025-10-17,231000.0,22,10500.0,Bank Transfer,Pending
ORD-980103,BIZ-1027,1,2,2025-10-30,31500.0,3,10500.0,Bank Transfer,Pending
ORD-798724,BIZ-1002,4,2,2025-10-22,241500.0,23,10500.0,Cash,Pending
ORD-269087,BIZ-1027,1,4,2025-10-24,117600.0,12,9800.0,POS,Delivered
ORD-143150,BIZ-1005,1,1,2025-10-08,215600.0,22,9800.0,Cash,Delivered
ORD-702433,BIZ-1012,2,3,2025-10-30,178500.0,17,10500.0,Cash,Pending
ORD-373056,BIZ-1023,2,5,2025-10-04,350000.0,35,10000.0,POS,Delivered
ORD-315120,BIZ-1048,2,2,2025-10-12,409500.0,39,10000.0,Bank Transfer,Delivered
ORD-136374,BIZ-1022,2,4,2025-10-17,343000.0,35,9800.0,Cash,Delivered
ORD-460549,BIZ-1049,2,5,2025-10-20,90000.0,9,10000.0,Bank Transfer,Delivered
ORD-570211,BIZ-1011,3,2,2025-10-05,104500.0,11,9500.0,Cash,Delivered
ORD-270495,BIZ-1003,3,1,2025-10-17,114000.0,12,9500.0,Bank Transfer,Cancelled
ORD-227391,BIZ-1039,4,1,2025-10-17,105000.0,10,10500.0,Cash,Pending
ORD-524214,BIZ-1037,2,5,2025-10-28,343000.0,35,9800.0,POS,Cancelled
ORD-905849,BIZ-1058,1,2,2025-10-28,210000.0,21,10000.0,POS,Cancelled
ORD-580290,BIZ-1005,2,2,2025-10-05,196000.0,20,9800.0,POS,Pending
ORD-263633,BIZ-1032,3,5,2025-10-28,73500.0,7,10500.0,Cash,Pending
ORD-874368,BIZ-1059,4,4,2025-10-01,380000.0,40,9500.0,Bank Transfer,Pending
ORD-632056,BIZ-1012,2,5,2025-10-17,38000.0,4,9500.0,POS,Delivered
ORD-839719,BIZ-1006,4,5,2025-10-10,178500.0,17,10500.0,Cash,Pending
ORD-403905,BIZ-1013,1,5,2025-10-09,150000.0,15,10000.0,Bank Transfer,Pending
ORD-890795,BIZ-1024,3,3,2025-10-30,290000.0,29,10000.0,Bank Transfer,Pending
ORD-701596,BIZ-1060,4,2,2025-10-30,380000.0,38,10000.0,Cash,Pending
ORD-938416,BIZ-1007,3,5,2025-10-21,382200.0,39,9800.0,Bank Transfer,Pending
ORD-563581,BIZ-1009,1,2,2025-10-17,313500.0,33,9500.0,Bank Transfer,Cancelled
ORD-217771,BIZ-1023,3,4,2025-10-11,147000.0,14,10500.0,POS,Delivered
ORD-142027,BIZ-1016,4,4,2025-10-22,156800.0,16,9800.0,POS,Pending
ORD-677723,BIZ-1057,3,5,2025-10-05,323400.0,33,9800.0,Bank Transfer,Pending
ORD-126000,BIZ-1017,1,4,2025-10-04,367500.0,35,10500.0,Cash,Cancelled
ORD-981723,BIZ-1016,2,4,2025-10-13,274400.0,28,9800.0,Cash,Delivered
ORD-474754,BIZ-1016,2,3,2025-10-07,84000.0,8,10000.0,Cash,Cancelled
ORD-157706,BIZ-1005,1,3,2025-10-03,140000.0,14,10000.0,POS,Delivered
ORD-304629,BIZ-1019,2,3,2025-10-19,66500.0,7,9500.0,POS,Pending
ORD-332934,BIZ-1013,2,3,2025-10-18,130000.0,13,10000.0,Cash,Delivered
ORD-904357,BIZ-1048,4,2,2025-10-24,325500.0,31,10500.0,POS,Pending
ORD-123643,BIZ-1052,2,2,2025-10-09,361000.0,38,9500.0,Bank Transfer,Pending
ORD-990714,BIZ-1022,4,3,2025-10-03,90000.0,9,10000.0,Cash,Pending
ORD-804179,BIZ-1015,3,4,2025-10-14,38000.0,4,9500.0,Bank Transfer,Cancelled
ORD-636648,BIZ-1017,4,2,2025-10-29,390000.0,39,10000.0,POS,Delivered
ORD-614290,BIZ-1037,2,2,2025-10-12,343000.0,35,9800.0,Bank Transfer,Cancelled
ORD-734470,BIZ-1055,2,5,2025-10-10,63000.0,6,10500.0,Bank Transfer,Cancelled
ORD-158770,BIZ-1034,2,5,2025-10-16,199500.0,19,10500.0,POS,Cancelled
ORD-478603,BIZ-1037,2,3,2025-10-28,420000.0,40,10500.0,Bank Transfer,Cancelled
ORD-850742,BIZ-1053,2,5,2025-10-12,252000.0,24,10500.0,POS,Delivered
ORD-487585,BIZ-1042,3,2,2025-10-26,323000.0,34,9500.0,Bank Transfer,Delivered
ORD-112782,BIZ-1024,3,2,2025-10-12,304500.0,29,10500.0,Cash,Cancelled
ORD-468422,BIZ-1016,4,4,2025-10-09,343000.0,35,9800.0,Cash,Delivered
ORD-567220,BIZ-1045,2,5,2025-10-10,220000.0,22,10000.0,Bank Transfer,Pending
ORD-191853,BIZ-1035,4,2,2025-10-27,147000.0,14,10500.0,POS,Pending
ORD-565798,BIZ-1032,3,2,2025-10-07,323000.0,34,9500.0,POS,Delivered
ORD-535798,BIZ-1003,2,1,2025-10-23,19600.0,2,9800.0,POS,Delivered
ORD-402654,BIZ-1056,4,4,2025-10-25,58800.0,6,9800.0,Cash,Pending
ORD-863364,BIZ-1050,3,2,2025-10-05,351500.0,37,9500.0,Bank Transfer,Pending
ORD-544420,BIZ-1018,2,5,2025-10-30,285000.0,30,9500.0,Bank Transfer,Cancelled
ORD-534313,BIZ-1008,1,2,2025-10-22,294000.0,28,10500.0,Cash,Delivered
ORD-715702,BIZ-1051,4,4,2025-10-05,199500.0,21,9500.0,POS,Pending
ORD-250616,BIZ-1033,4,4,2025-10-18,127400.0,13,9800.0,POS,Cancelled
ORD-597667,BIZ-1056,1,4,2025-10-07,76000.0,8,9500.0,Bank Transfer,Delivered
ORD-650818,BIZ-1047,4,5,2025-10-30,343000.0,35,9800.0,Bank Transfer,Cancelled
ORD-169327,BIZ-1015,3,2,2025-10-30,210000.0,21,10000.0,POS,Pending
ORD-719371,BIZ-1021,2,4,2025-10-28,28500.0,3,9500.0,POS,Cancelled
ORD-192744,BIZ-1020,2,5,2025-10-23,76000.0,8,9500.0,Bank Transfer,Delivered
ORD-769836,BIZ-1034,4,2,2025-10-01,196000.0,20,9800.0,Cash,Delivered
ORD-534649,BIZ-1004,1,3,2025-10-28,231000.0,22,10500.0,Cash,Delivered
ORD-584567,BIZ-1045,1,5,2025-10-06,275500.0,29,9500.0,POS,Cancelled
ORD-891930,BIZ-1036,1,2,2025-10-22,409500.0,39,10500.0,Cash,Delivered
ORD-308936,BIZ-1004,3,5,2025-10-28,380000.0,40,9500.0,POS,Pending
ORD-500314,BIZ-1000,2,5,2025-10-06,266000.0,28,9500.0,Cash,Cancelled
ORD-614416,BIZ-1032,2,3,2025-10-09,152000.0,16,9500.0,Cash,Delivered
ORD-966384,BIZ-1008,1,5,2025-10-02,399000.0,38,10000.0,Cash,Delivered
ORD-713635,BIZ-1038,2,2,2025-10-10,73500.0,7,10500.0,Cash,Cancelled
ORD-686448,BIZ-1052,1,2,2025-10-10,380000.0,40,9500.0,Cash,Pending
ORD-335426,BIZ-1022,3,2,2025-10-23,126000.0,12,10500.0,POS,Cancelled
ORD-102565,BIZ-1024,4,4,2025-10-01,283500.0,27,10500.0,Cash,Delivered
ORD-414750,BIZ-1025,3,3,2025-10-05,186200.0,19,9800.0,Cash,Pending
ORD-974767,BIZ-1031,3,4,2025-10-29,52500.0,5,10500.0,Bank Transfer,Cancelled
ORD-230208,BIZ-1023,1,5,2025-10-20,300000.0,30,10000.0,POS,Cancelled
ORD-401663,BIZ-1028,2,4,2025-10-20,210000.0,20,10500.0,Cash,Delivered
ORD-615780,BIZ-1022,3,2,2025-10-13,29400.0,3,9800.0,Cash,Delivered
ORD-776106,BIZ-1051,1,3,2025-10-28,10000.0,1,10000.0,Cash,Delivered
ORD-225152,BIZ-1007,3,5,2025-10-08,274400.0,28,9800.0,POS,Pending
ORD-617000,BIZ-1055,3,2,2025-10-23,189000.0,18,10500.0,POS,Pending
ORD-169966,BIZ-1039,4,4,2025-10-30,133000.0,14,9500.0,Cash,Pending
ORD-479332,BIZ-1038,3,2,2025-10-18,260000.0,26,10000.0,Bank Transfer,Cancelled
ORD-693047,BIZ-1032,4,5,2025-10-18,350000.0,35,10000.0,Cash,Pending
ORD-370439,BIZ-1021,2,3,2025-10-14,78400.0,8,9800.0,Bank Transfer,Pending
ORD-599164,BIZ-1024,2,1,2025-10-19,84000.0,8,10500.0,Bank Transfer,Cancelled
ORD-958029,BIZ-1002,3,3,2025-10-30,266000.0,28,10000.0,Cash,Cancelled
ORD-637422,BIZ-1013,2,1,2025-10-04,29400.0,3,9800.0,POS,Cancelled
ORD-118397,BIZ-1059,4,2,2025-10-22,323000.0,34,9500.0,POS,Pending
ORD-270757,BIZ-1016,1,2,2025-10-26,290000.0,29,10000.0,Bank Transfer,Pending
ORD-253235,BIZ-1045,4,4,2025-10-18,199500.0,19,10500.0,Cash,Delivered
ORD-826959,BIZ-1027,3,4,2025-10-10,142500.0,15,9500.0,Cash,Delivered
ORD-271241,BIZ-1028,3,2,2025-10-05,346500.0,33,10500.0,POS,Delivered
ORD-478707,BIZ-1025,2,5,2025-10-02,254800.0,26,9800.0,Bank Transfer,Delivered
ORD-473276,BIZ-1007,1,2,2025-10-13,161500.0,17,9500.0,Bank Transfer,Cancelled
ORD-405831,BIZ-1003,4,3,2025-10-02,30000.0,3,10000.0,Bank Transfer,Delivered
ORD-180558,BIZ-1003,3,4,2025-10-16,180000.0,18,10000.0,Bank Transfer,Cancelled
ORD-903673,BIZ-1022,3,2,2025-10-16,320000.0,32,10000.0,Bank Transfer,Pending
ORD-901834,BIZ-1002,3,4,2025-10-19,235200.0,24,9800.0,POS,Pending
ORD-889188,BIZ-1024,3,2,2025-10-03,400000.0,40,10000.0,Bank Transfer,Pending
ORD-438277,BIZ-1028,3,3,2025-10-06,367500.0,35,10000.0,Bank Transfer,Cancelled
ORD-966985,BIZ-1010,4,2,2025-10-27,250000.0,25,10000.0,Bank Transfer,Delivered
ORD-938732,BIZ-1029,4,5,2025-10-26,228000.0,24,9500.0,Bank Transfer,Delivered
ORD-818739,BIZ-1050,2,2,2025-10-10,180500.0,19,10000.0,Bank Transfer,Pending
ORD-480132,BIZ-1002,3,4,2025-10-21,66500.0,7,9500.0,Bank Transfer,Pending
ORD-708222,BIZ-1026,3,3,2025-10-03,262500.0,25,10500.0,Bank Transfer,Delivered
ORD-250698,BIZ-1013,1,3,2025-10-11,294500.0,31,9500.0,Cash,Cancelled
ORD-643341,BIZ-1040,1,4,2025-10-01,104500.0,11,9500.0,Bank Transfer,Cancelled
ORD-916639,BIZ-1028,4,3,2025-10-09,215600.0,22,9800.0,POS,Delivered
ORD-456844,BIZ-1023,1,3,2025-10-15,50000.0,5,10000.0,POS,Cancelled
ORD-270948,BIZ-1013,2,3,2025-10-28,19000.0,2,9500.0,Cash,Cancelled
ORD-262062,BIZ-1058,3,4,2025-10-04,199500.0,21,9500.0,Cash,Delivered
ORD-971968,BIZ-1056,3,4,2025-10-16,90000.0,9,10000.0,Cash,Delivered
ORD-685792,BIZ-1005,3,2,2025-10-06,420000.0,40,10500.0,Bank Transfer,Cancelled
ORD-971803,BIZ-1050,1,4,2025-10-19,284200.0,29,9800.0,Bank Transfer,Delivered
ORD-987168,BIZ-1013,3,3,2025-10-29,367500.0,35,10000.0,Bank Transfer,Cancelled
ORD-677883,BIZ-1002,1,2,2025-10-16,262500.0,25,10500.0,Bank Transfer,Delivered
ORD-941566,BIZ-1040,2,1,2025-10-22,170000.0,17,10000.0,Bank Transfer,Pending
ORD-582860,BIZ-1040,3,3,2025-10-04,78400.0,8,9800.0,Bank Transfer,Pending
ORD-222227,BIZ-1030,1,3,2025-10-28,170000.0,17,10000.0,Bank Transfer,Delivered
ORD-118223,BIZ-1056,2,2,2025-10-25,150000.0,15,10000.0,Bank Transfer,Pending
ORD-426708,BIZ-1018,4,4,2025-10-15,95000.0,10,9500.0,Bank Transfer,Pending
ORD-245766,BIZ-1044,2,4,2025-10-21,117600.0,12,9800.0,Bank Transfer,Cancelled
ORD-726680,BIZ-1013,2,3,2025-10-25,20000.0,2,10000.0,Cash,Delivered
ORD-458660,BIZ-1059,1,2,2025-10-16,237500.0,25,9500.0,Cash,Cancelled
ORD-419484,BIZ-1037,3,2,2025-10-06,230000.0,23,10000.0,Bank Transfer,Pending
ORD-954142,BIZ-1021,4,5,2025-10-01,256500.0,27,10000.0,POS,Cancelled
ORD-234966,BIZ-1012,2,5,2025-10-04,19600.0,2,9800.0,POS,Pending
ORD-249274,BIZ-1019,3,1,2025-10-26,380000.0,38,10000.0,Bank Transfer,Delivered
ORD-422361,BIZ-1010,3,5,2025-10-21,66500.0,7,9500.0,POS,Cancelled
ORD-236543,BIZ-1034,4,3,2025-10-04,58800.0,6,9800.0,POS,Pending
ORD-545440,BIZ-1060,2,3,2025-10-30,409500.0,39,10500.0,POS,Pending
ORD-922114,BIZ-1061,1,2,2025-10-21,346500.0,33,10500.0,Cash,Pending
ORD-119719,BIZ-1020,2,5,2025-10-04,38000.0,4,9500.0,Cash,Pending
ORD-894122,BIZ-1053,4,4,2025-10-24,19600.0,2,9800.0,POS,Delivered
ORD-305888,BIZ-1060,4,5,2025-10-13,351500.0,37,9500.0,POS,Cancelled
ORD-931578,BIZ-1024,4,5,2025-10-04,85500.0,9,9500.0,Bank Transfer,Delivered
ORD-721990,BIZ-1026,4,2,2025-10-20,254800.0,26,9800.0,Bank Transfer,Pending
ORD-224698,BIZ-1016,2,3,2025-10-02,150000.0,15,10000.0,Cash,Pending
ORD-145383,BIZ-1030,3,2,2025-10-28,29400.0,3,9800.0,POS,Cancelled
ORD-800015,BIZ-1052,2,3,2025-10-02,270000.0,27,10000.0,Bank Transfer,Delivered
ORD-201191,BIZ-1056,3,2,2025-10-01,9800.0,1,9800.0,Bank Transfer,Cancelled
ORD-731024,BIZ-1027,3,5,2025-10-24,313600.0,32,9800.0,Cash,Delivered
ORD-309740,BIZ-1016,3,1,2025-10-07,137200.0,14,9800.0,Bank Transfer,Delivered
ORD-468609,BIZ-1015,1,5,2025-10-06,378000.0,36,10500.0,POS,Cancelled
ORD-252627,BIZ-1007,1,4,2025-10-01,273000.0,26,10500.0,POS,Delivered
ORD-390849,BIZ-1041,3,5,2025-10-26,9500.0,1,9500.0,Bank Transfer,Pending
ORD-464733,BIZ-1008,3,1,2025-10-29,9500.0,1,9500.0,POS,Cancelled
ORD-996677,BIZ-1007,1,3,2025-10-11,98000.0,10,9800.0,Bank Transfer,Pending
ORD-863944,BIZ-1045,3,3,2025-10-16,399000.0,38,10500.0,Bank Transfer,Cancelled
ORD-629435,BIZ-1056,3,3,2025-10-19,220000.0,22,10000.0,Cash,Pending
ORD-203919,BIZ-1037,3,4,2025-10-18,245000.0,25,9800.0,Bank Transfer,Cancelled
ORD-900319,BIZ-1053,1,2,2025-10-25,380000.0,38,10000.0,Cash,Delivered
ORD-327538,BIZ-1032,4,4,2025-10-01,68600.0,7,9800.0,Bank Transfer,Cancelled
ORD-395548,BIZ-1001,3,5,2025-10-22,60000.0,6,10000.0,POS,Pending
ORD-890645,BIZ-1002,2,2,2025-10-06,215600.0,22,9800.0,Bank Transfer,Delivered
ORD-860583,BIZ-1032,3,5,2025-10-17,161500.0,17,9500.0,Bank Transfer,Pending
ORD-324411,BIZ-1020,4,3,2025-10-03,160000.0,16,10000.0,Bank Transfer,Pending
ORD-992649,BIZ-1028,2,5,2025-10-28,220500.0,21,10500.0,POS,Cancelled
ORD-484264,BIZ-1034,4,3,2025-10-22,189000.0,18,10500.0,Bank Transfer,Cancelled
ORD-294118,BIZ-1005,3,2,2025-10-21,38000.0,4,9500.0,Cash,Cancelled
ORD-212537,BIZ-1008,3,2,2025-10-14,19600.0,2,9800.0,Bank Transfer,Cancelled
ORD-472058,BIZ-1024,2,4,2025-10-06,157500.0,15,10500.0,Bank Transfer,Pending
ORD-544692,BIZ-1027,2,4,2025-10-30,95000.0,10,9500.0,Cash,Pending
ORD-338607,BIZ-1037,4,2,2025-10-07,205800.0,21,9800.0,Cash,Cancelled
ORD-898395,BIZ-1000,2,2,2025-10-13,136500.0,13,10500.0,Bank Transfer,Pending
ORD-229620,BIZ-1014,3,1,2025-10-30,285000.0,30,9500.0,Bank Transfer,Delivered
ORD-644973,BIZ-1020,1,5,2025-10-14,380000.0,40,9500.0,Bank Transfer,Cancelled
ORD-899301,BIZ-1033,3,1,2025-10-05,84000.0,8,10500.0,POS,Pending
ORD-402274,BIZ-1028,2,3,2025-10-11,218500.0,23,9500.0,Bank Transfer,Delivered
ORD-142581,BIZ-1041,1,2,2025-10-17,42000.0,4,10500.0,Bank Transfer,Pending
ORD-617695,BIZ-1006,3,4,2025-10-03,294000.0,28,10500.0,Bank Transfer,Delivered
ORD-397388,BIZ-1047,1,3,2025-10-04,352800.0,36,9800.0,Bank Transfer,Delivered
ORD-871934,BIZ-1011,1,2,2025-10-14,58800.0,6,9800.0,POS,Cancelled
ORD-981946,BIZ-1047,2,4,2025-10-10,266000.0,28,9500.0,Bank Transfer,Delivered
ORD-680822,BIZ-1047,3,3,2025-10-14,170000.0,17,10000.0,POS,Pending
ORD-996915,BIZ-1007,1,5,2025-10-13,280000.0,28,10000.0,Cash,Pending
ORD-998392,BIZ-1045,1,1,2025-10-13,30000.0,3,10000.0,Cash,Pending
ORD-981913,BIZ-1022,4,4,2025-10-03,150000.0,15,10000.0,Bank Transfer,Cancelled
ORD-812120,BIZ-1053,1,4,2025-10-25,60000.0,6,10000.0,Cash,Pending
ORD-113406,BIZ-1041,4,2,2025-10-12,140000.0,14,10000.0,Cash,Delivered
ORD-804743,BIZ-1048,3,3,2025-10-30,241500.0,23,10500.0,Cash,Cancelled
ORD-559337,BIZ-1058,2,4,2025-10-04,107800.0,11,9800.0,POS,Cancelled
ORD-809381,BIZ-1053,1,3,2025-10-16,94500.0,9,10500.0,Cash,Delivered
ORD-250331,BIZ-1008,4,3,2025-10-03,346500.0,33,10500.0,Cash,Cancelled
ORD-828799,BIZ-1009,1,5,2025-10-12,254800.0,26,9800.0,Bank Transfer,Cancelled
ORD-206663,BIZ-1034,4,5,2025-10-18,304500.0,29,10500.0,POS,Pending
ORD-276919,BIZ-1024,3,2,2025-10-23,325500.0,31,10500.0,POS,Delivered
ORD-308757,BIZ-1001,3,4,2025-10-02,140000.0,14,10000.0,Cash,Delivered
ORD-723861,BIZ-1054,4,5,2025-10-11,330000.0,33,10000.0,Bank Transfer,Delivered
ORD-523927,BIZ-1036,2,2,2025-10-26,160000.0,16,10000.0,Cash,Delivered
ORD-978821,BIZ-1051,4,2,2025-10-04,210000.0,20,10500.0,Bank Transfer,Delivered
ORD-623354,BIZ-1050,4,5,2025-10-13,60000.0,6,10000.0,POS,Cancelled
ORD-848152,BIZ-1007,2,5,2025-10-09,225400.0,23,9800.0,POS,Delivered
ORD-722487,BIZ-1001,2,5,2025-10-23,21000.0,2,10500.0,POS,Delivered
ORD-927843,BIZ-1001,4,2,2025-10-09,76000.0,8,9500.0,POS,Cancelled
ORD-519677,BIZ-1002,4,2,2025-10-25,58800.0,6,9800.0,Bank Transfer,Cancelled
ORD-799061,BIZ-1006,2,2,2025-10-11,274400.0,28,9800.0,Cash,Cancelled
ORD-524089,BIZ-1054,1,4,2025-10-19,380000.0,38,10000.0,POS,Cancelled
ORD-636256,BIZ-1046,3,3,2025-10-30,189000.0,18,10500.0,Cash,Pending
ORD-905305,BIZ-1010,3,4,2025-10-09,20000.0,2,10000.0,Bank Transfer,Delivered
ORD-228125,BIZ-1059,2,5,2025-10-14,58800.0,6,9800.0,Bank Transfer,Cancelled
ORD-621429,BIZ-1013,1,2,2025-10-08,171000.0,18,9500.0,Bank Transfer,Delivered
ORD-241147,BIZ-1046,2,3,2025-10-07,247000.0,26,9500.0,Bank Transfer,Delivered
ORD-873637,BIZ-1038,3,3,2025-10-01,313600.0,32,9800.0,Bank Transfer,Delivered
ORD-171542,BIZ-1030,3,1,2025-10-02,127400.0,13,9800.0,Bank Transfer,Cancelled
ORD-128048,BIZ-1022,3,4,2025-10-15,275500.0,29,9500.0,Cash,Delivered
ORD-501219,BIZ-1022,2,3,2025-10-30,9800.0,1,9800.0,Bank Transfer,Delivered
ORD-442838,BIZ-1055,3,3,2025-10-19,73500.0,7,10500.0,POS,Cancelled
ORD-752179,BIZ-1045,3,3,2025-10-05,256500.0,27,9500.0,Bank Transfer,Pending
ORD-897097,BIZ-1014,2,4,2025-10-19,380000.0,40,9500.0,POS,Cancelled
ORD-888119,BIZ-1059,2,5,2025-10-03,199500.0,19,10500.0,Bank Transfer,Cancelled
ORD-616096,BIZ-1026,1,3,2025-10-16,76000.0,8,9500.0,Cash,Delivered
ORD-311740,BIZ-1048,3,4,2025-10-24,215600.0,22,9800.0,Cash,Delivered
ORD-622084,BIZ-1045,3,3,2025-10-09,378000.0,36,10500.0,Bank Transfer,Pending
ORD-374375,BIZ-1030,1,3,2025-10-15,370500.0,39,9500.0,Bank Transfer,Pending
ORD-948802,BIZ-1016,3,4,2025-10-17,73500.0,7,10500.0,POS,Pending
ORD-673172,BIZ-1027,1,3,2025-10-26,98000.0,10,9800.0,Cash,Pending
ORD-901075,BIZ-1016,1,3,2025-10-01,304000.0,32,9500.0,Cash,Delivered
ORD-551313,BIZ-1025,4,4,2025-10-01,31500.0,3,10500.0,Bank Transfer,Delivered
ORD-224921,BIZ-1002,2,5,2025-10-27,180500.0,19,9500.0,Cash,Cancelled
ORD-429839,BIZ-1048,1,5,2025-10-12,28500.0,3,9500.0,POS,Pending
ORD-564053,BIZ-1019,1,3,2025-10-26,127400.0,13,10000.0,Bank Transfer,Delivered
ORD-134455,BIZ-1043,3,3,2025-10-14,84000.0,8,10500.0,POS,Cancelled
ORD-791442,BIZ-1028,4,5,2025-10-06,250000.0,25,10000.0,Cash,Cancelled
ORD-417765,BIZ-1027,4,3,2025-10-26,294500.0,31,9500.0,POS,Cancelled
ORD-272117,BIZ-1033,4,4,2025-10-27,218500.0,23,9500.0,Bank Transfer,Cancelled
ORD-241021,BIZ-1006,3,5,2025-10-15,235200.0,24,9800.0,Bank Transfer,Cancelled
ORD-507980,BIZ-1010,2,2,2025-10-10,84000.0,8,10500.0,Cash,Delivered
ORD-214695,BIZ-1021,3,2,2025-10-15,10500.0,1,10500.0,Bank Transfer,Pending
ORD-614382,BIZ-1056,1,5,2025-10-18,30000.0,3,10000.0,Bank Transfer,Cancelled
ORD-818666,BIZ-1002,1,5,2025-10-20,78400.0,8,9800.0,POS,Pending
ORD-592640,BIZ-1036,1,4,2025-10-17,313500.0,33,9500.0,Bank Transfer,Pending
ORD-995852,BIZ-1034,3,4,2025-10-15,73500.0,7,10500.0,Cash,Delivered
ORD-158444,BIZ-1008,3,1,2025-10-05,29400.0,3,9800.0,Bank Transfer,Pending
ORD-618721,BIZ-1052,4,5,2025-10-12,310000.0,31,10000.0,Cash,Cancelled
ORD-496149,BIZ-1044,2,2,2025-10-18,156800.0,16,9800.0,Cash,Cancelled
ORD-469899,BIZ-1026,3,5,2025-10-19,57000.0,6,9500.0,Bank Transfer,Delivered
ORD-398254,BIZ-1007,4,5,2025-10-23,189000.0,18,10500.0,Bank Transfer,Pending
ORD-129514,BIZ-1008,3,5,2025-10-10,346500.0,33,10500.0,Cash,Delivered
ORD-234425,BIZ-1061,2,4,2025-10-18,360000.0,36,10000.0,Bank Transfer,Cancelled
ORD-465823,BIZ-1061,4,5,2025-10-26,52500.0,5,10500.0,Bank Transfer,Delivered
ORD-712333,BIZ-1049,4,4,2025-10-25,150000.0,15,10000.0,Cash,Pending
ORD-755520,BIZ-1026,4,4,2025-10-01,166600.0,17,9800.0,POS,Cancelled
ORD-202078,BIZ-1004,1,3,2025-10-11,294000.0,30,9800.0,Bank Transfer,Delivered
ORD-474725,BIZ-1018,4,5,2025-10-13,190000.0,19,10000.0,Cash,Pending
ORD-159191,BIZ-1039,1,4,2025-10-13,315000.0,30,10500.0,Cash,Delivered
ORD-359642,BIZ-1008,3,3,2025-10-20,275500.0,29,9500.0,Bank Transfer,Delivered
ORD-427260,BIZ-1021,3,5,2025-10-08,346500.0,33,10500.0,Cash,Pending
ORD-821411,BIZ-1006,4,4,2025-10-18,303800.0,31,9800.0,Bank Transfer,Delivered
ORD-419723,BIZ-1033,2,2,2025-10-02,320000.0,32,10000.0,POS,Delivered
ORD-278026,BIZ-1019,2,4,2025-10-04,126000.0,12,10500.0,Cash,Cancelled
ORD-441958,BIZ-1034,1,3,2025-10-01,220500.0,21,10500.0,Bank Transfer,Delivered
ORD-789719,BIZ-1045,2,5,2025-10-02,362600.0,37,9800.0,Cash,Cancelled
ORD-695642,BIZ-1058,1,3,2025-10-26,357000.0,34,10500.0,Bank Transfer,Cancelled
ORD-541631,BIZ-1045,3,1,2025-10-16,340000.0,34,10000.0,Cash,Pending
ORD-829765,BIZ-1014,3,3,2025-10-08,166600.0,17,9800.0,POS,Pending
ORD-123316,BIZ-1023,4,4,2025-10-15,137200.0,14,9800.0,POS,Delivered
ORD-496086,BIZ-1005,4,3,2025-10-30,215600.0,22,9800.0,Cash,Cancelled
ORD-438083,BIZ-1060,1,2,2025-10-18,90000.0,9,10000.0,POS,Pending
ORD-947591,BIZ-1041,3,3,2025-10-18,346500.0,33,10500.0,POS,Cancelled
ORD-824423,BIZ-1025,4,2,2025-10-15,20000.0,2,10000.0,Bank Transfer,Delivered
ORD-452287,BIZ-1033,1,5,2025-10-21,220000.0,22,10000.0,Bank Transfer,Pending
ORD-950874,BIZ-1023,4,2,2025-10-15,19600.0,2,9800.0,POS,Pending
ORD-456032,BIZ-1011,4,1,2025-10-23,60000.0,6,10000.0,Cash,Delivered
ORD-414070,BIZ-1006,2,3,2025-10-05,205800.0,21,9800.0,Cash,Delivered
ORD-557169,BIZ-1006,4,5,2025-10-11,325500.0,31,10500.0,Cash,Pending
ORD-766311,BIZ-1057,3,4,2025-10-07,115500.0,11,10500.0,Bank Transfer,Cancelled
ORD-925386,BIZ-1016,1,3,2025-10-26,166600.0,17,9800.0,Bank Transfer,Pending
ORD-991640,BIZ-1007,1,2,2025-10-03,94500.0,9,10500.0,Bank Transfer,Cancelled
ORD-401314,BIZ-1058,1,3,2025-10-17,117600.0,12,9800.0,Bank Transfer,Delivered
ORD-411762,BIZ-1050,2,3,2025-10-08,52500.0,5,10500.0,Cash,Cancelled
ORD-521556,BIZ-1026,3,3,2025-10-30,84000.0,8,10500.0,Bank Transfer,Delivered
ORD-754911,BIZ-1034,2,4,2025-10-25,186200.0,19,9800.0,Cash,Pending
ORD-196424,BIZ-1007,1,1,2025-10-23,378000.0,36,10500.0,Cash,Delivered
ORD-706279,BIZ-1052,3,2,2025-10-22,73500.0,7,10500.0,POS,Delivered
ORD-453200,BIZ-1060,1,3,2025-10-03,114000.0,12,9500.0,POS,Cancelled
ORD-693943,BIZ-1000,2,2,2025-10-09,9500.0,1,9500.0,POS,Pending
ORD-598355,BIZ-1057,3,4,2025-10-25,189000.0,18,10500.0,Cash,Cancelled
ORD-464187,BIZ-1039,4,3,2025-10-13,19000.0,2,9500.0,Bank Transfer,Delivered
ORD-783185,BIZ-1001,1,3,2025-10-24,63000.0,6,10500.0,Bank Transfer,Pending
ORD-629152,BIZ-1057,2,2,2025-10-25,9500.0,1,9500.0,Bank Transfer,Delivered
ORD-553939,BIZ-1007,1,5,2025-10-25,283500.0,27,10500.0,Cash,Pending
ORD-428574,BIZ-1000,3,3,2025-10-20,362600.0,37,9800.0,Bank Transfer,Cancelled
ORD-521843,BIZ-1003,4,2,2025-10-07,189000.0,18,10500.0,POS,Delivered
ORD-640403,BIZ-1026,3,3,2025-10-08,343000.0,35,9800.0,Cash,Pending
ORD-900527,BIZ-1025,2,5,2025-10-14,39200.0,4,9800.0,Bank Transfer,Cancelled
ORD-119506,BIZ-1055,1,2,2025-10-17,382200.0,39,10000.0,Cash,Cancelled
ORD-641300,BIZ-1036,1,4,2025-10-19,115500.0,11,10500.0,Bank Transfer,Cancelled
ORD-704864,BIZ-1028,1,5,2025-10-26,84000.0,8,10500.0,POS,Delivered
ORD-792905,BIZ-1053,3,2,2025-10-15,210000.0,20,10000.0,Cash,Cancelled
ORD-878261,BIZ-1060,4,5,2025-10-29,283500.0,27,10500.0,Bank Transfer,Pending
ORD-380951,BIZ-1060,2,2,2025-10-29,110000.0,11,10000.0,POS,Pending
ORD-658596,BIZ-1002,3,3,2025-10-29,170000.0,17,10000.0,POS,Delivered
ORD-994199,BIZ-1047,2,4,2025-10-25,346500.0,33,10500.0,Cash,Cancelled
ORD-554793,BIZ-1056,4,4,2025-10-24,320000.0,32,10000.0,Bank Transfer,Delivered
ORD-861911,BIZ-1016,3,2,2025-10-29,332500.0,35,9500.0,POS,Delivered
ORD-647639,BIZ-1051,3,5,2025-10-19,107800.0,11,9800.0,Cash,Delivered
ORD-584952,BIZ-1051,2,1,2025-10-07,380000.0,40,9500.0,POS,Cancelled
ORD-257782,BIZ-1057,1,2,2025-10-05,29400.0,3,9800.0,Cash,Delivered
ORD-902716,BIZ-1049,1,4,2025-10-23,156800.0,16,9800.0,Bank Transfer,Delivered
ORD-556538,BIZ-1043,3,2,2025-10-10,218500.0,23,9500.0,Cash,Cancelled
ORD-970542,BIZ-1010,3,4,2025-10-13,220000.0,22,10000.0,POS,Cancelled
ORD-764721,BIZ-1019,2,5,2025-10-28,150000.0,15,10000.0,POS,Cancelled
ORD-532472,BIZ-1017,4,5,2025-10-07,29400.0,3,9800.0,POS,Delivered
ORD-400988,BIZ-1023,1,2,2025-10-09,392000.0,40,9800.0,Bank Transfer,Pending
ORD-368903,BIZ-1050,1,3,2025-10-20,168000.0,16,10500.0,Bank Transfer,Delivered
ORD-347600,BIZ-1023,2,2,2025-10-21,332500.0,35,9500.0,Bank Transfer,Delivered
ORD-219074,BIZ-1032,3,2,2025-10-13,180000.0,18,10000.0,POS,Delivered
ORD-129049,BIZ-1043,4,5,2025-10-05,290000.0,29,10000.0,POS,Cancelled
ORD-967412,BIZ-1052,3,4,2025-10-08,392000.0,40,10000.0,Bank Transfer,Delivered
ORD-608960,BIZ-1048,1,4,2025-10-10,336000.0,32,10500.0,Cash,Pending
ORD-557318,BIZ-1020,2,2,2025-10-17,200000.0,20,10000.0,Bank Transfer,Delivered
ORD-138801,BIZ-1000,2,4,2025-10-13,245000.0,25,9800.0,POS,Delivered
ORD-385959,BIZ-1007,3,2,2025-10-07,290000.0,29,10000.0,Bank Transfer,Pending
ORD-370948,BIZ-1010,1,4,2025-10-05,275500.0,29,9500.0,Cash,Pending
ORD-391265,BIZ-1023,1,3,2025-10-24,157500.0,15,10500.0,Cash,Pending
ORD-284533,BIZ-1010,4,5,2025-10-20,205800.0,21,9800.0,Cash,Delivered
ORD-144283,BIZ-1007,4,4,2025-10-20,95000.0,10,9500.0,Cash,Delivered
ORD-609442,BIZ-1040,1,5,2025-10-29,19000.0,2,9500.0,Cash,Delivered
ORD-158014,BIZ-1031,1,2,2025-10-24,171000.0,18,9500.0,POS,Delivered
ORD-188006,BIZ-1021,1,5,2025-10-26,50000.0,5,10000.0,Cash,Delivered
ORD-412453,BIZ-1042,2,2,2025-10-10,199500.0,21,10000.0,POS,Delivered
ORD-526777,BIZ-1054,2,2,2025-10-27,66500.0,7,9500.0,POS,Delivered
ORD-804299,BIZ-1048,4,3,2025-10-27,357000.0,34,10500.0,POS,Delivered
ORD-194693,BIZ-1034,1,5,2025-10-20,178500.0,17,10500.0,POS,Cancelled
ORD-980605,BIZ-1041,1,4,2025-10-12,166600.0,17,9800.0,POS,Cancelled
ORD-247388,BIZ-1045,2,4,2025-10-22,160000.0,16,10000.0,POS,Delivered
ORD-698708,BIZ-1022,4,3,2025-10-08,10000.0,1,10000.0,Bank Transfer,Pending
ORD-226502,BIZ-1044,1,2,2025-10-23,336000.0,32,10000.0,Bank Transfer,Delivered
ORD-969250,BIZ-1054,2,4,2025-10-16,399000.0,38,10500.0,Cash,Cancelled
ORD-912767,BIZ-1037,2,1,2025-10-18,39200.0,4,9800.0,POS,Cancelled
ORD-364039,BIZ-1040,2,4,2025-10-28,199500.0,19,10500.0,POS,Pending
ORD-194632,BIZ-1037,1,2,2025-10-15,330000.0,33,10000.0,Cash,Cancelled
ORD-228216,BIZ-1040,1,3,2025-10-08,294000.0,28,10500.0,Bank Transfer,Delivered
ORD-428634,BIZ-1013,4,3,2025-10-24,330000.0,33,10000.0,Bank Transfer,Cancelled
ORD-712710,BIZ-1052,2,5,2025-10-10,372400.0,38,9800.0,Bank Transfer,Cancelled
ORD-944986,BIZ-1010,3,3,2025-10-23,210000.0,21,10000.0,Bank Transfer,Cancelled
ORD-347399,BIZ-1002,1,5,2025-10-23,107800.0,11,9800.0,Bank Transfer,Delivered
ORD-328598,BIZ-1002,2,3,2025-10-29,343000.0,35,9800.0,Bank Transfer,Pending
ORD-283662,BIZ-1007,4,2,2025-10-05,284200.0,29,9800.0,POS,Pending
ORD-387883,BIZ-1047,3,1,2025-10-07,114000.0,12,9500.0,Bank Transfer,Delivered
ORD-366659,BIZ-1016,2,2,2025-10-14,171000.0,18,9500.0,POS,Delivered
ORD-158642,BIZ-1047,4,2,2025-10-26,10500.0,1,10500.0,POS,Pending
ORD-492906,BIZ-1013,4,3,2025-10-15,29400.0,3,9800.0,Bank Transfer,Pending
ORD-218448,BIZ-1030,2,1,2025-10-21,209000.0,22,9500.0,Bank Transfer,Delivered
ORD-544366,BIZ-1032,2,4,2025-10-10,52500.0,5,10500.0,Bank Transfer,Cancelled
ORD-358313,BIZ-1057,3,4,2025-10-15,142500.0,15,9500.0,POS,Delivered
ORD-922370,BIZ-1022,1,2,2025-10-29,160000.0,16,10000.0,Bank Transfer,Delivered
ORD-480631,BIZ-1003,3,4,2025-10-29,210000.0,20,10500.0,POS,Delivered
ORD-485602,BIZ-1034,3,3,2025-10-15,237500.0,25,9500.0,Bank Transfer,Cancelled
ORD-122097,BIZ-1044,4,4,2025-10-25,105000.0,10,10500.0,Cash,Pending
ORD-735242,BIZ-1031,3,3,2025-10-20,189000.0,18,10500.0,Bank Transfer,Pending
ORD-875369,BIZ-1007,4,5,2025-10-02,274400.0,28,9800.0,Bank Transfer,Cancelled
ORD-157328,BIZ-1006,3,4,2025-10-20,340000.0,34,10000.0,POS,Pending
ORD-927119,BIZ-1047,1,2,2025-10-21,157500.0,15,10500.0,Cash,Pending
ORD-365271,BIZ-1019,4,2,2025-10-21,63000.0,6,10500.0,Bank Transfer,Cancelled
ORD-424291,BIZ-1054,1,1,2025-10-17,78400.0,8,9800.0,Bank Transfer,Delivered
ORD-834649,BIZ-1028,2,4,2025-10-20,400000.0,40,10000.0,Cash,Pending
ORD-951706,BIZ-1059,3,3,2025-10-11,88200.0,9,10000.0,Cash,Pending
ORD-660894,BIZ-1044,1,3,2025-10-21,180500.0,19,9500.0,Bank Transfer,Pending
ORD-999308,BIZ-1041,2,3,2025-10-27,325500.0,31,10500.0,Cash,Delivered
ORD-108248,BIZ-1006,2,5,2025-10-14,274400.0,28,9800.0,Bank Transfer,Cancelled
ORD-512064,BIZ-1058,4,4,2025-10-28,30000.0,3,10000.0,Cash,Pending
ORD-367946,BIZ-1060,4,4,2025-10-28,209000.0,22,9500.0,Bank Transfer,Pending
ORD-962671,BIZ-1005,1,1,2025-10-10,392000.0,40,9800.0,POS,Delivered
ORD-411870,BIZ-1017,2,2,2025-10-23,29400.0,3,9800.0,Cash,Pending
ORD-268010,BIZ-1055,3,3,2025-10-07,180000.0,18,10000.0,Bank Transfer,Delivered
ORD-762021,BIZ-1035,4,5,2025-10-28,180000.0,18,10000.0,Bank Transfer,Cancelled
ORD-951703,BIZ-1000,4,4,2025-10-10,250000.0,25,10000.0,Bank Transfer,Pending
ORD-526024,BIZ-1053,1,3,2025-10-24,190000.0,19,10000.0,Bank Transfer,Pending
ORD-387348,BIZ-1045,2,3,2025-10-24,342000.0,36,9500.0,Bank Transfer,Delivered
ORD-963185,BIZ-1039,2,4,2025-10-26,357000.0,34,10500.0,POS,Delivered
ORD-615576,BIZ-1021,1,5,2025-10-24,10000.0,1,10000.0,POS,Pending
ORD-533021,BIZ-1000,1,4,2025-10-15,310000.0,31,10000.0,Cash,Cancelled
ORD-448884,BIZ-1006,2,4,2025-10-28,176400.0,18,9800.0,Bank Transfer,Cancelled
ORD-960085,BIZ-1052,3,5,2025-10-22,157500.0,15,10500.0,POS,Pending
ORD-268132,BIZ-1054,4,3,2025-10-04,40000.0,4,10000.0,POS,Delivered
ORD-630930,BIZ-1022,4,5,2025-10-21,186200.0,19,9800.0,Cash,Delivered
ORD-541314,BIZ-1061,4,3,2025-10-02,285000.0,30,9500.0,Bank Transfer,Cancelled
ORD-952941,BIZ-1040,4,5,2025-10-19,290000.0,29,10000.0,Cash,Pending
ORD-442641,BIZ-1010,1,3,2025-10-17,94500.0,9,10500.0,POS,Delivered
ORD-128679,BIZ-1051,3,1,2025-10-14,240000.0,24,10000.0,POS,Cancelled
ORD-772528,BIZ-1000,3,2,2025-10-23,370500.0,39,9500.0,Cash,Pending
ORD-760766,BIZ-1052,3,5,2025-10-20,104500.0,11,9500.0,Cash,Delivered
ORD-772240,BIZ-1029,3,5,2025-10-14,315000.0,30,10500.0,Bank Transfer,Pending
ORD-520124,BIZ-1055,3,5,2025-10-05,283500.0,27,10500.0,Bank Transfer,Delivered
ORD-420389,BIZ-1000,2,3,2025-10-07,168000.0,16,10500.0,POS,Cancelled
ORD-186226,BIZ-1016,3,3,2025-10-10,156800.0,16,9800.0,Cash,Cancelled
ORD-361728,BIZ-1017,3,3,2025-10-04,284200.0,29,9800.0,Cash,Cancelled
ORD-904894,BIZ-1003,1,2,2025-10-16,78400.0,8,9800.0,Cash,Pending
ORD-900234,BIZ-1043,3,4,2025-10-25,310000.0,31,10000.0,POS,Pending
ORD-722871,BIZ-1031,2,2,2025-10-04,346500.0,33,10500.0,POS,Pending
ORD-931145,BIZ-1013,4,3,2025-10-21,370500.0,39,9500.0,Bank Transfer,Cancelled
ORD-573421,BIZ-1040,2,2,2025-10-29,264600.0,27,9800.0,POS,Cancelled
ORD-870883,BIZ-1022,4,4,2025-10-15,420000.0,40,10500.0,POS,Pending
ORD-281905,BIZ-1007,2,2,2025-10-05,199500.0,21,9500.0,Bank Transfer,Delivered
ORD-966929,BIZ-1018,2,3,2025-10-21,285000.0,30,9500.0,POS,Delivered
ORD-395485,BIZ-1017,4,4,2025-10-10,367500.0,35,10500.0,Cash,Pending
ORD-534631,BIZ-1008,3,4,2025-10-06,137200.0,14,9800.0,Cash,Delivered
ORD-512608,BIZ-1034,4,2,2025-10-12,351500.0,37,9500.0,POS,Cancelled
ORD-975224,BIZ-1043,1,3,2025-10-27,114000.0,12,9500.0,Bank Transfer,Cancelled
ORD-335391,BIZ-1007,2,2,2025-10-27,105000.0,10,10500.0,Bank Transfer,Pending
ORD-124085,BIZ-1052,3,3,2025-10-01,63000.0,6,10500.0,Cash,Cancelled
ORD-778540,BIZ-1052,4,5,2025-10-28,166600.0,17,9800.0,Bank Transfer,Delivered
ORD-339816,BIZ-1042,3,2,2025-10-19,137200.0,14,9800.0,Cash,Pending
ORD-584887,BIZ-1027,3,5,2025-10-28,370500.0,39,9500.0,Cash,Cancelled
ORD-835325,BIZ-1009,4,4,2025-10-06,420000.0,40,10500.0,Cash,Cancelled
ORD-152201,BIZ-1028,2,3,2025-10-26,114000.0,12,9500.0,Bank Transfer,Delivered
ORD-549737,BIZ-1014,1,5,2025-10-13,240000.0,24,10000.0,Bank Transfer,Cancelled
ORD-256501,BIZ-1014,1,4,2025-10-19,330000.0,33,10000.0,POS,Delivered
ORD-485792,BIZ-1024,3,3,2025-10-03,52500.0,5,10500.0,Cash,Cancelled
ORD-694797,BIZ-1038,4,5,2025-10-06,10500.0,1,10500.0,POS,Delivered
ORD-853489,BIZ-1050,3,4,2025-10-04,80000.0,8,10000.0,Cash,Cancelled
ORD-910926,BIZ-1038,3,5,2025-10-16,166600.0,17,9800.0,Bank Transfer,Delivered
ORD-575747,BIZ-1024,3,3,2025-10-28,275500.0,29,9500.0,Bank Transfer,Cancelled
ORD-618152,BIZ-1004,2,4,2025-10-25,105000.0,10,10500.0,Cash,Delivered
ORD-848225,BIZ-1041,3,4,2025-10-04,133000.0,14,9500.0,Cash,Delivered
ORD-952924,BIZ-1007,1,3,2025-10-07,254800.0,26,9800.0,POS,Delivered
ORD-401950,BIZ-1050,2,4,2025-10-24,190000.0,19,10000.0,POS,Delivered
ORD-500633,BIZ-1044,2,2,2025-10-23,294000.0,30,9800.0,POS,Cancelled
ORD-997935,BIZ-1034,3,4,2025-10-04,300000.0,30,10000.0,Cash,Cancelled
ORD-326037,BIZ-1019,3,3,2025-10-07,10500.0,1,10500.0,Bank Transfer,Delivered
ORD-396712,BIZ-1036,4,2,2025-10-30,325500.0,31,10500.0,Bank Transfer,Cancelled
ORD-298561,BIZ-1034,3,2,2025-10-22,29400.0,3,9800.0,POS,Delivered
ORD-528368,BIZ-1057,1,3,2025-10-13,285000.0,30,9500.0,Bank Transfer,Cancelled
ORD-130170,BIZ-1012,2,2,2025-10-24,170000.0,17,10000.0,Cash,Cancelled
ORD-374516,BIZ-1025,2,5,2025-10-09,245000.0,25,9800.0,POS,Cancelled
ORD-572883,BIZ-1047,3,2,2025-10-08,304000.0,32,9500.0,Bank Transfer,Cancelled
ORD-487593,BIZ-1033,2,1,2025-10-28,186200.0,19,9800.0,POS,Pending
ORD-778675,BIZ-1038,3,4,2025-10-18,147000.0,14,10500.0,Bank Transfer,Delivered
ORD-110821,BIZ-1035,1,4,2025-10-14,300000.0,30,10000.0,Bank Transfer,Cancelled
ORD-438947,BIZ-1022,4,4,2025-10-15,189000.0,18,10500.0,Bank Transfer,Cancelled
ORD-516866,BIZ-1007,3,2,2025-10-30,262500.0,25,10500.0,Cash,Delivered
ORD-847986,BIZ-1049,1,5,2025-10-21,250000.0,25,10000.0,Bank Transfer,Pending
ORD-543852,BIZ-1052,4,5,2025-10-12,225400.0,23,9800.0,POS,Delivered
ORD-368672,BIZ-1049,2,5,2025-10-23,367500.0,35,10500.0,POS,Delivered
ORD-684056,BIZ-1053,2,2,2025-10-03,168000.0,16,10500.0,Bank Transfer,Pending
ORD-449031,BIZ-1012,4,2,2025-10-02,388500.0,37,10500.0,POS,Pending
ORD-593808,BIZ-1042,4,2,2025-10-28,189000.0,18,10500.0,Bank Transfer,Delivered
ORD-735829,BIZ-1000,3,3,2025-10-28,157500.0,15,10500.0,Cash,Pending
ORD-941218,BIZ-1013,2,4,2025-10-29,409500.0,39,10500.0,Bank Transfer,Pending
ORD-884588,BIZ-1044,4,1,2025-10-18,380000.0,38,10000.0,Bank Transfer,Cancelled
ORD-105621,BIZ-1018,1,3,2025-10-25,40000.0,4,10000.0,Bank Transfer,Delivered
ORD-749758,BIZ-1055,3,3,2025-10-08,264600.0,27,9800.0,Cash,Pending
ORD-513869,BIZ-1013,4,2,2025-10-12,52500.0,5,10500.0,Bank Transfer,Pending
ORD-238661,BIZ-1057,1,2,2025-10-21,245000.0,25,9800.0,Cash,Cancelled
ORD-686741,BIZ-1018,4,3,2025-10-30,325500.0,31,10500.0,Cash,Cancelled
ORD-288085,BIZ-1032,4,4,2025-10-02,120000.0,12,10000.0,Cash,Delivered
ORD-628216,BIZ-1010,1,4,2025-10-08,160000.0,16,10000.0,POS,Pending
ORD-455652,BIZ-1010,3,5,2025-10-15,382200.0,39,9800.0,Bank Transfer,Cancelled
ORD-238327,BIZ-1060,3,2,2025-10-27,333200.0,34,9800.0,Bank Transfer,Pending
ORD-844756,BIZ-1001,3,1,2025-10-03,9500.0,1,9500.0,Cash,Pending
ORD-248683,BIZ-1020,4,2,2025-10-16,42000.0,4,10500.0,POS,Cancelled
ORD-428486,BIZ-1007,1,4,2025-10-08,50000.0,5,10000.0,Cash,Cancelled
ORD-234082,BIZ-1004,1,5,2025-10-02,351500.0,37,9500.0,Bank Transfer,Delivered
ORD-975355,BIZ-1055,2,2,2025-10-15,147000.0,14,10500.0,POS,Cancelled
ORD-478108,BIZ-1029,3,3,2025-10-09,303800.0,31,9800.0,POS,Pending
ORD-396668,BIZ-1003,1,2,2025-10-28,250000.0,25,10000.0,Cash,Delivered
ORD-376002,BIZ-1054,3,1,2025-10-28,215600.0,22,9800.0,Bank Transfer,Pending
ORD-898557,BIZ-1012,4,3,2025-10-19,142500.0,15,9500.0,Cash,Cancelled
ORD-642085,BIZ-1018,4,2,2025-10-28,70000.0,7,10000.0,POS,Cancelled
ORD-272998,BIZ-1003,4,2,2025-10-10,30000.0,3,10000.0,Bank Transfer,Delivered
ORD-615138,BIZ-1037,1,4,2025-10-10,310000.0,31,10000.0,Cash,Cancelled
ORD-258612,BIZ-1031,3,3,2025-10-23,283500.0,27,10500.0,POS,Pending
ORD-789354,BIZ-1053,2,4,2025-10-17,303800.0,31,9800.0,Cash,Delivered
ORD-561362,BIZ-1034,2,4,2025-10-20,210000.0,20,10500.0,POS,Delivered
ORD-255840,BIZ-1037,3,2,2025-10-02,205800.0,21,9800.0,Cash,Cancelled
ORD-292037,BIZ-1042,4,4,2025-10-02,400000.0,40,10000.0,Bank Transfer,Delivered
ORD-372864,BIZ-1019,4,2,2025-10-02,336000.0,32,10500.0,POS,Delivered
ORD-589824,BIZ-1039,2,4,2025-10-05,52500.0,5,10000.0,Bank Transfer,Pending
ORD-618951,BIZ-1048,3,2,2025-10-14,58800.0,6,10000.0,POS,Pending
ORD-473838,BIZ-1014,1,3,2025-10-02,380000.0,40,9500.0,Bank Transfer,Delivered
ORD-688098,BIZ-1022,1,5,2025-10-30,285000.0,30,9500.0,POS,Delivered
ORD-616935,BIZ-1000,2,3,2025-10-15,190000.0,19,10000.0,Cash,Cancelled
ORD-854727,BIZ-1003,2,3,2025-10-04,370500.0,39,9500.0,Cash,Delivered
ORD-229660,BIZ-1020,1,2,2025-10-27,304500.0,29,10500.0,Cash,Delivered
ORD-313630,BIZ-1042,4,5,2025-10-11,10500.0,1,10500.0,Bank Transfer,Cancelled
ORD-289430,BIZ-1004,3,5,2025-10-27,52500.0,5,10500.0,Bank Transfer,Pending
ORD-886365,BIZ-1014,2,4,2025-10-26,156800.0,16,9800.0,Cash,Pending
ORD-690607,BIZ-1007,2,4,2025-10-16,245000.0,25,9800.0,POS,Delivered
ORD-714127,BIZ-1013,3,5,2025-10-27,360000.0,36,10000.0,Cash,Cancelled
ORD-104326,BIZ-1050,2,3,2025-10-07,57000.0,6,9500.0,Cash,Pending
ORD-698514,BIZ-1048,2,2,2025-10-16,420000.0,40,10500.0,POS,Cancelled
ORD-180567,BIZ-1040,3,3,2025-10-06,84000.0,8,10500.0,Cash,Delivered
ORD-622307,BIZ-1002,3,2,2025-10-08,40000.0,4,10000.0,Bank Transfer,Cancelled
ORD-444622,BIZ-1024,2,4,2025-10-21,200000.0,20,10000.0,POS,Pending
ORD-814407,BIZ-1012,1,2,2025-10-01,19600.0,2,9800.0,Bank Transfer,Cancelled
ORD-227916,BIZ-1035,4,3,2025-10-30,19600.0,2,9800.0,Bank Transfer,Cancelled
ORD-719014,BIZ-1026,2,3,2025-10-12,29400.0,3,9800.0,POS,Pending
ORD-211222,BIZ-1046,3,2,2025-10-28,21000.0,2,10500.0,Cash,Pending
ORD-261245,BIZ-1040,3,3,2025-10-26,110000.0,11,10000.0,Cash,Cancelled
ORD-582589,BIZ-1025,1,2,2025-10-01,274400.0,28,9800.0,Cash,Cancelled
ORD-791577,BIZ-1043,1,4,2025-10-25,264600.0,27,9800.0,Bank Transfer,Cancelled
ORD-758879,BIZ-1050,2,4,2025-10-15,300000.0,30,10000.0,POS,Cancelled
ORD-723068,BIZ-1032,4,4,2025-10-29,42000.0,4,10500.0,POS,Cancelled
ORD-445429,BIZ-1018,3,2,2025-10-20,409500.0,39,10500.0,Bank Transfer,Cancelled
ORD-788047,BIZ-1037,2,2,2025-10-30,76000.0,8,10000.0,Bank Transfer,Delivered
ORD-575111,BIZ-1021,4,3,2025-10-19,127400.0,13,9800.0,Bank Transfer,Delivered
ORD-867080,BIZ-1010,2,4,2025-10-10,220000.0,22,10000.0,Cash,Delivered
ORD-935750,BIZ-1028,1,4,2025-10-30,254800.0,26,9800.0,Bank Transfer,Cancelled
ORD-321634,BIZ-1058,2,3,2025-10-18,247000.0,26,9500.0,POS,Cancelled
ORD-940494,BIZ-1005,3,5,2025-10-26,107800.0,11,9800.0,Bank Transfer,Cancelled
ORD-438869,BIZ-1040,4,3,2025-10-20,294500.0,31,9500.0,Cash,Pending
ORD-879930,BIZ-1026,4,4,2025-10-24,180000.0,18,10000.0,POS,Cancelled
ORD-731548,BIZ-1040,3,3,2025-10-03,88200.0,9,9800.0,Bank Transfer,Pending
ORD-518233,BIZ-1051,2,2,2025-10-12,237500.0,25,9500.0,POS,Pending
ORD-351742,BIZ-1011,4,3,2025-10-08,283500.0,27,10500.0,Bank Transfer,Pending
ORD-518295,BIZ-1023,2,3,2025-10-29,117600.0,12,9800.0,Bank Transfer,Pending
ORD-993749,BIZ-1043,1,3,2025-10-03,142500.0,15,9500.0,Bank Transfer,Cancelled
ORD-507374,BIZ-1049,3,1,2025-10-07,350000.0,35,10000.0,Cash,Pending
ORD-398776,BIZ-1045,3,2,2025-10-24,378000.0,36,10500.0,Cash,Cancelled
ORD-785836,BIZ-1034,2,4,2025-10-20,247000.0,26,9500.0,Cash,Delivered
ORD-413048,BIZ-1033,4,2,2025-10-05,31500.0,3,10500.0,Cash,Delivered
ORD-553360,BIZ-1050,1,4,2025-10-15,228000.0,24,9500.0,POS,Cancelled
ORD-425164,BIZ-1015,3,4,2025-10-23,280000.0,28,10000.0,Bank Transfer,Delivered
ORD-732829,BIZ-1012,3,2,2025-10-28,361000.0,38,9500.0,Bank Transfer,Cancelled
ORD-797848,BIZ-1002,1,5,2025-10-04,152000.0,16,9500.0,Bank Transfer,Delivered
ORD-485306,BIZ-1004,2,1,2025-10-03,390000.0,39,10000.0,POS,Delivered
ORD-613406,BIZ-1008,4,5,2025-10-16,300000.0,30,10000.0,Bank Transfer,Delivered
ORD-506941,BIZ-1018,4,1,2025-10-14,362600.0,37,9800.0,Bank Transfer,Cancelled
ORD-690408,BIZ-1057,3,2,2025-10-15,367500.0,35,10500.0,Cash,Pending
ORD-194604,BIZ-1001,2,5,2025-10-19,320000.0,32,10000.0,Cash,Cancelled
ORD-950389,BIZ-1041,3,5,2025-10-23,372400.0,38,9800.0,Cash,Cancelled
ORD-295408,BIZ-1040,2,5,2025-10-12,360000.0,36,10000.0,Bank Transfer,Cancelled
ORD-546711,BIZ-1031,3,4,2025-10-14,57000.0,6,9500.0,POS,Cancelled
ORD-638277,BIZ-1061,2,5,2025-10-03,409500.0,39,10500.0,POS,Delivered
ORD-586041,BIZ-1008,2,3,2025-10-11,190000.0,19,10000.0,Cash,Delivered
ORD-779068,BIZ-1061,1,4,2025-10-21,110000.0,11,10000.0,Cash,Cancelled
ORD-262602,BIZ-1001,2,3,2025-10-21,304000.0,32,9500.0,Cash,Delivered
ORD-652891,BIZ-1036,3,3,2025-10-28,168000.0,16,10500.0,Bank Transfer,Pending
ORD-650164,BIZ-1005,3,3,2025-10-19,367500.0,35,10500.0,Bank Transfer,Pending
ORD-590963,BIZ-1048,4,3,2025-10-03,284200.0,29,9800.0,Bank Transfer,Delivered
ORD-940480,BIZ-1012,3,5,2025-10-14,130000.0,13,10000.0,POS,Pending
ORD-255825,BIZ-1013,2,2,2025-10-15,19000.0,2,9500.0,POS,Delivered
ORD-817555,BIZ-1012,1,4,2025-10-30,52500.0,5,10500.0,Cash,Pending
ORD-982416,BIZ-1050,4,4,2025-10-28,70000.0,7,10000.0,Cash,Cancelled
ORD-548509,BIZ-1006,2,2,2025-10-08,275500.0,29,9500.0,Bank Transfer,Pending
ORD-150046,BIZ-1014,1,1,2025-10-09,190000.0,20,9500.0,POS,Pending
ORD-147285,BIZ-1011,2,4,2025-10-17,210000.0,20,10000.0,POS,Pending
ORD-635456,BIZ-1051,1,4,2025-10-16,170000.0,17,10000.0,POS,Pending
ORD-199074,BIZ-1046,2,3,2025-10-13,285000.0,30,9500.0,Bank Transfer,Cancelled
ORD-855299,BIZ-1037,4,5,2025-10-14,63000.0,6,10500.0,POS,Pending
ORD-365688,BIZ-1044,4,5,2025-10-18,372400.0,38,9800.0,Cash,Delivered
ORD-714012,BIZ-1013,1,5,2025-10-11,352800.0,36,9800.0,POS,Cancelled
ORD-627899,BIZ-1020,4,3,2025-10-03,320000.0,32,10000.0,POS,Delivered
ORD-876487,BIZ-1043,3,2,2025-10-01,252000.0,24,10500.0,Bank Transfer,Cancelled
ORD-288274,BIZ-1055,3,5,2025-10-20,325500.0,31,10500.0,Bank Transfer,Delivered
ORD-983855,BIZ-1047,1,4,2025-10-24,68600.0,7,9800.0,POS,Pending
ORD-187336,BIZ-1043,1,2,2025-10-12,294000.0,28,10500.0,Bank Transfer,Delivered
ORD-838594,BIZ-1009,1,2,2025-10-13,409500.0,39,10500.0,Bank Transfer,Cancelled
ORD-715732,BIZ-1053,2,4,2025-10-09,260000.0,26,10000.0,Bank Transfer,Cancelled
ORD-894143,BIZ-1000,1,1,2025-10-22,90000.0,9,10000.0,Cash,Pending
ORD-754112,BIZ-1003,2,2,2025-10-21,245000.0,25,9800.0,Cash,Pending
ORD-457915,BIZ-1058,1,5,2025-10-25,156800.0,16,9800.0,POS,Delivered
ORD-949352,BIZ-1022,1,2,2025-10-30,29400.0,3,9800.0,Bank Transfer,Cancelled
ORD-294078,BIZ-1024,3,4,2025-10-06,70000.0,7,10000.0,Cash,Cancelled
ORD-733395,BIZ-1057,1,5,2025-10-03,127400.0,13,9800.0,Cash,Delivered
ORD-806120,BIZ-1020,4,4,2025-10-08,140000.0,14,10000.0,POS,Cancelled
ORD-660333,BIZ-1029,3,1,2025-10-04,333200.0,34,9800.0,Cash,Pending
ORD-514118,BIZ-1061,2,5,2025-10-01,60000.0,6,10000.0,Bank Transfer,Pending
ORD-280077,BIZ-1011,2,3,2025-10-04,42000.0,4,10500.0,POS,Cancelled
ORD-582515,BIZ-1039,1,2,2025-10-20,370500.0,39,9500.0,Bank Transfer,Delivered
ORD-789666,BIZ-1038,2,2,2025-10-21,10500.0,1,10500.0,Bank Transfer,Cancelled
ORD-731124,BIZ-1006,4,2,2025-10-29,98000.0,10,9800.0,Bank Transfer,Pending
ORD-417508,BIZ-1044,4,2,2025-10-22,304500.0,29,10500.0,Bank Transfer,Delivered
ORD-746703,BIZ-1028,4,3,2025-10-19,256500.0,27,9500.0,Cash,Cancelled
ORD-806533,BIZ-1003,4,4,2025-10-11,294500.0,31,10000.0,Bank Transfer,Cancelled
ORD-807896,BIZ-1005,1,1,2025-10-29,228000.0,24,9500.0,Bank Transfer,Pending
ORD-417358,BIZ-1031,1,5,2025-10-12,400000.0,40,10000.0,Bank Transfer,Cancelled
ORD-241677,BIZ-1003,3,3,2025-10-03,180500.0,19,9500.0,POS,Pending
ORD-217348,BIZ-1035,4,5,2025-10-01,39200.0,4,9800.0,Bank Transfer,Cancelled
ORD-829842,BIZ-1058,2,2,2025-10-25,294000.0,28,10500.0,Cash,Pending
ORD-128117,BIZ-1000,2,4,2025-10-30,264600.0,27,9800.0,Cash,Delivered
ORD-780130,BIZ-1052,1,3,2025-10-07,9500.0,1,9500.0,Bank Transfer,Cancelled
ORD-353524,BIZ-1055,2,3,2025-10-05,241500.0,23,10500.0,POS,Delivered
ORD-756470,BIZ-1011,2,1,2025-10-14,199500.0,19,10500.0,POS,Pending
ORD-664744,BIZ-1018,3,2,2025-10-26,372400.0,38,9800.0,POS,Cancelled
ORD-415535,BIZ-1030,2,4,2025-10-06,388500.0,37,10500.0,Cash,Cancelled
ORD-255362,BIZ-1049,3,5,2025-10-24,346500.0,33,10500.0,Cash,Delivered
ORD-122876,BIZ-1059,1,3,2025-10-15,186200.0,19,9800.0,Cash,Pending
ORD-259826,BIZ-1053,1,2,2025-10-04,137200.0,14,9800.0,POS,Pending
ORD-566895,BIZ-1001,1,4,2025-10-23,237500.0,25,9500.0,Bank Transfer,Cancelled
ORD-594392,BIZ-1026,3,5,2025-10-29,342000.0,36,9500.0,POS,Pending
ORD-571351,BIZ-1011,1,1,2025-10-01,360000.0,36,10000.0,Bank Transfer,Delivered
ORD-311118,BIZ-1031,4,1,2025-10-18,49000.0,5,9800.0,POS,Cancelled
ORD-969742,BIZ-1002,1,5,2025-10-09,107800.0,11,9800.0,Cash,Pending
ORD-153395,BIZ-1055,2,3,2025-10-26,117600.0,12,9800.0,POS,Pending
ORD-207650,BIZ-1058,3,2,2025-10-11,346500.0,33,10500.0,Bank Transfer,Delivered
ORD-847732,BIZ-1007,3,5,2025-10-19,304500.0,29,10500.0,POS,Cancelled
ORD-535878,BIZ-1008,4,4,2025-10-13,180500.0,19,9500.0,Cash,Cancelled
ORD-872882,BIZ-1028,2,5,2025-10-26,49000.0,5,9800.0,Cash,Pending
ORD-866591,BIZ-1011,4,1,2025-10-18,300000.0,30,10000.0,POS,Pending
ORD-404899,BIZ-1018,4,5,2025-10-17,346500.0,33,10500.0,POS,Pending
ORD-519095,BIZ-1003,3,3,2025-10-02,127400.0,13,9800.0,Bank Transfer,Delivered
ORD-719749,BIZ-1015,3,4,2025-10-15,247000.0,26,9500.0,POS,Delivered
ORD-811634,BIZ-1025,4,3,2025-10-22,256500.0,27,9500.0,Bank Transfer,Delivered
ORD-611601,BIZ-1011,2,5,2025-10-28,73500.0,7,10500.0,Cash,Cancelled
ORD-163653,BIZ-1058,2,5,2025-10-07,304500.0,29,10500.0,Cash,Cancelled
ORD-542503,BIZ-1044,2,1,2025-10-16,357000.0,34,10500.0,Cash,Pending
ORD-680130,BIZ-1022,1,5,2025-10-18,218500.0,23,9500.0,Cash,Pending
ORD-779792,BIZ-1010,3,4,2025-10-02,171000.0,18,9500.0,Cash,Cancelled
ORD-596330,BIZ-1048,4,2,2025-10-13,290000.0,29,10000.0,Cash,Cancelled
ORD-752944,BIZ-1026,3,3,2025-10-04,40000.0,4,10000.0,Cash,Pending
ORD-463608,BIZ-1059,3,2,2025-10-29,170000.0,17,10000.0,Bank Transfer,Pending
ORD-557420,BIZ-1047,3,3,2025-10-14,200000.0,20,10000.0,Cash,Delivered
ORD-402001,BIZ-1035,1,3,2025-10-01,98000.0,10,9800.0,POS,Pending
ORD-592034,BIZ-1017,2,3,2025-10-22,19600.0,2,9800.0,Bank Transfer,Cancelled
ORD-343377,BIZ-1010,3,2,2025-10-11,52500.0,5,10500.0,Cash,Delivered
ORD-716204,BIZ-1020,2,2,2025-10-16,30000.0,3,10000.0,Bank Transfer,Cancelled
ORD-455627,BIZ-1051,1,4,2025-10-28,256500.0,27,9500.0,POS,Pending
ORD-994911,BIZ-1043,3,5,2025-10-28,39200.0,4,9800.0,POS,Delivered
ORD-788870,BIZ-1036,3,1,2025-10-26,140000.0,14,10000.0,POS,Delivered
ORD-407645,BIZ-1032,4,3,2025-10-15,409500.0,39,10500.0,Bank Transfer,Pending
ORD-509333,BIZ-1016,2,4,2025-10-22,215600.0,22,9800.0,Bank Transfer,Pending
ORD-973548,BIZ-1049,3,5,2025-10-29,250000.0,25,10000.0,Cash,Delivered
ORD-784196,BIZ-1027,2,3,2025-10-29,294000.0,30,9800.0,POS,Pending
ORD-934637,BIZ-1040,2,3,2025-10-23,190000.0,20,9500.0,POS,Cancelled
ORD-985555,BIZ-1040,3,5,2025-10-15,150000.0,15,10000.0,POS,Cancelled
ORD-317273,BIZ-1014,1,3,2025-10-05,342000.0,36,9500.0,Bank Transfer,Delivered
ORD-885650,BIZ-1040,2,2,2025-10-09,400000.0,40,10000.0,POS,Delivered
ORD-606346,BIZ-1030,2,2,2025-10-03,142500.0,15,9500.0,Cash,Cancelled
ORD-309174,BIZ-1001,4,2,2025-10-04,171000.0,18,9500.0,Cash,Delivered
ORD-616094,BIZ-1061,3,3,2025-10-05,29400.0,3,9800.0,POS,Pending
ORD-536191,BIZ-1059,4,3,2025-10-04,310000.0,31,10000.0,Cash,Cancelled
ORD-617708,BIZ-1000,2,4,2025-10-29,228000.0,24,9500.0,POS,Pending
ORD-319606,BIZ-1056,1,4,2025-10-10,176400.0,18,9800.0,POS,Cancelled
ORD-119011,BIZ-1041,4,5,2025-10-17,90000.0,9,10000.0,Bank Transfer,Cancelled
ORD-373477,BIZ-1005,1,2,2025-10-11,264600.0,27,10000.0,Bank Transfer,Pending
ORD-266309,BIZ-1031,4,5,2025-10-11,20000.0,2,10000.0,Bank Transfer,Pending
ORD-627935,BIZ-1048,2,2,2025-10-06,283500.0,27,10500.0,Bank Transfer,Pending
ORD-166758,BIZ-1002,4,3,2025-10-01,123500.0,13,9500.0,Bank Transfer,Cancelled
ORD-219505,BIZ-1050,2,4,2025-10-11,133000.0,14,9500.0,POS,Delivered
ORD-226550,BIZ-1054,2,2,2025-10-19,294000.0,30,9800.0,Cash,Pending
ORD-609990,BIZ-1040,4,1,2025-10-17,220000.0,22,10000.0,Cash,Delivered
ORD-456855,BIZ-1041,4,1,2025-10-08,156800.0,16,10000.0,Bank Transfer,Cancelled
ORD-906747,BIZ-1006,4,4,2025-10-24,294500.0,31,10000.0,Bank Transfer,Delivered
ORD-684080,BIZ-1048,3,4,2025-10-02,157500.0,15,10500.0,POS,Pending
ORD-258522,BIZ-1056,4,4,2025-10-09,210000.0,21,10000.0,POS,Cancelled
ORD-640422,BIZ-1059,4,5,2025-10-26,189000.0,18,10500.0,POS,Pending
ORD-209200,BIZ-1009,4,3,2025-10-19,52500.0,5,10500.0,Cash,Pending
ORD-559094,BIZ-1004,3,3,2025-10-22,123500.0,13,9500.0,POS,Delivered
ORD-982478,BIZ-1058,2,4,2025-10-24,285000.0,30,9500.0,Cash,Pending
ORD-211035,BIZ-1014,2,5,2025-10-23,370500.0,39,9500.0,POS,Cancelled
ORD-739270,BIZ-1026,4,2,2025-10-24,245000.0,25,9800.0,POS,Pending
ORD-206816,BIZ-1061,4,2,2025-10-24,378000.0,36,10500.0,POS,Delivered
ORD-144008,BIZ-1060,4,3,2025-10-25,95000.0,10,9500.0,Bank Transfer,Delivered
ORD-275160,BIZ-1023,3,2,2025-10-16,168000.0,16,10500.0,Bank Transfer,Cancelled
ORD-315363,BIZ-1057,2,4,2025-10-19,370500.0,39,9500.0,POS,Cancelled
ORD-264660,BIZ-1031,4,1,2025-10-28,68600.0,7,9800.0,POS,Delivered
ORD-842563,BIZ-1006,3,3,2025-10-22,21000.0,2,10500.0,Cash,Cancelled
ORD-630471,BIZ-1003,3,4,2025-10-14,370500.0,39,9500.0,Cash,Cancelled
ORD-204117,BIZ-1023,4,2,2025-10-15,88200.0,9,9800.0,POS,Cancelled
ORD-481405,BIZ-1012,1,2,2025-10-05,105000.0,10,10500.0,Cash,Cancelled
ORD-244464,BIZ-1019,2,3,2025-10-11,346500.0,33,10500.0,Bank Transfer,Delivered
ORD-311697,BIZ-1000,4,3,2025-10-04,199500.0,21,9500.0,Cash,Pending
ORD-535945,BIZ-1020,1,2,2025-10-14,346500.0,33,10500.0,Cash,Pending
ORD-106907,BIZ-1032,4,3,2025-10-24,275500.0,29,9500.0,Bank Transfer,Cancelled
ORD-948450,BIZ-1012,1,4,2025-10-08,68600.0,7,9800.0,Cash,Pending
ORD-400687,BIZ-1052,2,3,2025-10-15,209000.0,22,9500.0,POS,Delivered
ORD-189374,BIZ-1043,3,3,2025-10-16,225400.0,23,9800.0,POS,Cancelled
ORD-849941,BIZ-1050,2,5,2025-10-08,150000.0,15,10000.0,Bank Transfer,Pending
ORD-478162,BIZ-1051,3,4,2025-10-23,235200.0,24,9800.0,Cash,Delivered
ORD-357374,BIZ-1022,3,4,2025-10-19,210000.0,20,10000.0,Bank Transfer,Delivered
ORD-890109,BIZ-1054,1,3,2025-10-05,199500.0,21,9500.0,POS,Pending
ORD-925455,BIZ-1039,4,4,2025-10-16,80000.0,8,10000.0,POS,Delivered
ORD-940715,BIZ-1033,4,3,2025-10-07,399000.0,38,10500.0,POS,Delivered
ORD-529191,BIZ-1049,2,5,2025-10-13,98000.0,10,9800.0,Cash,Pending
ORD-993796,BIZ-1053,2,3,2025-10-27,330000.0,33,10000.0,Cash,Cancelled
ORD-815337,BIZ-1015,1,3,2025-10-16,180500.0,19,9500.0,POS,Pending
ORD-131208,BIZ-1055,3,3,2025-10-11,190000.0,20,10000.0,Bank Transfer,Delivered
ORD-907562,BIZ-1022,4,2,2025-10-14,400000.0,40,10000.0,Cash,Cancelled
ORD-945411,BIZ-1059,2,3,2025-10-01,133000.0,14,9500.0,Cash,Pending
ORD-172961,BIZ-1023,4,1,2025-10-16,107800.0,11,9800.0,Bank Transfer,Cancelled
ORD-430096,BIZ-1047,3,2,2025-10-03,254800.0,26,9800.0,POS,Delivered
ORD-909891,BIZ-1005,2,2,2025-10-13,220000.0,22,10000.0,Bank Transfer,Delivered
ORD-164454,BIZ-1026,3,1,2025-10-05,120000.0,12,10000.0,POS,Pending
ORD-138895,BIZ-1058,2,1,2025-10-12,50000.0,5,10000.0,POS,Pending
ORD-772625,BIZ-1033,4,1,2025-10-20,237500.0,25,9500.0,Cash,Pending
ORD-702466,BIZ-1018,2,3,2025-10-05,262500.0,25,10500.0,Bank Transfer,Cancelled
ORD-762288,BIZ-1035,2,5,2025-10-02,80000.0,8,10000.0,POS,Delivered
ORD-937886,BIZ-1050,3,3,2025-10-30,320000.0,32,10000.0,Bank Transfer,Pending
ORD-645027,BIZ-1011,3,1,2025-10-20,10000.0,1,10000.0,Bank Transfer,Delivered
ORD-539673,BIZ-1058,4,4,2025-10-30,313500.0,33,9500.0,POS,Pending
ORD-813944,BIZ-1057,2,5,2025-10-13,68600.0,7,9800.0,POS,Pending
ORD-419105,BIZ-1039,2,2,2025-10-22,237500.0,25,9500.0,POS,Pending
ORD-428933,BIZ-1051,3,2,2025-10-22,290000.0,29,10000.0,POS,Cancelled
ORD-108286,BIZ-1000,2,2,2025-10-28,94500.0,9,10500.0,Bank Transfer,Delivered
ORD-653429,BIZ-1029,2,4,2025-10-25,105000.0,10,10500.0,POS,Cancelled
ORD-253995,BIZ-1048,1,4,2025-10-19,399000.0,38,10500.0,POS,Delivered
ORD-567863,BIZ-1051,4,3,2025-10-22,283500.0,27,10500.0,Bank Transfer,Cancelled
ORD-670871,BIZ-1031,4,3,2025-10-20,262500.0,25,10500.0,Bank Transfer,Delivered
ORD-748216,BIZ-1013,4,2,2025-10-19,90000.0,9,10000.0,Cash,Delivered
ORD-831351,BIZ-1007,1,2,2025-10-20,29400.0,3,9800.0,POS,Cancelled
ORD-951266,BIZ-1055,3,4,2025-10-11,150000.0,15,10000.0,Bank Transfer,Cancelled
ORD-524154,BIZ-1061,1,3,2025-10-24,304500.0,29,10500.0,Cash,Pending
ORD-416178,BIZ-1022,3,3,2025-10-24,380000.0,40,9500.0,Cash,Cancelled
ORD-663539,BIZ-1007,1,5,2025-10-03,50000.0,5,10000.0,Cash,Pending
ORD-860321,BIZ-1046,2,4,2025-10-11,80000.0,8,10000.0,POS,Delivered
ORD-232126,BIZ-1037,2,4,2025-10-22,137200.0,14,9800.0,Cash,Pending
ORD-667059,BIZ-1036,4,5,2025-10-16,260000.0,26,10000.0,Bank Transfer,Pending
ORD-197328,BIZ-1041,4,2,2025-10-09,38000.0,4,9500.0,Cash,Delivered
ORD-427420,BIZ-1044,3,5,2025-10-16,245000.0,25,9800.0,POS,Cancelled
ORD-893820,BIZ-1029,2,2,2025-10-16,250000.0,25,10000.0,POS,Delivered
ORD-124559,BIZ-1039,4,5,2025-10-20,336000.0,32,10500.0,Bank Transfer,Pending
ORD-935294,BIZ-1001,3,2,2025-10-01,370500.0,39,9500.0,POS,Pending
ORD-371256,BIZ-1023,2,5,2025-10-17,9800.0,1,9800.0,Bank Transfer,Cancelled
ORD-911763,BIZ-1006,2,5,2025-10-08,140000.0,14,10000.0,POS,Pending
ORD-543281,BIZ-1013,1,2,2025-10-10,303800.0,31,9800.0,POS,Delivered
ORD-215806,BIZ-1040,1,2,2025-10-30,210000.0,20,10500.0,Bank Transfer,Pending
ORD-982464,BIZ-1061,4,4,2025-10-22,240000.0,24,10000.0,Cash,Cancelled
ORD-757446,BIZ-1059,1,2,2025-10-12,310000.0,31,10000.0,Cash,Delivered
ORD-229827,BIZ-1056,4,3,2025-10-16,80000.0,8,10000.0,POS,Pending
ORD-782583,BIZ-1060,1,4,2025-10-02,133000.0,14,9500.0,Cash,Delivered
ORD-570534,BIZ-1044,2,2,2025-10-29,380000.0,38,10000.0,Cash,Pending
ORD-872652,BIZ-1061,3,2,2025-10-09,294000.0,28,10500.0,Bank Transfer,Cancelled
ORD-455446,BIZ-1055,3,4,2025-10-01,340000.0,34,10000.0,Bank Transfer,Cancelled
ORD-944510,BIZ-1000,1,4,2025-10-30,367500.0,35,10500.0,Cash,Delivered
ORD-709845,BIZ-1013,2,4,2025-10-23,361000.0,38,9500.0,Bank Transfer,Pending
ORD-758237,BIZ-1046,4,3,2025-10-17,157500.0,15,10500.0,Bank Transfer,Cancelled
ORD-985517,BIZ-1002,4,4,2025-10-20,66500.0,7,9500.0,POS,Pending
ORD-467355,BIZ-1024,4,5,2025-10-18,66500.0,7,9500.0,Cash,Pending
ORD-799318,BIZ-1037,4,4,2025-10-09,90000.0,9,10000.0,Cash,Cancelled
ORD-849579,BIZ-1057,1,3,2025-10-24,342000.0,36,9500.0,POS,Cancelled
ORD-246770,BIZ-1024,3,1,2025-10-18,127400.0,13,9800.0,Cash,Delivered
ORD-644909,BIZ-1016,4,4,2025-10-22,123500.0,13,9500.0,Bank Transfer,Delivered
ORD-210338,BIZ-1024,1,3,2025-10-23,123500.0,13,10000.0,Cash,Cancelled
ORD-710658,BIZ-1006,2,2,2025-10-10,209000.0,22,10000.0,Bank Transfer,Pending
ORD-916368,BIZ-1047,2,2,2025-10-06,66500.0,7,9500.0,Bank Transfer,Pending
ORD-202747,BIZ-1022,3,4,2025-10-11,283500.0,27,10500.0,Cash,Delivered
ORD-546370,BIZ-1005,1,4,2025-10-05,170000.0,17,10000.0,Bank Transfer,Pending
ORD-185927,BIZ-1058,1,2,2025-10-25,274400.0,28,9800.0,Bank Transfer,Delivered
ORD-545526,BIZ-1002,3,4,2025-10-03,90000.0,9,10000.0,Cash,Delivered
ORD-599387,BIZ-1053,1,2,2025-10-27,372400.0,38,9800.0,Bank Transfer,Pending
ORD-181865,BIZ-1009,3,4,2025-10-07,245000.0,25,9800.0,POS,Cancelled
ORD-651818,BIZ-1029,3,4,2025-10-12,380000.0,40,9500.0,Bank Transfer,Pending
ORD-686120,BIZ-1032,1,2,2025-10-13,350000.0,35,10000.0,POS,Delivered
ORD-513959,BIZ-1047,1,5,2025-10-16,127400.0,13,9800.0,Bank Transfer,Cancelled
ORD-712686,BIZ-1039,1,2,2025-10-27,237500.0,25,9500.0,Bank Transfer,Cancelled
ORD-543990,BIZ-1016,2,3,2025-10-15,390000.0,39,10000.0,POS,Pending
ORD-822487,BIZ-1043,1,1,2025-10-30,215600.0,22,9800.0,Bank Transfer,Cancelled
ORD-613321,BIZ-1026,2,3,2025-10-28,260000.0,26,10000.0,Cash,Delivered
ORD-537174,BIZ-1001,4,3,2025-10-22,120000.0,12,10000.0,Bank Transfer,Pending
ORD-251357,BIZ-1007,2,2,2025-10-25,114000.0,12,9500.0,Cash,Pending
ORD-608312,BIZ-1050,2,5,2025-10-16,303800.0,31,9800.0,Bank Transfer,Cancelled
ORD-235670,BIZ-1025,2,3,2025-10-22,303800.0,31,9800.0,Bank Transfer,Pending
ORD-638113,BIZ-1029,4,5,2025-10-30,126000.0,12,10500.0,Cash,Cancelled
ORD-223792,BIZ-1016,4,3,2025-10-26,50000.0,5,10000.0,Bank Transfer,Pending
ORD-577555,BIZ-1044,4,3,2025-10-21,152000.0,16,9500.0,Cash,Delivered
ORD-882758,BIZ-1011,2,1,2025-10-15,189000.0,18,10000.0,Bank Transfer,Pending
ORD-686181,BIZ-1010,1,5,2025-10-05,380000.0,38,10000.0,Cash,Pending
ORD-224535,BIZ-1005,2,2,2025-10-12,273000.0,26,10500.0,Cash,Delivered
ORD-528468,BIZ-1049,1,5,2025-10-19,378000.0,36,10500.0,POS,Delivered
ORD-487538,BIZ-1021,1,3,2025-10-04,100000.0,10,10000.0,Cash,Cancelled
ORD-142238,BIZ-1032,3,5,2025-10-18,100000.0,10,10000.0,Cash,Delivered
ORD-223461,BIZ-1059,4,2,2025-10-16,115500.0,11,10500.0,POS,Cancelled
ORD-492649,BIZ-1042,2,5,2025-10-12,352800.0,36,9800.0,Bank Transfer,Cancelled
ORD-609529,BIZ-1031,2,3,2025-10-10,199500.0,19,10500.0,Bank Transfer,Cancelled
ORD-249809,BIZ-1010,4,4,2025-10-01,351500.0,37,9500.0,Cash,Cancelled
ORD-718265,BIZ-1046,2,3,2025-10-05,343000.0,35,9800.0,POS,Cancelled
ORD-419987,BIZ-1026,4,1,2025-10-13,152000.0,16,9500.0,Cash,Delivered
ORD-326053,BIZ-1004,3,3,2025-10-27,313500.0,33,10000.0,POS,Cancelled
ORD-875590,BIZ-1050,3,4,2025-10-06,136500.0,13,10500.0,Bank Transfer,Delivered
ORD-228270,BIZ-1021,4,2,2025-10-15,313600.0,32,9800.0,Cash,Delivered
ORD-170846,BIZ-1036,3,4,2025-10-17,303800.0,31,9800.0,Cash,Cancelled
ORD-537859,BIZ-1056,4,4,2025-10-27,420000.0,40,10500.0,POS,Delivered
ORD-424745,BIZ-1006,1,1,2025-10-15,250000.0,25,10000.0,Bank Transfer,Delivered
ORD-454233,BIZ-1052,1,5,2025-10-17,199500.0,19,10500.0,Cash,Pending
ORD-598312,BIZ-1012,2,2,2025-10-24,120000.0,12,10000.0,POS,Cancelled
ORD-974180,BIZ-1007,2,5,2025-10-26,115500.0,11,10500.0,Cash,Delivered
ORD-898963,BIZ-1015,4,2,2025-10-19,123500.0,13,9500.0,POS,Cancelled
ORD-767376,BIZ-1021,3,2,2025-10-05,380000.0,38,10000.0,Cash,Cancelled
ORD-571785,BIZ-1048,3,2,2025-10-14,161500.0,17,9500.0,POS,Pending
ORD-256219,BIZ-1002,4,4,2025-10-21,250000.0,25,10000.0,POS,Pending
ORD-441013,BIZ-1055,4,2,2025-10-26,275500.0,29,9500.0,Bank Transfer,Pending
ORD-755119,BIZ-1024,3,4,2025-10-03,142500.0,15,9500.0,Cash,Delivered
ORD-529526,BIZ-1005,3,4,2025-10-20,110000.0,11,10000.0,Cash,Cancelled
ORD-514603,BIZ-1025,3,4,2025-10-12,160000.0,16,10000.0,Bank Transfer,Delivered
ORD-148045,BIZ-1051,2,2,2025-10-11,150000.0,15,10000.0,Cash,Cancelled
ORD-564620,BIZ-1033,1,1,2025-10-29,283500.0,27,10500.0,POS,Delivered
ORD-777292,BIZ-1050,2,4,2025-10-23,180500.0,19,9500.0,POS,Delivered
ORD-273659,BIZ-1060,4,2,2025-10-03,52500.0,5,10500.0,Bank Transfer,Delivered
ORD-699780,BIZ-1057,3,1,2025-10-22,161500.0,17,9500.0,Bank Transfer,Pending
ORD-909076,BIZ-1016,3,4,2025-10-19,361000.0,38,10000.0,Cash,Cancelled
ORD-688297,BIZ-1055,1,3,2025-10-22,104500.0,11,9500.0,Cash,Delivered
ORD-775192,BIZ-1038,3,4,2025-10-20,247000.0,26,9500.0,Bank Transfer,Pending
ORD-301774,BIZ-1035,1,5,2025-10-17,95000.0,10,9500.0,POS,Cancelled
ORD-668154,BIZ-1042,2,2,2025-10-29,220000.0,22,10000.0,Bank Transfer,Delivered
ORD-155442,BIZ-1020,3,3,2025-10-18,205800.0,21,9800.0,Bank Transfer,Cancelled
ORD-647098,BIZ-1045,4,4,2025-10-29,294500.0,31,9500.0,Bank Transfer,Cancelled
ORD-598949,BIZ-1049,3,5,2025-10-06,237500.0,25,9500.0,Cash,Delivered
ORD-119570,BIZ-1052,3,1,2025-10-16,63000.0,6,10500.0,Bank Transfer,Cancelled
ORD-657695,BIZ-1024,3,2,2025-10-04,70000.0,7,10000.0,Cash,Pending
ORD-119895,BIZ-1026,3,5,2025-10-06,9800.0,1,9800.0,Bank Transfer,Delivered
ORD-315802,BIZ-1048,2,5,2025-10-09,94500.0,9,10500.0,Bank Transfer,Pending
ORD-839893,BIZ-1048,4,3,2025-10-08,49000.0,5,9800.0,POS,Pending
ORD-707705,BIZ-1001,2,3,2025-10-26,336000.0,32,10000.0,Bank Transfer,Cancelled
ORD-946118,BIZ-1051,3,4,2025-10-14,49000.0,5,9800.0,POS,Pending
ORD-435996,BIZ-1018,4,4,2025-10-17,190000.0,20,9500.0,POS,Pending
ORD-147168,BIZ-1043,1,4,2025-10-13,107800.0,11,9800.0,Cash,Pending
ORD-124393,BIZ-1013,1,4,2025-10-15,38000.0,4,9500.0,Cash,Delivered
ORD-289276,BIZ-1017,4,3,2025-10-11,209000.0,22,9500.0,POS,Delivered
ORD-653545,BIZ-1041,4,5,2025-10-13,237500.0,25,10000.0,Cash,Pending
ORD-369670,BIZ-1054,1,3,2025-10-10,110000.0,11,10000.0,POS,Pending
ORD-204158,BIZ-1058,1,5,2025-10-03,47500.0,5,9500.0,Cash,Pending
ORD-399212,BIZ-1043,2,5,2025-10-17,52500.0,5,10500.0,Cash,Pending
ORD-367968,BIZ-1051,1,4,2025-10-05,390000.0,39,10000.0,Bank Transfer,Pending
ORD-261719,BIZ-1002,4,3,2025-10-24,70000.0,7,10000.0,Cash,Cancelled
ORD-527060,BIZ-1023,2,5,2025-10-10,254800.0,26,9800.0,POS,Pending
ORD-161775,BIZ-1027,4,4,2025-10-21,98000.0,10,9800.0,Cash,Delivered
ORD-441092,BIZ-1054,1,5,2025-10-19,262500.0,25,10500.0,Cash,Pending
ORD-847949,BIZ-1044,4,4,2025-10-06,20000.0,2,10000.0,Cash,Delivered
ORD-508881,BIZ-1036,2,5,2025-10-02,28500.0,3,10000.0,Bank Transfer,Delivered
ORD-249380,BIZ-1010,4,2,2025-10-03,10500.0,1,10500.0,Cash,Delivered
ORD-439966,BIZ-1047,3,4,2025-10-13,346500.0,33,10500.0,Bank Transfer,Cancelled
ORD-967949,BIZ-1001,3,5,2025-10-08,283500.0,27,10500.0,Bank Transfer,Pending
ORD-154398,BIZ-1009,3,3,2025-10-27,88200.0,9,9800.0,Cash,Delivered
ORD-888669,BIZ-1046,3,5,2025-10-07,123500.0,13,9500.0,POS,Delivered
ORD-347978,BIZ-1039,1,2,2025-10-18,88200.0,9,9800.0,Bank Transfer,Delivered
ORD-888938,BIZ-1026,2,4,2025-10-15,352800.0,36,9800.0,POS,Pending
ORD-220671,BIZ-1022,1,2,2025-10-16,310000.0,31,10000.0,Cash,Cancelled
ORD-433799,BIZ-1002,3,4,2025-10-09,380000.0,38,10000.0,Cash,Delivered
ORD-526850,BIZ-1035,4,4,2025-10-14,30000.0,3,10000.0,Bank Transfer,Pending
ORD-130310,BIZ-1032,1,5,2025-10-02,66500.0,7,9500.0,POS,Delivered
ORD-345094,BIZ-1048,2,3,2025-10-13,205800.0,21,9800.0,Bank Transfer,Delivered
ORD-119527,BIZ-1028,3,3,2025-10-28,333200.0,34,9800.0,Cash,Delivered
ORD-714646,BIZ-1051,3,3,2025-10-09,252000.0,24,10500.0,POS,Delivered
ORD-358281,BIZ-1051,3,4,2025-10-21,19600.0,2,9800.0,Bank Transfer,Pending
ORD-783200,BIZ-1038,2,2,2025-10-23,70000.0,7,10000.0,Cash,Delivered
ORD-419409,BIZ-1030,1,4,2025-10-24,400000.0,40,10000.0,POS,Pending
ORD-567646,BIZ-1014,4,3,2025-10-18,199500.0,19,10500.0,Cash,Cancelled
ORD-766683,BIZ-1008,1,4,2025-10-03,85500.0,9,9500.0,POS,Cancelled
ORD-920910,BIZ-1005,3,3,2025-10-16,352800.0,36,9800.0,Bank Transfer,Pending
ORD-491438,BIZ-1010,1,3,2025-10-30,304000.0,32,9500.0,POS,Cancelled
ORD-276358,BIZ-1016,3,2,2025-10-17,78400.0,8,9800.0,POS,Cancelled
ORD-663646,BIZ-1046,1,3,2025-10-24,290000.0,29,10000.0,POS,Cancelled
ORD-682119,BIZ-1046,2,5,2025-10-29,10000.0,1,10000.0,Cash,Pending
ORD-101049,BIZ-1029,3,5,2025-10-14,240000.0,24,10000.0,Bank Transfer,Cancelled
ORD-969659,BIZ-1034,4,4,2025-10-25,10500.0,1,10500.0,POS,Pending
ORD-784781,BIZ-1009,4,4,2025-10-19,225400.0,23,9800.0,Cash,Delivered
ORD-100569,BIZ-1037,2,3,2025-10-30,42000.0,4,10500.0,Cash,Delivered
ORD-605608,BIZ-1012,2,5,2025-10-02,157500.0,15,10500.0,Cash,Delivered
ORD-363076,BIZ-1058,2,2,2025-10-09,63000.0,6,10500.0,Cash,Pending
ORD-498619,BIZ-1010,4,4,2025-10-26,58800.0,6,10000.0,Cash,Cancelled
ORD-983360,BIZ-1005,1,5,2025-10-30,342000.0,36,9500.0,Bank Transfer,Cancelled
ORD-713583,BIZ-1028,1,3,2025-10-19,20000.0,2,10000.0,POS,Pending
ORD-394976,BIZ-1041,4,5,2025-10-26,392000.0,40,9800.0,Cash,Pending
ORD-875089,BIZ-1024,1,5,2025-10-02,315000.0,30,10500.0,Bank Transfer,Cancelled
ORD-173332,BIZ-1042,1,2,2025-10-17,186200.0,19,9800.0,Cash,Delivered
ORD-514507,BIZ-1019,3,4,2025-10-10,140000.0,14,10000.0,Cash,Delivered
ORD-970840,BIZ-1009,2,4,2025-10-21,294000.0,30,9800.0,POS,Pending
ORD-683510,BIZ-1032,4,4,2025-10-05,215600.0,22,9800.0,Cash,Cancelled
ORD-552945,BIZ-1012,4,5,2025-10-30,220000.0,22,10000.0,POS,Delivered
ORD-629342,BIZ-1049,4,3,2025-10-07,245000.0,25,9800.0,Bank Transfer,Delivered
ORD-433765,BIZ-1015,2,3,2025-10-29,176400.0,18,9800.0,Bank Transfer,Delivered
ORD-459279,BIZ-1024,1,5,2025-10-27,137200.0,14,9800.0,POS,Cancelled
ORD-889256,BIZ-1054,1,2,2025-10-20,190000.0,19,10000.0,Bank Transfer,Pending
ORD-386275,BIZ-1007,4,2,2025-10-22,343000.0,35,9800.0,Bank Transfer,Pending
ORD-437262,BIZ-1054,4,3,2025-10-08,19600.0,2,10000.0,Bank Transfer,Cancelled
ORD-582134,BIZ-1006,4,2,2025-10-11,380000.0,40,9500.0,Bank Transfer,Pending
ORD-444412,BIZ-1041,1,2,2025-10-29,186200.0,19,9800.0,Bank Transfer,Pending
ORD-825452,BIZ-1047,4,2,2025-10-01,63000.0,6,10500.0,Bank Transfer,Pending
ORD-102146,BIZ-1051,4,3,2025-10-05,156800.0,16,9800.0,POS,Delivered
ORD-104487,BIZ-1016,4,2,2025-10-19,294500.0,31,9500.0,Bank Transfer,Pending
ORD-805383,BIZ-1045,3,2,2025-10-28,29400.0,3,9800.0,POS,Delivered
ORD-682788,BIZ-1017,2,5,2025-10-06,313500.0,33,9500.0,Bank Transfer,Delivered
ORD-837463,BIZ-1040,4,4,2025-10-27,95000.0,10,9500.0,POS,Cancelled
ORD-511871,BIZ-1036,1,2,2025-10-15,38000.0,4,9500.0,Bank Transfer,Pending
ORD-925549,BIZ-1029,4,3,2025-10-17,392000.0,40,9800.0,Bank Transfer,Cancelled
ORD-782902,BIZ-1021,3,4,2025-10-27,38000.0,4,9500.0,Bank Transfer,Cancelled
ORD-132450,BIZ-1034,4,4,2025-10-03,380000.0,38,10000.0,Cash,Delivered
ORD-955697,BIZ-1005,4,5,2025-10-27,120000.0,12,10000.0,POS,Pending
ORD-804900,BIZ-1003,2,5,2025-10-21,50000.0,5,10000.0,Bank Transfer,Cancelled
ORD-952262,BIZ-1056,1,4,2025-10-04,284200.0,29,9800.0,Cash,Pending
ORD-730520,BIZ-1060,1,4,2025-10-12,137200.0,14,9800.0,Cash,Cancelled
ORD-285793,BIZ-1028,3,5,2025-10-11,315000.0,30,10500.0,Cash,Pending
ORD-951307,BIZ-1054,2,2,2025-10-26,199500.0,19,10500.0,Cash,Delivered
ORD-108840,BIZ-1041,2,2,2025-10-21,80000.0,8,10000.0,POS,Cancelled
ORD-488477,BIZ-1054,4,3,2025-10-04,66500.0,7,9500.0,Cash,Pending
ORD-566173,BIZ-1055,3,5,2025-10-29,280000.0,28,10000.0,Bank Transfer,Cancelled
ORD-879243,BIZ-1048,3,2,2025-10-01,325500.0,31,10500.0,Bank Transfer,Cancelled
ORD-394790,BIZ-1021,2,3,2025-10-01,104500.0,11,9500.0,POS,Delivered
ORD-843647,BIZ-1053,3,1,2025-10-21,256500.0,27,9500.0,Bank Transfer,Delivered
ORD-194336,BIZ-1061,4,3,2025-10-11,47500.0,5,10000.0,POS,Cancelled
ORD-755608,BIZ-1005,4,3,2025-10-25,275500.0,29,9500.0,POS,Pending
ORD-852677,BIZ-1039,1,2,2025-10-10,140000.0,14,10000.0,Bank Transfer,Delivered
ORD-617795,BIZ-1006,2,2,2025-10-07,304000.0,32,9500.0,Bank Transfer,Delivered
ORD-138583,BIZ-1024,2,3,2025-10-30,250000.0,25,10000.0,Bank Transfer,Pending
ORD-838247,BIZ-1038,2,2,2025-10-09,57000.0,6,10000.0,POS,Pending
ORD-319242,BIZ-1024,3,4,2025-10-22,123500.0,13,9500.0,POS,Delivered
ORD-961010,BIZ-1049,1,2,2025-10-01,300000.0,30,10000.0,Bank Transfer,Cancelled
ORD-216335,BIZ-1012,1,5,2025-10-20,49000.0,5,10000.0,Cash,Pending
ORD-696746,BIZ-1042,4,2,2025-10-27,409500.0,39,10500.0,Bank Transfer,Pending
ORD-278758,BIZ-1019,3,3,2025-10-16,350000.0,35,10000.0,POS,Cancelled
ORD-791890,BIZ-1038,4,5,2025-10-17,136500.0,13,10500.0,POS,Delivered
ORD-804827,BIZ-1044,1,4,2025-10-23,215600.0,22,9800.0,Bank Transfer,Delivered
ORD-692592,BIZ-1020,4,5,2025-10-21,171000.0,18,9500.0,Bank Transfer,Cancelled
ORD-716735,BIZ-1036,2,2,2025-10-06,294000.0,28,10500.0,Cash,Pending
ORD-168209,BIZ-1031,3,2,2025-10-04,150000.0,15,10000.0,Cash,Delivered
ORD-697586,BIZ-1034,2,2,2025-10-04,180000.0,18,10000.0,Bank Transfer,Pending
ORD-648489,BIZ-1058,2,3,2025-10-26,252000.0,24,10500.0,POS,Pending
ORD-387653,BIZ-1049,4,5,2025-10-22,270000.0,27,10000.0,POS,Pending
ORD-810912,BIZ-1042,2,5,2025-10-06,107800.0,11,9800.0,POS,Pending
ORD-826648,BIZ-1060,2,3,2025-10-01,76000.0,8,9500.0,POS,Delivered
ORD-744304,BIZ-1029,4,2,2025-10-21,199500.0,21,9500.0,POS,Pending
ORD-687324,BIZ-1061,2,4,2025-10-08,220500.0,21,10500.0,Bank Transfer,Cancelled
ORD-102049,BIZ-1010,1,3,2025-10-27,42000.0,4,10500.0,Cash,Cancelled
ORD-772101,BIZ-1002,1,5,2025-10-29,313600.0,32,9800.0,POS,Delivered
ORD-781605,BIZ-1035,1,5,2025-10-21,420000.0,40,10000.0,POS,Pending
ORD-438689,BIZ-1029,1,4,2025-10-02,85500.0,9,9500.0,Cash,Pending
ORD-526640,BIZ-1056,1,2,2025-10-13,228000.0,24,9500.0,Bank Transfer,Pending
ORD-813213,BIZ-1038,3,5,2025-10-09,336000.0,32,10500.0,Cash,Pending
ORD-619647,BIZ-1023,1,5,2025-10-16,388500.0,37,10500.0,Bank Transfer,Cancelled
ORD-895891,BIZ-1022,4,4,2025-10-11,180500.0,19,9500.0,Bank Transfer,Delivered
ORD-856254,BIZ-1030,3,1,2025-10-02,392000.0,40,9800.0,Cash,Cancelled
ORD-391433,BIZ-1020,1,3,2025-10-07,98000.0,10,9800.0,POS,Cancelled
ORD-658272,BIZ-1061,2,5,2025-10-28,95000.0,10,9500.0,Bank Transfer,Cancelled
ORD-105409,BIZ-1047,4,3,2025-10-14,273000.0,26,10500.0,Bank Transfer,Pending
ORD-450964,BIZ-1045,1,2,2025-10-12,136500.0,13,10500.0,POS,Pending
ORD-699596,BIZ-1045,3,4,2025-10-03,123500.0,13,9500.0,Bank Transfer,Delivered
ORD-873266,BIZ-1056,2,5,2025-10-25,19000.0,2,9500.0,Bank Transfer,Pending
ORD-823044,BIZ-1042,1,2,2025-10-07,166600.0,17,9800.0,Cash,Pending
ORD-178056,BIZ-1004,3,2,2025-10-13,388500.0,37,10500.0,POS,Cancelled
ORD-306440,BIZ-1024,4,4,2025-10-28,409500.0,39,10500.0,POS,Delivered
ORD-425903,BIZ-1060,2,5,2025-10-05,237500.0,25,9500.0,POS,Pending
ORD-755669,BIZ-1027,3,5,2025-10-02,274400.0,28,9800.0,Cash,Pending
ORD-603281,BIZ-1005,3,1,2025-10-03,351500.0,37,9500.0,Bank Transfer,Pending
ORD-125190,BIZ-1012,3,2,2025-10-13,400000.0,40,10000.0,Cash,Delivered
ORD-756720,BIZ-1022,3,5,2025-10-18,9500.0,1,9500.0,Cash,Pending
ORD-981336,BIZ-1008,2,4,2025-10-29,84000.0,8,10500.0,POS,Delivered
ORD-213079,BIZ-1011,2,5,2025-10-08,133000.0,14,9500.0,POS,Delivered
ORD-457356,BIZ-1046,3,5,2025-10-15,40000.0,4,10000.0,Bank Transfer,Delivered
ORD-961545,BIZ-1005,4,5,2025-10-25,241500.0,23,10500.0,Bank Transfer,Cancelled
ORD-932685,BIZ-1040,1,4,2025-10-11,140000.0,14,10000.0,Cash,Cancelled
ORD-176452,BIZ-1050,2,3,2025-10-08,147000.0,14,10500.0,Cash,Pending
ORD-749662,BIZ-1028,1,4,2025-10-24,313500.0,33,9500.0,POS,Cancelled
ORD-200318,BIZ-1018,4,5,2025-10-14,9500.0,1,9500.0,Cash,Pending
ORD-707056,BIZ-1041,4,3,2025-10-19,275500.0,29,9500.0,POS,Pending
ORD-163634,BIZ-1021,3,2,2025-10-04,28500.0,3,9500.0,Cash,Cancelled
ORD-495727,BIZ-1022,1,3,2025-10-28,73500.0,7,10500.0,POS,Delivered
ORD-988869,BIZ-1016,3,5,2025-10-10,266000.0,28,9500.0,POS,Pending
ORD-920664,BIZ-1031,3,4,2025-10-21,294000.0,28,10000.0,POS,Cancelled
ORD-941363,BIZ-1032,4,5,2025-10-04,325500.0,31,10500.0,POS,Cancelled
ORD-416115,BIZ-1060,1,1,2025-10-14,333200.0,34,10000.0,Cash,Delivered
ORD-552816,BIZ-1019,2,4,2025-10-19,294500.0,31,9500.0,Cash,Cancelled
ORD-810477,BIZ-1008,1,5,2025-10-02,140000.0,14,10000.0,Cash,Cancelled
ORD-154738,BIZ-1041,2,3,2025-10-02,332500.0,35,9500.0,Cash,Pending
ORD-499985,BIZ-1007,1,5,2025-10-09,100000.0,10,10000.0,Bank Transfer,Delivered
ORD-747288,BIZ-1042,2,2,2025-10-13,372400.0,38,9800.0,Cash,Pending
ORD-344435,BIZ-1014,4,3,2025-10-23,95000.0,10,9500.0,Cash,Cancelled
ORD-925727,BIZ-1031,2,5,2025-10-26,28500.0,3,9500.0,Cash,Pending
ORD-111121,BIZ-1033,1,4,2025-10-20,378000.0,36,10500.0,Bank Transfer,Delivered
ORD-586758,BIZ-1006,1,2,2025-10-14,100000.0,10,10000.0,Cash,Delivered
ORD-750338,BIZ-1028,4,2,2025-10-24,325500.0,31,10500.0,Cash,Pending
ORD-456113,BIZ-1038,3,2,2025-10-19,50000.0,5,10000.0,Cash,Delivered
ORD-808602,BIZ-1007,2,3,2025-10-20,340000.0,34,10000.0,Bank Transfer,Delivered
ORD-576133,BIZ-1001,1,4,2025-10-24,10500.0,1,10500.0,POS,Cancelled
ORD-716366,BIZ-1049,3,3,2025-10-16,303800.0,31,9800.0,Bank Transfer,Cancelled
ORD-207677,BIZ-1030,4,3,2025-10-06,115500.0,11,10500.0,Cash,Cancelled
ORD-847948,BIZ-1004,2,2,2025-10-01,76000.0,8,9500.0,Cash,Delivered
ORD-927763,BIZ-1021,1,4,2025-10-03,325500.0,31,10000.0,POS,Delivered
ORD-701056,BIZ-1028,3,2,2025-10-26,10500.0,1,10500.0,Bank Transfer,Delivered
ORD-633618,BIZ-1054,1,2,2025-10-04,100000.0,10,10000.0,Cash,Cancelled
ORD-541457,BIZ-1017,1,4,2025-10-08,199500.0,19,10500.0,Cash,Cancelled
ORD-751009,BIZ-1020,4,4,2025-10-15,325500.0,31,10500.0,POS,Cancelled
ORD-354963,BIZ-1026,4,4,2025-10-14,266000.0,28,9500.0,Cash,Pending
ORD-146211,BIZ-1056,2,3,2025-10-05,420000.0,40,10500.0,Cash,Pending
ORD-426806,BIZ-1005,3,3,2025-10-02,270000.0,27,10000.0,POS,Delivered
ORD-638051,BIZ-1050,2,4,2025-10-18,130000.0,13,10000.0,Bank Transfer,Cancelled
ORD-891018,BIZ-1031,1,5,2025-10-29,235200.0,24,9800.0,Bank Transfer,Cancelled
ORD-712018,BIZ-1047,1,3,2025-10-11,250000.0,25,10000.0,POS,Delivered
ORD-913166,BIZ-1043,3,4,2025-10-27,117600.0,12,9800.0,Cash,Delivered
ORD-592331,BIZ-1007,4,4,2025-10-05,380000.0,40,9500.0,Cash,Cancelled
ORD-459557,BIZ-1052,1,3,2025-10-10,199500.0,19,10500.0,Bank Transfer,Delivered
ORD-108474,BIZ-1011,3,4,2025-10-09,231000.0,22,10500.0,Cash,Delivered
ORD-789624,BIZ-1037,3,3,2025-10-16,66500.0,7,10000.0,POS,Delivered
ORD-160101,BIZ-1036,3,4,2025-10-21,256500.0,27,9500.0,Bank Transfer,Pending
ORD-958976,BIZ-1008,2,3,2025-10-08,225400.0,23,9800.0,Cash,Cancelled
ORD-157259,BIZ-1046,1,5,2025-10-26,294000.0,30,9800.0,Cash,Cancelled
ORD-304899,BIZ-1042,2,3,2025-10-13,323400.0,33,9800.0,Bank Transfer,Cancelled
ORD-771670,BIZ-1058,2,3,2025-10-30,114000.0,12,9500.0,Cash,Cancelled
ORD-923408,BIZ-1028,4,2,2025-10-28,60000.0,6,10000.0,POS,Cancelled
ORD-298553,BIZ-1055,2,2,2025-10-03,283500.0,27,10500.0,Bank Transfer,Delivered
ORD-828531,BIZ-1006,4,2,2025-10-21,133000.0,14,9500.0,POS,Pending
ORD-590106,BIZ-1031,1,2,2025-10-21,280000.0,28,10000.0,Cash,Pending
ORD-447231,BIZ-1002,2,2,2025-10-18,350000.0,35,10000.0,POS,Pending
ORD-693595,BIZ-1032,3,4,2025-10-26,90000.0,9,10000.0,Bank Transfer,Cancelled
ORD-746030,BIZ-1005,4,4,2025-10-29,95000.0,10,9500.0,Bank Transfer,Pending
ORD-444582,BIZ-1025,2,4,2025-10-09,237500.0,25,9500.0,POS,Delivered
ORD-576370,BIZ-1012,2,2,2025-10-05,360000.0,36,10000.0,Bank Transfer,Pending
ORD-144241,BIZ-1037,1,4,2025-10-27,84000.0,8,10500.0,POS,Cancelled
ORD-103876,BIZ-1005,2,3,2025-10-15,127400.0,13,9800.0,POS,Delivered
ORD-826894,BIZ-1061,3,4,2025-10-20,245000.0,25,9800.0,Bank Transfer,Delivered
ORD-754227,BIZ-1024,1,4,2025-10-07,28500.0,3,10000.0,POS,Pending
ORD-604098,BIZ-1052,3,5,2025-10-07,323000.0,34,9500.0,POS,Delivered
ORD-954225,BIZ-1040,2,5,2025-10-23,117600.0,12,9800.0,Bank Transfer,Pending
ORD-876031,BIZ-1015,3,2,2025-10-10,343000.0,35,9800.0,Bank Transfer,Pending
ORD-519758,BIZ-1043,4,1,2025-10-12,157500.0,15,10500.0,Bank Transfer,Delivered
ORD-107052,BIZ-1007,1,4,2025-10-06,283500.0,27,10500.0,POS,Delivered
ORD-177312,BIZ-1014,4,4,2025-10-11,88200.0,9,9800.0,Cash,Cancelled
ORD-681636,BIZ-1000,2,3,2025-10-11,210000.0,20,10000.0,Bank Transfer,Pending
ORD-404691,BIZ-1031,3,4,2025-10-04,142500.0,15,9500.0,Cash,Cancelled
ORD-762002,BIZ-1009,1,4,2025-10-14,352800.0,36,9800.0,POS,Pending
ORD-902719,BIZ-1026,4,5,2025-10-18,313600.0,32,9800.0,Bank Transfer,Delivered
ORD-131127,BIZ-1009,2,2,2025-10-11,342000.0,36,9500.0,POS,Pending
ORD-397901,BIZ-1055,4,3,2025-10-06,382200.0,39,9800.0,POS,Pending
ORD-374725,BIZ-1013,4,1,2025-10-06,19000.0,2,9500.0,Cash,Pending
ORD-456324,BIZ-1019,4,3,2025-10-22,73500.0,7,10500.0,Bank Transfer,Cancelled
ORD-357912,BIZ-1033,4,2,2025-10-26,333200.0,34,9800.0,Cash,Cancelled
ORD-122536,BIZ-1053,3,4,2025-10-06,340000.0,34,10000.0,POS,Cancelled
ORD-374505,BIZ-1007,4,3,2025-10-06,254800.0,26,9800.0,Bank Transfer,Cancelled
ORD-122013,BIZ-1057,4,3,2025-10-28,107800.0,11,9800.0,Cash,Pending
ORD-243910,BIZ-1031,1,3,2025-10-25,313500.0,33,9500.0,POS,Pending
ORD-925663,BIZ-1036,2,2,2025-10-12,63000.0,6,10500.0,Bank Transfer,Cancelled
ORD-454820,BIZ-1046,4,1,2025-10-27,370500.0,39,9500.0,POS,Cancelled
ORD-419891,BIZ-1020,3,2,2025-10-29,160000.0,16,10000.0,Cash,Pending
ORD-487596,BIZ-1043,4,1,2025-10-14,420000.0,40,10500.0,Bank Transfer,Pending
ORD-793013,BIZ-1054,4,5,2025-10-25,220500.0,21,10500.0,Bank Transfer,Cancelled
ORD-652522,BIZ-1025,3,5,2025-10-06,130000.0,13,10000.0,Bank Transfer,Delivered
ORD-753476,BIZ-1000,4,4,2025-10-30,180500.0,19,9500.0,Cash,Pending
ORD-845476,BIZ-1035,3,2,2025-10-27,303800.0,31,10000.0,POS,Pending
ORD-251448,BIZ-1005,3,3,2025-10-02,260000.0,26,10000.0,Bank Transfer,Cancelled
ORD-237148,BIZ-1040,4,4,2025-10-27,80000.0,8,10000.0,Bank Transfer,Cancelled
ORD-300992,BIZ-1054,3,2,2025-10-24,228000.0,24,9500.0,Cash,Pending
ORD-828082,BIZ-1033,4,3,2025-10-16,382200.0,39,9800.0,Cash,Cancelled
ORD-728672,BIZ-1052,1,4,2025-10-12,285000.0,30,9500.0,Bank Transfer,Cancelled
ORD-767044,BIZ-1023,3,4,2025-10-13,123500.0,13,9500.0,POS,Delivered
ORD-148439,BIZ-1046,3,3,2025-10-08,209000.0,22,9500.0,POS,Delivered
ORD-715855,BIZ-1037,1,4,2025-10-23,320000.0,32,10000.0,Cash,Cancelled
ORD-661479,BIZ-1015,1,2,2025-10-06,390000.0,39,10000.0,Bank Transfer,Delivered
ORD-255783,BIZ-1057,1,1,2025-10-09,136500.0,13,10500.0,POS,Cancelled
ORD-155846,BIZ-1003,1,4,2025-10-10,21000.0,2,10500.0,Bank Transfer,Pending
ORD-393678,BIZ-1012,1,5,2025-10-19,123500.0,13,9500.0,Bank Transfer,Pending
ORD-992865,BIZ-1006,2,3,2025-10-27,274400.0,28,9800.0,Cash,Delivered
ORD-712454,BIZ-1056,3,5,2025-10-16,310000.0,31,10000.0,Cash,Cancelled
ORD-319401,BIZ-1019,2,3,2025-10-27,60000.0,6,10000.0,POS,Cancelled
ORD-922781,BIZ-1003,4,5,2025-10-22,252000.0,24,10500.0,Bank Transfer,Cancelled
ORD-795732,BIZ-1020,1,5,2025-10-15,262500.0,25,10000.0,POS,Pending
ORD-275566,BIZ-1014,1,5,2025-10-19,170000.0,17,10000.0,Cash,Cancelled
ORD-887803,BIZ-1024,4,3,2025-10-16,50000.0,5,10000.0,POS,Cancelled
ORD-887623,BIZ-1039,1,5,2025-10-27,270000.0,27,10000.0,POS,Delivered
ORD-622807,BIZ-1015,2,3,2025-10-16,186200.0,19,9800.0,POS,Delivered
ORD-287693,BIZ-1042,1,3,2025-10-16,283500.0,27,10500.0,Cash,Pending
ORD-492040,BIZ-1036,1,2,2025-10-10,340000.0,34,10000.0,Bank Transfer,Cancelled
ORD-606773,BIZ-1012,2,3,2025-10-16,315000.0,30,10500.0,Bank Transfer,Cancelled
ORD-618827,BIZ-1052,1,2,2025-10-22,390000.0,39,10000.0,POS,Pending
ORD-709418,BIZ-1009,2,5,2025-10-15,392000.0,40,9800.0,Bank Transfer,Cancelled
ORD-929029,BIZ-1003,3,5,2025-10-13,280000.0,28,10000.0,Bank Transfer,Cancelled
ORD-138382,BIZ-1042,3,5,2025-10-18,200000.0,20,10000.0,POS,Delivered
ORD-312861,BIZ-1016,2,3,2025-10-07,382200.0,39,9800.0,Cash,Delivered
ORD-345770,BIZ-1052,4,2,2025-10-14,9500.0,1,9500.0,Cash,Delivered
ORD-420863,BIZ-1020,3,3,2025-10-12,382200.0,39,9800.0,Cash,Delivered
ORD-495400,BIZ-1039,2,5,2025-10-13,313600.0,32,9800.0,POS,Pending
ORD-983353,BIZ-1005,3,4,2025-10-18,9800.0,1,9800.0,Cash,Delivered
ORD-677295,BIZ-1047,3,5,2025-10-12,220000.0,22,10000.0,Bank Transfer,Cancelled
ORD-888133,BIZ-1059,2,5,2025-10-03,85500.0,9,9500.0,Bank Transfer,Cancelled
ORD-566097,BIZ-1032,2,2,2025-10-03,114000.0,12,9500.0,Cash,Delivered
ORD-341358,BIZ-1036,4,5,2025-10-16,49000.0,5,9800.0,POS,Cancelled
ORD-637145,BIZ-1014,4,5,2025-10-18,147000.0,15,10000.0,Bank Transfer,Delivered
ORD-546800,BIZ-1032,1,2,2025-10-19,66500.0,7,10000.0,POS,Pending
ORD-553515,BIZ-1058,2,2,2025-10-14,351500.0,37,9500.0,Cash,Pending
ORD-943584,BIZ-1020,2,2,2025-10-13,126000.0,12,10500.0,POS,Pending
ORD-386281,BIZ-1054,2,1,2025-10-15,245000.0,25,9800.0,POS,Delivered
ORD-288288,BIZ-1037,4,2,2025-10-12,340000.0,34,10000.0,POS,Delivered
ORD-378527,BIZ-1025,2,5,2025-10-14,360000.0,36,10000.0,Cash,Delivered
ORD-476536,BIZ-1030,3,4,2025-10-20,178500.0,17,10500.0,POS,Delivered
ORD-408824,BIZ-1017,3,3,2025-10-28,199500.0,21,9500.0,POS,Pending
ORD-637700,BIZ-1007,2,2,2025-10-26,230000.0,23,10000.0,POS,Pending
ORD-181955,BIZ-1020,1,3,2025-10-17,31500.0,3,10500.0,Bank Transfer,Cancelled
ORD-338804,BIZ-1037,4,2,2025-10-24,73500.0,7,10500.0,Bank Transfer,Pending
ORD-174814,BIZ-1036,3,2,2025-10-03,178500.0,17,10500.0,Bank Transfer,Cancelled
ORD-672549,BIZ-1036,2,3,2025-10-11,220500.0,21,10000.0,POS,Cancelled
ORD-306198,BIZ-1006,2,4,2025-10-07,115500.0,11,10500.0,Bank Transfer,Pending
ORD-362168,BIZ-1042,3,3,2025-10-21,20000.0,2,10000.0,Cash,Delivered
ORD-955181,BIZ-1056,4,2,2025-10-10,9500.0,1,9500.0,Bank Transfer,Cancelled
ORD-986516,BIZ-1025,3,2,2025-10-24,274400.0,28,9800.0,POS,Cancelled
ORD-839919,BIZ-1020,4,3,2025-10-09,209000.0,22,9500.0,Bank Transfer,Pending
ORD-244562,BIZ-1025,2,2,2025-10-19,209000.0,22,9500.0,Bank Transfer,Cancelled
ORD-888931,BIZ-1027,1,4,2025-10-30,283500.0,27,10500.0,Bank Transfer,Delivered
ORD-669508,BIZ-1001,3,5,2025-10-22,176400.0,18,9800.0,POS,Pending
ORD-108948,BIZ-1025,1,4,2025-10-28,60000.0,6,10000.0,Bank Transfer,Pending
ORD-395536,BIZ-1021,4,5,2025-10-24,382200.0,39,9800.0,Cash,Delivered
ORD-921169,BIZ-1031,1,4,2025-10-25,98000.0,10,9800.0,Bank Transfer,Pending
ORD-525468,BIZ-1051,2,5,2025-10-30,94500.0,9,10500.0,Cash,Pending
ORD-894617,BIZ-1034,3,4,2025-10-25,294000.0,30,10000.0,POS,Pending
ORD-594932,BIZ-1007,2,5,2025-10-20,180500.0,19,9500.0,Bank Transfer,Delivered
ORD-898134,BIZ-1057,2,2,2025-10-20,333200.0,34,9800.0,Cash,Cancelled
ORD-516814,BIZ-1041,3,4,2025-10-29,235200.0,24,9800.0,POS,Cancelled
ORD-858472,BIZ-1053,4,4,2025-10-07,115500.0,11,10000.0,POS,Cancelled
ORD-597484,BIZ-1046,3,3,2025-10-23,70000.0,7,10000.0,Bank Transfer,Cancelled
ORD-715517,BIZ-1050,4,2,2025-10-08,361000.0,38,9500.0,Cash,Pending
ORD-894423,BIZ-1051,1,2,2025-10-24,52500.0,5,10500.0,POS,Delivered
ORD-953957,BIZ-1011,3,4,2025-10-15,274400.0,28,9800.0,POS,Cancelled
ORD-930382,BIZ-1010,1,2,2025-10-14,313600.0,32,9800.0,Bank Transfer,Cancelled
ORD-986887,BIZ-1016,4,4,2025-10-03,352800.0,36,9800.0,Cash,Pending
ORD-907540,BIZ-1013,4,3,2025-10-06,147000.0,14,10500.0,Bank Transfer,Delivered
ORD-537977,BIZ-1037,4,3,2025-10-29,225400.0,23,9800.0,Bank Transfer,Pending
ORD-571829,BIZ-1048,3,1,2025-10-07,190000.0,19,10000.0,Bank Transfer,Delivered
ORD-131566,BIZ-1061,2,4,2025-10-26,170000.0,17,10000.0,Bank Transfer,Delivered
ORD-705561,BIZ-1031,4,2,2025-10-12,9800.0,1,9800.0,POS,Pending
ORD-420415,BIZ-1000,1,5,2025-10-27,342000.0,36,9500.0,POS,Pending
ORD-110151,BIZ-1055,2,1,2025-10-29,39200.0,4,9800.0,Cash,Pending
ORD-790852,BIZ-1001,3,5,2025-10-15,39200.0,4,9800.0,Bank Transfer,Cancelled
ORD-456329,BIZ-1033,4,3,2025-10-26,140000.0,14,10000.0,POS,Pending
ORD-546399,BIZ-1005,1,2,2025-10-07,190000.0,20,9500.0,Cash,Cancelled
ORD-522962,BIZ-1060,3,4,2025-10-21,313500.0,33,9500.0,Bank Transfer,Cancelled
ORD-824061,BIZ-1030,1,4,2025-10-23,94500.0,9,10500.0,Bank Transfer,Pending
ORD-441919,BIZ-1004,1,5,2025-10-17,68600.0,7,9800.0,Cash,Delivered
ORD-695148,BIZ-1011,1,2,2025-10-18,70000.0,7,10000.0,Bank Transfer,Delivered
ORD-245893,BIZ-1037,2,2,2025-10-24,156800.0,16,9800.0,Bank Transfer,Delivered
ORD-446292,BIZ-1021,3,3,2025-10-05,352800.0,36,9800.0,POS,Delivered
ORD-937965,BIZ-1001,4,4,2025-10-18,264600.0,27,9800.0,Bank Transfer,Cancelled
ORD-737363,BIZ-1018,4,2,2025-10-19,351500.0,37,9500.0,POS,Pending
ORD-509873,BIZ-1050,4,5,2025-10-18,370500.0,39,9500.0,POS,Pending
ORD-314124,BIZ-1039,1,4,2025-10-30,294000.0,28,10500.0,Bank Transfer,Delivered
ORD-166803,BIZ-1036,3,5,2025-10-29,225400.0,23,9800.0,POS,Cancelled
ORD-297487,BIZ-1005,4,4,2025-10-17,66500.0,7,9500.0,Cash,Delivered
ORD-444815,BIZ-1007,2,5,2025-10-15,274400.0,28,9800.0,Bank Transfer,Cancelled
ORD-573469,BIZ-1049,3,2,2025-10-18,350000.0,35,10000.0,Bank Transfer,Pending
ORD-419443,BIZ-1045,3,4,2025-10-20,10000.0,1,10000.0,POS,Delivered
ORD-209380,BIZ-1038,2,5,2025-10-03,400000.0,40,10000.0,Cash,Pending
ORD-286264,BIZ-1031,1,1,2025-10-21,283500.0,27,10500.0,Cash,Pending
ORD-822494,BIZ-1028,1,1,2025-10-01,237500.0,25,9500.0,Cash,Pending
ORD-128142,BIZ-1058,4,1,2025-10-19,58800.0,6,9800.0,POS,Cancelled
ORD-172866,BIZ-1027,1,3,2025-10-06,84000.0,8,10500.0,Bank Transfer,Cancelled
ORD-504639,BIZ-1015,3,2,2025-10-28,241500.0,23,10500.0,POS,Pending
ORD-344359,BIZ-1041,1,4,2025-10-09,262500.0,25,10500.0,Cash,Pending
ORD-649868,BIZ-1017,4,1,2025-10-09,313600.0,32,9800.0,Bank Transfer,Cancelled
ORD-160244,BIZ-1006,2,1,2025-10-03,357000.0,34,10500.0,Bank Transfer,Cancelled
ORD-111583,BIZ-1043,2,3,2025-10-12,88200.0,9,9800.0,Bank Transfer,Pending
ORD-530819,BIZ-1027,4,2,2025-10-06,210000.0,20,10500.0,Cash,Pending
ORD-216123,BIZ-1054,3,5,2025-10-12,137200.0,14,10000.0,POS,Delivered
ORD-538738,BIZ-1060,4,4,2025-10-04,52500.0,5,10500.0,POS,Pending
ORD-172103,BIZ-1011,2,2,2025-10-15,114000.0,12,9500.0,Cash,Cancelled
ORD-316509,BIZ-1010,4,3,2025-10-12,142500.0,15,9500.0,Bank Transfer,Pending
ORD-315667,BIZ-1042,3,5,2025-10-04,178500.0,17,10500.0,Cash,Pending
ORD-957626,BIZ-1044,4,4,2025-10-10,262500.0,25,10500.0,Bank Transfer,Pending
ORD-597842,BIZ-1027,3,4,2025-10-22,352800.0,36,9800.0,Cash,Cancelled
ORD-703027,BIZ-1042,1,1,2025-10-05,157500.0,15,10500.0,POS,Delivered
ORD-716029,BIZ-1011,1,2,2025-10-29,60000.0,6,10000.0,POS,Cancelled
ORD-851589,BIZ-1050,4,4,2025-10-07,78400.0,8,9800.0,Cash,Pending
ORD-388820,BIZ-1021,2,1,2025-10-21,382200.0,39,9800.0,Bank Transfer,Pending
ORD-249623,BIZ-1008,1,4,2025-10-07,42000.0,4,10500.0,Bank Transfer,Cancelled
ORD-964637,BIZ-1020,1,2,2025-10-14,284200.0,29,9800.0,Cash,Pending
ORD-946794,BIZ-1046,3,4,2025-10-12,78400.0,8,9800.0,POS,Delivered
ORD-444867,BIZ-1058,3,3,2025-10-08,304500.0,29,10500.0,Cash,Cancelled
ORD-614807,BIZ-1056,4,5,2025-10-28,290000.0,29,10000.0,POS,Cancelled
ORD-704118,BIZ-1017,2,1,2025-10-14,275500.0,29,10000.0,Bank Transfer,Delivered
ORD-195528,BIZ-1057,3,5,2025-10-02,304000.0,32,9500.0,POS,Pending
ORD-578472,BIZ-1014,2,4,2025-10-09,231000.0,22,10500.0,POS,Cancelled
ORD-983571,BIZ-1044,3,3,2025-10-11,332500.0,35,9500.0,Bank Transfer,Pending
ORD-411897,BIZ-1033,4,2,2025-10-22,140000.0,14,10000.0,Bank Transfer,Pending
ORD-963428,BIZ-1038,1,1,2025-10-12,123500.0,13,9500.0,Cash,Pending
ORD-283633,BIZ-1060,4,1,2025-10-25,284200.0,29,9800.0,Cash,Cancelled
ORD-288301,BIZ-1042,1,3,2025-10-13,210000.0,20,10500.0,POS,Cancelled
ORD-868862,BIZ-1027,1,4,2025-10-27,47500.0,5,9500.0,Cash,Cancelled
ORD-503350,BIZ-1047,3,2,2025-10-13,104500.0,11,9500.0,POS,Delivered
ORD-292355,BIZ-1018,4,3,2025-10-28,304000.0,32,9500.0,Cash,Delivered
ORD-200174,BIZ-1013,4,2,2025-10-21,104500.0,11,9500.0,POS,Delivered
ORD-145785,BIZ-1050,1,4,2025-10-12,256500.0,27,9500.0,Cash,Cancelled
ORD-265603,BIZ-1000,2,4,2025-10-08,340000.0,34,10000.0,Bank Transfer,Pending
ORD-758592,BIZ-1004,1,3,2025-10-09,370500.0,39,9500.0,POS,Delivered
ORD-799040,BIZ-1002,2,1,2025-10-17,390000.0,39,10000.0,POS,Pending
ORD-831952,BIZ-1029,2,3,2025-10-28,323400.0,33,9800.0,Bank Transfer,Cancelled
ORD-327808,BIZ-1039,1,3,2025-10-22,370500.0,39,9500.0,Cash,Cancelled
ORD-531256,BIZ-1010,1,5,2025-10-28,137200.0,14,9800.0,Cash,Delivered
ORD-679677,BIZ-1040,3,2,2025-10-30,290000.0,29,10000.0,Cash,Cancelled
ORD-486643,BIZ-1056,4,3,2025-10-04,50000.0,5,10000.0,Bank Transfer,Delivered
ORD-210335,BIZ-1004,4,4,2025-10-03,117600.0,12,10000.0,Bank Transfer,Cancelled
ORD-917376,BIZ-1032,1,5,2025-10-16,367500.0,35,10500.0,Cash,Pending
ORD-572840,BIZ-1042,2,5,2025-10-10,68600.0,7,10000.0,Bank Transfer,Delivered
ORD-317445,BIZ-1025,1,4,2025-10-05,220500.0,21,10500.0,POS,Delivered
ORD-584617,BIZ-1033,4,5,2025-10-16,10500.0,1,10500.0,POS,Delivered
ORD-769900,BIZ-1041,2,5,2025-10-01,399000.0,38,10500.0,POS,Cancelled
ORD-886155,BIZ-1048,2,4,2025-10-21,294000.0,30,9800.0,POS,Cancelled
ORD-460351,BIZ-1013,3,3,2025-10-14,392000.0,40,9800.0,Cash,Cancelled
ORD-997343,BIZ-1003,3,3,2025-10-23,130000.0,13,10000.0,Cash,Cancelled
ORD-139609,BIZ-1006,1,2,2025-10-06,47500.0,5,9500.0,POS,Pending
ORD-220253,BIZ-1020,4,1,2025-10-01,136500.0,13,10500.0,Cash,Cancelled
ORD-243110,BIZ-1037,4,2,2025-10-22,85500.0,9,9500.0,POS,Pending
ORD-885043,BIZ-1046,2,2,2025-10-10,9800.0,1,9800.0,POS,Delivered
ORD-583767,BIZ-1041,3,2,2025-10-14,110000.0,11,10000.0,Bank Transfer,Pending
ORD-675069,BIZ-1004,1,3,2025-10-03,156800.0,16,9800.0,Cash,Pending
ORD-848244,BIZ-1050,3,5,2025-10-20,9500.0,1,9500.0,Cash,Pending
ORD-247068,BIZ-1053,2,2,2025-10-29,110000.0,11,10000.0,POS,Cancelled
ORD-392701,BIZ-1009,2,2,2025-10-15,19600.0,2,9800.0,Cash,Delivered
ORD-278875,BIZ-1025,4,3,2025-10-26,390000.0,39,10000.0,Cash,Cancelled
ORD-736473,BIZ-1022,4,4,2025-10-26,57000.0,6,9500.0,Cash,Pending
ORD-408433,BIZ-1060,2,4,2025-10-04,171000.0,18,9500.0,Cash,Pending
ORD-877462,BIZ-1051,3,2,2025-10-04,225400.0,23,9800.0,Cash,Delivered
ORD-181354,BIZ-1018,1,5,2025-10-12,210000.0,21,10000.0,Cash,Delivered
ORD-111755,BIZ-1032,1,3,2025-10-21,380000.0,40,9500.0,Bank Transfer,Cancelled
ORD-260952,BIZ-1036,1,5,2025-10-21,47500.0,5,9500.0,Cash,Pending
ORD-286583,BIZ-1041,1,2,2025-10-14,400000.0,40,10000.0,Bank Transfer,Cancelled
ORD-136118,BIZ-1051,4,3,2025-10-07,117600.0,12,10000.0,POS,Pending
ORD-658155,BIZ-1054,1,1,2025-10-27,294000.0,28,10500.0,POS,Pending
ORD-830587,BIZ-1029,4,4,2025-10-07,147000.0,15,9800.0,POS,Pending
ORD-765625,BIZ-1057,1,4,2025-10-02,57000.0,6,9500.0,POS,Delivered
ORD-772149,BIZ-1023,2,1,2025-10-25,196000.0,20,9800.0,Cash,Delivered
ORD-792102,BIZ-1042,1,2,2025-10-20,262500.0,25,10500.0,Cash,Pending
ORD-509593,BIZ-1039,2,1,2025-10-27,127400.0,13,9800.0,Bank Transfer,Pending
ORD-565553,BIZ-1032,2,4,2025-10-21,147000.0,14,10500.0,POS,Cancelled
ORD-104892,BIZ-1007,2,4,2025-10-02,262500.0,25,10500.0,POS,Pending
ORD-904377,BIZ-1044,1,5,2025-10-02,240000.0,24,10000.0,Bank Transfer,Cancelled
ORD-361829,BIZ-1036,4,2,2025-10-07,352800.0,36,9800.0,POS,Pending
ORD-350127,BIZ-1061,4,1,2025-10-12,209000.0,22,9500.0,Bank Transfer,Pending
ORD-116817,BIZ-1056,1,5,2025-10-06,20000.0,2,10000.0,POS,Pending
ORD-115267,BIZ-1018,1,3,2025-10-13,294500.0,31,9500.0,POS,Pending
ORD-301485,BIZ-1058,1,5,2025-10-11,190000.0,19,10000.0,POS,Delivered
ORD-166240,BIZ-1043,2,4,2025-10-21,325500.0,31,10500.0,Cash,Pending
ORD-201295,BIZ-1061,3,4,2025-10-07,78400.0,8,9800.0,POS,Cancelled
ORD-970790,BIZ-1017,1,3,2025-10-24,220000.0,22,10000.0,Bank Transfer,Pending
ORD-859181,BIZ-1008,4,3,2025-10-20,199500.0,19,10500.0,Cash,Pending
ORD-535872,BIZ-1046,4,4,2025-10-06,380000.0,38,10000.0,Cash,Cancelled
ORD-955244,BIZ-1038,3,3,2025-10-16,73500.0,7,10000.0,POS,Delivered
ORD-689356,BIZ-1006,4,4,2025-10-10,60000.0,6,10000.0,Bank Transfer,Delivered
ORD-755017,BIZ-1056,4,4,2025-10-19,140000.0,14,10000.0,Cash,Pending
ORD-668016,BIZ-1025,4,3,2025-10-07,310000.0,31,10000.0,POS,Pending
ORD-548665,BIZ-1041,3,3,2025-10-12,10000.0,1,10000.0,Bank Transfer,Cancelled
ORD-324164,BIZ-1007,4,5,2025-10-04,73500.0,7,10500.0,Cash,Cancelled
ORD-439075,BIZ-1033,2,2,2025-10-04,117600.0,12,9800.0,Cash,Cancelled
ORD-521673,BIZ-1061,3,5,2025-10-06,280000.0,28,10000.0,Cash,Delivered
ORD-112563,BIZ-1061,4,2,2025-10-20,231000.0,22,10500.0,Cash,Pending
ORD-581061,BIZ-1042,1,1,2025-10-12,190000.0,20,9500.0,Bank Transfer,Cancelled
ORD-789922,BIZ-1043,4,2,2025-10-07,266000.0,28,9500.0,Cash,Pending
ORD-781516,BIZ-1057,3,2,2025-10-25,80000.0,8,10000.0,Cash,Delivered
ORD-146073,BIZ-1003,4,3,2025-10-19,160000.0,16,10000.0,POS,Delivered
ORD-329177,BIZ-1014,3,3,2025-10-03,250000.0,25,10000.0,Bank Transfer,Cancelled
ORD-904829,BIZ-1011,4,4,2025-10-13,186200.0,19,9800.0,POS,Pending
ORD-206759,BIZ-1056,2,2,2025-10-18,130000.0,13,10000.0,Bank Transfer,Cancelled
ORD-929696,BIZ-1024,3,2,2025-10-22,57000.0,6,9500.0,Cash,Cancelled
ORD-991777,BIZ-1008,2,4,2025-10-30,388500.0,37,10500.0,POS,Cancelled
ORD-364178,BIZ-1053,2,5,2025-10-18,133000.0,14,9500.0,Bank Transfer,Cancelled
ORD-729006,BIZ-1014,2,3,2025-10-29,336000.0,32,10500.0,Cash,Delivered
ORD-761519,BIZ-1001,2,3,2025-10-10,147000.0,14,10500.0,Bank Transfer,Delivered
ORD-810830,BIZ-1012,1,1,2025-10-21,136500.0,13,10500.0,Cash,Cancelled
ORD-908878,BIZ-1003,2,3,2025-10-28,186200.0,19,9800.0,POS,Cancelled
ORD-448176,BIZ-1016,1,1,2025-10-21,245000.0,25,9800.0,POS,Delivered
ORD-898717,BIZ-1006,1,5,2025-10-06,98000.0,10,9800.0,Cash,Cancelled
ORD-433412,BIZ-1014,4,4,2025-10-27,256500.0,27,9500.0,Cash,Delivered
ORD-798740,BIZ-1001,2,5,2025-10-30,84000.0,8,10500.0,Cash,Pending
ORD-451383,BIZ-1052,1,3,2025-10-15,315000.0,30,10500.0,Bank Transfer,Pending
ORD-713455,BIZ-1055,4,5,2025-10-01,168000.0,16,10500.0,POS,Delivered
ORD-635849,BIZ-1000,4,5,2025-10-14,346500.0,33,10500.0,Cash,Pending
ORD-343715,BIZ-1019,2,2,2025-10-20,400000.0,40,10000.0,Cash,Cancelled
ORD-838857,BIZ-1021,2,2,2025-10-16,215600.0,22,9800.0,Cash,Cancelled
ORD-343904,BIZ-1050,3,2,2025-10-30,300000.0,30,10000.0,Cash,Pending
ORD-895807,BIZ-1020,4,5,2025-10-01,315000.0,30,10500.0,Bank Transfer,Pending
ORD-423851,BIZ-1028,4,3,2025-10-27,95000.0,10,9500.0,Cash,Pending
ORD-549312,BIZ-1015,4,5,2025-10-08,60000.0,6,10000.0,Bank Transfer,Pending
ORD-749871,BIZ-1015,2,3,2025-10-23,57000.0,6,9500.0,Bank Transfer,Cancelled
ORD-244237,BIZ-1005,3,4,2025-10-03,133000.0,14,9500.0,POS,Cancelled
ORD-411023,BIZ-1045,3,3,2025-10-12,30000.0,3,10000.0,Cash,Pending
ORD-494000,BIZ-1061,1,5,2025-10-07,225400.0,23,9800.0,POS,Pending
ORD-139748,BIZ-1023,2,1,2025-10-07,215600.0,22,9800.0,Cash,Delivered
ORD-860541,BIZ-1007,1,2,2025-10-08,215600.0,22,9800.0,Cash,Pending
ORD-565280,BIZ-1024,3,5,2025-10-18,28500.0,3,9500.0,Cash,Delivered
ORD-444656,BIZ-1050,3,4,2025-10-23,351500.0,37,9500.0,POS,Delivered
ORD-432963,BIZ-1044,4,4,2025-10-05,200000.0,20,10000.0,Bank Transfer,Cancelled
ORD-897435,BIZ-1038,2,4,2025-10-20,409500.0,39,10500.0,Bank Transfer,Cancelled
ORD-930241,BIZ-1050,1,3,2025-10-02,70000.0,7,10000.0,Cash,Pending
ORD-779525,BIZ-1010,2,5,2025-10-30,266000.0,28,9500.0,Cash,Pending
ORD-887009,BIZ-1042,4,3,2025-10-25,266000.0,28,9500.0,POS,Delivered
ORD-988075,BIZ-1006,4,3,2025-10-01,189000.0,18,10500.0,POS,Cancelled
ORD-459376,BIZ-1048,3,5,2025-10-22,245000.0,25,9800.0,POS,Delivered
ORD-665509,BIZ-1029,2,5,2025-10-08,252000.0,24,10500.0,Bank Transfer,Cancelled
ORD-797309,BIZ-1040,2,2,2025-10-02,380000.0,40,9500.0,POS,Delivered
ORD-940383,BIZ-1056,1,2,2025-10-30,142500.0,15,9500.0,Cash,Pending
ORD-854452,BIZ-1005,2,5,2025-10-21,180500.0,19,10000.0,Cash,Cancelled
ORD-500016,BIZ-1045,1,2,2025-10-07,168000.0,16,10500.0,Bank Transfer,Pending
ORD-292461,BIZ-1013,3,2,2025-10-16,40000.0,4,10000.0,Bank Transfer,Cancelled
ORD-106336,BIZ-1005,3,5,2025-10-14,262500.0,25,10500.0,Cash,Pending
ORD-615524,BIZ-1019,1,4,2025-10-02,284200.0,29,9800.0,Cash,Pending
ORD-301814,BIZ-1017,1,5,2025-10-03,330000.0,33,10000.0,Cash,Pending
ORD-248407,BIZ-1042,3,2,2025-10-02,196000.0,20,9800.0,Cash,Cancelled
ORD-231660,BIZ-1060,3,4,2025-10-29,170000.0,17,10000.0,POS,Cancelled
ORD-721418,BIZ-1055,4,2,2025-10-03,107800.0,11,9800.0,Cash,Delivered
ORD-933862,BIZ-1036,4,5,2025-10-17,367500.0,35,10500.0,Cash,Pending
ORD-347789,BIZ-1055,1,4,2025-10-28,190000.0,20,9500.0,Bank Transfer,Pending
ORD-546944,BIZ-1056,3,2,2025-10-16,49000.0,5,9800.0,Cash,Cancelled
ORD-426592,BIZ-1047,2,3,2025-10-22,235200.0,24,10000.0,Cash,Cancelled
ORD-307131,BIZ-1039,1,5,2025-10-05,60000.0,6,10000.0,POS,Delivered
ORD-285006,BIZ-1012,2,5,2025-10-08,84000.0,8,10500.0,POS,Cancelled
ORD-417824,BIZ-1025,3,2,2025-10-19,40000.0,4,10000.0,POS,Pending
ORD-570046,BIZ-1026,3,3,2025-10-09,220000.0,22,10000.0,Cash,Pending
ORD-311184,BIZ-1004,1,2,2025-10-30,392000.0,40,9800.0,Bank Transfer,Cancelled
ORD-919240,BIZ-1026,3,4,2025-10-09,150000.0,15,10000.0,POS,Delivered
ORD-477048,BIZ-1042,2,3,2025-10-15,123500.0,13,9500.0,Bank Transfer,Pending
ORD-275915,BIZ-1003,2,2,2025-10-12,88200.0,9,10000.0,Bank Transfer,Cancelled
ORD-543230,BIZ-1026,4,2,2025-10-15,390000.0,39,10000.0,Bank Transfer,Cancelled
ORD-870627,BIZ-1060,3,5,2025-10-16,68600.0,7,9800.0,Bank Transfer,Pending
ORD-263450,BIZ-1005,3,4,2025-10-14,130000.0,13,10000.0,Cash,Cancelled
ORD-932106,BIZ-1059,1,2,2025-10-25,247000.0,26,9500.0,Bank Transfer,Pending
ORD-898940,BIZ-1060,1,4,2025-10-15,230000.0,23,10000.0,Bank Transfer,Pending
ORD-995528,BIZ-1060,1,4,2025-10-12,142500.0,15,9500.0,Cash,Pending
ORD-414815,BIZ-1037,4,4,2025-10-03,10500.0,1,10500.0,POS,Cancelled
ORD-260221,BIZ-1041,4,5,2025-10-18,66500.0,7,9500.0,POS,Cancelled
ORD-284234,BIZ-1036,2,3,2025-10-17,200000.0,20,10000.0,Cash,Cancelled
ORD-586173,BIZ-1048,2,5,2025-10-08,274400.0,28,9800.0,Cash,Delivered
ORD-396983,BIZ-1034,3,2,2025-10-10,352800.0,36,10000.0,Cash,Cancelled
ORD-735463,BIZ-1036,2,2,2025-10-12,390000.0,39,10000.0,Bank Transfer,Pending
ORD-449421,BIZ-1010,3,4,2025-10-15,190000.0,20,9500.0,Cash,Delivered
ORD-592053,BIZ-1051,3,4,2025-10-05,262500.0,25,10500.0,Bank Transfer,Cancelled
ORD-298837,BIZ-1052,1,5,2025-10-06,333200.0,34,9800.0,Bank Transfer,Cancelled
ORD-625021,BIZ-1050,1,3,2025-10-01,84000.0,8,10500.0,POS,Delivered
ORD-492437,BIZ-1044,4,5,2025-10-22,95000.0,10,9500.0,POS,Pending
ORD-536019,BIZ-1026,4,1,2025-10-15,115500.0,11,10500.0,Bank Transfer,Cancelled
ORD-878246,BIZ-1044,4,4,2025-10-29,130000.0,13,10000.0,POS,Delivered
ORD-613331,BIZ-1006,1,2,2025-10-12,10000.0,1,10000.0,POS,Cancelled
ORD-716886,BIZ-1031,1,2,2025-10-10,241500.0,23,10500.0,POS,Cancelled
ORD-140712,BIZ-1035,1,2,2025-10-03,285000.0,30,9500.0,Bank Transfer,Delivered
ORD-230524,BIZ-1053,2,5,2025-10-30,31500.0,3,10500.0,POS,Pending
ORD-693083,BIZ-1015,1,3,2025-10-12,90000.0,9,10000.0,Bank Transfer,Delivered
ORD-900011,BIZ-1054,3,1,2025-10-05,400000.0,40,10000.0,Cash,Delivered
ORD-367657,BIZ-1012,3,2,2025-10-14,30000.0,3,10000.0,POS,Cancelled
ORD-888086,BIZ-1008,4,4,2025-10-24,247000.0,26,9500.0,Cash,Cancelled
ORD-634363,BIZ-1008,1,5,2025-10-22,19600.0,2,9800.0,Bank Transfer,Pending
ORD-765824,BIZ-1006,4,5,2025-10-22,230000.0,23,10000.0,Cash,Pending
ORD-830286,BIZ-1011,3,4,2025-10-21,390000.0,39,10000.0,Cash,Delivered
ORD-504051,BIZ-1037,4,3,2025-10-02,330000.0,33,10000.0,POS,Pending
ORD-871399,BIZ-1026,3,1,2025-10-28,133000.0,14,9500.0,Cash,Cancelled
ORD-600931,BIZ-1060,1,2,2025-10-08,241500.0,23,10500.0,POS,Cancelled
ORD-952624,BIZ-1045,4,5,2025-10-02,336000.0,32,10500.0,Cash,Cancelled
ORD-840880,BIZ-1008,3,2,2025-10-11,392000.0,40,9800.0,Cash,Cancelled
ORD-798011,BIZ-1014,1,2,2025-10-21,42000.0,4,10500.0,POS,Delivered
ORD-374025,BIZ-1017,1,3,2025-10-20,57000.0,6,9500.0,Bank Transfer,Pending
ORD-814149,BIZ-1055,4,4,2025-10-19,310000.0,31,10000.0,POS,Cancelled
ORD-359433,BIZ-1034,3,2,2025-10-05,9800.0,1,9800.0,Cash,Delivered
ORD-794791,BIZ-1029,1,2,2025-10-19,170000.0,17,10000.0,POS,Cancelled
ORD-112936,BIZ-1033,3,4,2025-10-26,190000.0,19,10000.0,Cash,Pending
ORD-196789,BIZ-1061,2,1,2025-10-04,351500.0,37,9500.0,Cash,Pending
ORD-503017,BIZ-1017,2,4,2025-10-20,88200.0,9,9800.0,POS,Pending
ORD-714633,BIZ-1040,3,5,2025-10-12,303800.0,31,9800.0,POS,Delivered
ORD-184251,BIZ-1049,4,4,2025-10-30,94500.0,9,10500.0,POS,Pending
ORD-297995,BIZ-1035,4,5,2025-10-16,346500.0,33,10500.0,Cash,Cancelled
ORD-273878,BIZ-1036,2,2,2025-10-27,98000.0,10,9800.0,Bank Transfer,Cancelled
ORD-365154,BIZ-1048,3,2,2025-10-25,104500.0,11,9500.0,Bank Transfer,Delivered
ORD-624966,BIZ-1033,3,3,2025-10-21,235200.0,24,9800.0,POS,Cancelled
ORD-790472,BIZ-1025,2,3,2025-10-30,231000.0,22,10500.0,Cash,Pending
ORD-714549,BIZ-1049,4,5,2025-10-27,304000.0,32,9500.0,Cash,Cancelled
ORD-531603,BIZ-1000,2,1,2025-10-10,157500.0,15,10500.0,POS,Pending
ORD-862998,BIZ-1032,2,2,2025-10-23,388500.0,37,10500.0,Bank Transfer,Delivered
ORD-214582,BIZ-1024,3,3,2025-10-27,225400.0,23,10000.0,Cash,Pending
ORD-914419,BIZ-1018,4,5,2025-10-20,215600.0,22,9800.0,POS,Cancelled
ORD-953779,BIZ-1015,3,4,2025-10-24,300000.0,30,10000.0,POS,Cancelled
ORD-885100,BIZ-1006,1,3,2025-10-05,199500.0,19,10500.0,Cash,Pending
ORD-884639,BIZ-1020,4,3,2025-10-07,76000.0,8,9500.0,Cash,Pending
ORD-423066,BIZ-1057,4,5,2025-10-12,150000.0,15,10000.0,Cash,Delivered
ORD-276578,BIZ-1046,2,4,2025-10-01,241500.0,23,10500.0,POS,Pending
ORD-101655,BIZ-1005,1,4,2025-10-25,304500.0,29,10500.0,Bank Transfer,Cancelled
ORD-911329,BIZ-1024,1,4,2025-10-03,140000.0,14,10000.0,Bank Transfer,Pending
ORD-650462,BIZ-1026,3,5,2025-10-21,123500.0,13,10000.0,POS,Pending
ORD-402346,BIZ-1051,2,2,2025-10-13,98000.0,10,9800.0,Bank Transfer,Cancelled
ORD-278922,BIZ-1025,2,2,2025-10-22,176400.0,18,10000.0,Cash,Pending
ORD-295454,BIZ-1045,2,3,2025-10-06,256500.0,27,9500.0,POS,Cancelled
ORD-307639,BIZ-1051,3,5,2025-10-22,38000.0,4,9500.0,Bank Transfer,Delivered
ORD-627028,BIZ-1033,3,4,2025-10-15,130000.0,13,10000.0,Cash,Delivered
ORD-572552,BIZ-1004,2,3,2025-10-29,284200.0,29,9800.0,Cash,Cancelled
ORD-322899,BIZ-1042,2,5,2025-10-18,304000.0,32,9500.0,Cash,Pending
ORD-161847,BIZ-1054,2,2,2025-10-06,256500.0,27,9500.0,POS,Delivered
ORD-948485,BIZ-1018,4,3,2025-10-23,247000.0,26,9500.0,Cash,Cancelled
ORD-371950,BIZ-1059,4,2,2025-10-23,254800.0,26,9800.0,Bank Transfer,Cancelled
ORD-528649,BIZ-1007,4,5,2025-10-30,215600.0,22,9800.0,POS,Cancelled
ORD-754753,BIZ-1060,1,5,2025-10-14,47500.0,5,9500.0,Cash,Pending
ORD-767349,BIZ-1055,3,2,2025-10-04,100000.0,10,10000.0,Bank Transfer,Pending
ORD-407364,BIZ-1041,1,4,2025-10-05,205800.0,21,9800.0,POS,Pending
ORD-230738,BIZ-1052,2,2,2025-10-03,300000.0,30,10000.0,Bank Transfer,Delivered
ORD-458772,BIZ-1001,4,5,2025-10-09,245000.0,25,9800.0,Bank Transfer,Cancelled
ORD-346184,BIZ-1023,4,5,2025-10-01,252000.0,24,10500.0,Cash,Cancelled
ORD-805486,BIZ-1048,4,4,2025-10-15,247000.0,26,9500.0,Cash,Pending
ORD-109968,BIZ-1045,3,3,2025-10-23,57000.0,6,10000.0,Cash,Pending
ORD-888318,BIZ-1024,1,5,2025-10-02,228000.0,24,9500.0,Cash,Delivered
ORD-797640,BIZ-1044,2,2,2025-10-29,196000.0,20,9800.0,POS,Delivered
ORD-143892,BIZ-1024,1,2,2025-10-18,280000.0,28,10000.0,POS,Cancelled
ORD-647707,BIZ-1041,2,1,2025-10-03,231000.0,22,10500.0,Cash,Pending
ORD-493914,BIZ-1028,2,4,2025-10-24,241500.0,23,10500.0,Cash,Delivered
ORD-898347,BIZ-1054,2,5,2025-10-19,240000.0,24,10000.0,POS,Cancelled
ORD-609530,BIZ-1002,1,3,2025-10-08,140000.0,14,10000.0,POS,Pending
ORD-453401,BIZ-1010,2,3,2025-10-15,304000.0,32,9500.0,POS,Delivered
ORD-452898,BIZ-1007,2,4,2025-10-19,95000.0,10,10000.0,Cash,Pending
ORD-459742,BIZ-1037,3,5,2025-10-12,160000.0,16,10000.0,Bank Transfer,Pending
ORD-956526,BIZ-1014,4,4,2025-10-30,399000.0,38,10500.0,Bank Transfer,Cancelled
ORD-478756,BIZ-1027,3,5,2025-10-08,38000.0,4,9500.0,POS,Pending
ORD-496818,BIZ-1043,1,5,2025-10-20,315000.0,30,10500.0,POS,Pending
ORD-473323,BIZ-1002,2,3,2025-10-19,152000.0,16,9500.0,Bank Transfer,Delivered
ORD-945435,BIZ-1009,4,5,2025-10-27,230000.0,23,10000.0,Cash,Pending
ORD-579114,BIZ-1061,2,5,2025-10-04,68600.0,7,9800.0,POS,Cancelled
ORD-521326,BIZ-1025,3,3,2025-10-27,320000.0,32,10000.0,POS,Pending
ORD-245608,BIZ-1043,1,5,2025-10-22,252000.0,24,10500.0,Bank Transfer,Delivered
ORD-228864,BIZ-1001,2,5,2025-10-01,100000.0,10,10000.0,POS,Delivered
ORD-393042,BIZ-1023,4,5,2025-10-27,380000.0,38,10000.0,Cash,Pending
ORD-887941,BIZ-1018,4,3,2025-10-29,313500.0,33,9500.0,Bank Transfer,Delivered
ORD-486326,BIZ-1054,3,2,2025-10-25,340000.0,34,10000.0,Cash,Delivered
ORD-819517,BIZ-1010,2,3,2025-10-14,156800.0,16,9800.0,Bank Transfer,Pending
ORD-598282,BIZ-1029,3,1,2025-10-20,21000.0,2,10500.0,Cash,Cancelled
ORD-792299,BIZ-1031,2,3,2025-10-16,275500.0,29,9500.0,POS,Cancelled
ORD-769068,BIZ-1016,2,4,2025-10-06,313600.0,32,9800.0,POS,Pending
ORD-952092,BIZ-1055,3,2,2025-10-29,210000.0,21,10000.0,Cash,Pending
ORD-764563,BIZ-1033,3,4,2025-10-10,252000.0,24,10500.0,Cash,Delivered
ORD-147976,BIZ-1030,3,1,2025-10-11,136500.0,13,10500.0,Bank Transfer,Pending
ORD-871555,BIZ-1052,3,4,2025-10-30,218500.0,23,9500.0,Cash,Cancelled
ORD-565888,BIZ-1059,4,5,2025-10-10,31500.0,3,10500.0,POS,Delivered
ORD-608072,BIZ-1010,1,5,2025-10-08,336000.0,32,10500.0,Cash,Cancelled
ORD-742349,BIZ-1007,1,4,2025-10-13,73500.0,7,10500.0,POS,Pending
ORD-465254,BIZ-1011,4,3,2025-10-24,372400.0,38,9800.0,Cash,Cancelled
ORD-599250,BIZ-1006,1,3,2025-10-13,160000.0,16,10000.0,Cash,Delivered
ORD-998734,BIZ-1025,4,4,2025-10-30,240000.0,24,10000.0,Cash,Delivered
ORD-205335,BIZ-1046,1,2,2025-10-21,294000.0,30,9800.0,Cash,Delivered
ORD-408137,BIZ-1016,2,4,2025-10-23,137200.0,14,9800.0,Bank Transfer,Cancelled
ORD-846525,BIZ-1061,2,2,2025-10-19,9500.0,1,9500.0,Bank Transfer,Cancelled
ORD-645316,BIZ-1036,1,3,2025-10-05,300000.0,30,10000.0,POS,Pending
ORD-922987,BIZ-1020,4,3,2025-10-27,392000.0,40,9800.0,POS,Delivered
ORD-629149,BIZ-1019,4,3,2025-10-26,220500.0,21,10500.0,Bank Transfer,Cancelled
ORD-622112,BIZ-1033,1,4,2025-10-01,171000.0,18,10000.0,POS,Delivered
ORD-415986,BIZ-1029,2,3,2025-10-24,294000.0,30,9800.0,Cash,Cancelled
ORD-675402,BIZ-1035,3,2,2025-10-25,105000.0,10,10500.0,Cash,Delivered
ORD-589478,BIZ-1058,4,5,2025-10-30,264600.0,27,9800.0,POS,Delivered
ORD-567965,BIZ-1029,4,4,2025-10-06,105000.0,10,10500.0,Bank Transfer,Delivered
ORD-605590,BIZ-1037,1,4,2025-10-29,88200.0,9,9800.0,Cash,Cancelled
ORD-352603,BIZ-1022,1,3,2025-10-20,110000.0,11,10000.0,Bank Transfer,Delivered
ORD-278711,BIZ-1021,1,5,2025-10-08,399000.0,38,10500.0,POS,Pending
ORD-791792,BIZ-1005,4,5,2025-10-23,260000.0,26,10000.0,POS,Cancelled
ORD-210592,BIZ-1044,2,2,2025-10-21,189000.0,18,10500.0,Bank Transfer,Pending
ORD-850534,BIZ-1018,2,4,2025-10-14,210000.0,21,10000.0,Bank Transfer,Cancelled
ORD-442360,BIZ-1001,3,2,2025-10-01,70000.0,7,10000.0,Cash,Pending
ORD-903533,BIZ-1034,2,2,2025-10-28,123500.0,13,9500.0,Bank Transfer,Delivered
ORD-854109,BIZ-1043,1,3,2025-10-09,342000.0,36,10000.0,POS,Pending
ORD-599439,BIZ-1000,3,5,2025-10-08,330000.0,33,10000.0,Cash,Delivered
ORD-803176,BIZ-1045,1,2,2025-10-29,178500.0,17,10000.0,Bank Transfer,Delivered
ORD-242350,BIZ-1011,1,2,2025-10-04,166600.0,17,9800.0,Cash,Pending
ORD-764323,BIZ-1021,3,2,2025-10-28,38000.0,4,9500.0,Cash,Delivered
ORD-194835,BIZ-1034,4,4,2025-10-22,343000.0,35,9800.0,Bank Transfer,Delivered
ORD-448967,BIZ-1048,4,5,2025-10-24,346500.0,33,10500.0,Cash,Pending
ORD-703950,BIZ-1014,4,3,2025-10-27,28500.0,3,9500.0,Cash,Delivered
ORD-729858,BIZ-1012,4,3,2025-10-23,343000.0,35,9800.0,Bank Transfer,Cancelled
ORD-459898,BIZ-1016,3,3,2025-10-02,390000.0,39,10000.0,Cash,Cancelled
ORD-852293,BIZ-1034,4,2,2025-10-12,294500.0,31,9500.0,Bank Transfer,Pending
ORD-860247,BIZ-1016,2,3,2025-10-23,95000.0,10,9500.0,POS,Delivered
ORD-773292,BIZ-1047,4,2,2025-10-12,190000.0,20,9500.0,Bank Transfer,Delivered
ORD-997728,BIZ-1017,2,5,2025-10-24,115500.0,11,10500.0,Cash,Pending
ORD-344703,BIZ-1007,4,5,2025-10-14,420000.0,40,10500.0,Bank Transfer,Cancelled
ORD-221309,BIZ-1039,4,4,2025-10-07,380000.0,40,9500.0,Cash,Cancelled
ORD-216793,BIZ-1032,4,5,2025-10-09,142500.0,15,9500.0,POS,Delivered
ORD-876555,BIZ-1061,3,1,2025-10-03,388500.0,37,10500.0,Cash,Delivered
ORD-297296,BIZ-1001,4,4,2025-10-18,209000.0,22,9500.0,Bank Transfer,Cancelled
ORD-221746,BIZ-1014,3,2,2025-10-23,50000.0,5,10000.0,Cash,Cancelled
ORD-233606,BIZ-1010,4,1,2025-10-18,105000.0,10,10500.0,Cash,Pending
ORD-498663,BIZ-1022,2,2,2025-10-26,114000.0,12,9500.0,Bank Transfer,Cancelled
ORD-101760,BIZ-1027,1,5,2025-10-18,168000.0,16,10500.0,Bank Transfer,Pending
ORD-718722,BIZ-1013,1,4,2025-10-10,9800.0,1,9800.0,Cash,Cancelled
ORD-988268,BIZ-1041,2,5,2025-10-17,21000.0,2,10500.0,POS,Delivered
ORD-544280,BIZ-1056,1,5,2025-10-12,98000.0,10,9800.0,POS,Delivered
ORD-482755,BIZ-1037,1,4,2025-10-10,330000.0,33,10000.0,Bank Transfer,Pending
ORD-935259,BIZ-1046,1,5,2025-10-24,252000.0,24,10500.0,Bank Transfer,Pending
ORD-795984,BIZ-1033,2,3,2025-10-04,200000.0,20,10000.0,POS,Delivered
ORD-332932,BIZ-1016,3,2,2025-10-19,218500.0,23,10000.0,POS,Delivered
ORD-109634,BIZ-1009,3,2,2025-10-04,190000.0,20,9500.0,POS,Delivered
ORD-582977,BIZ-1006,2,5,2025-10-17,123500.0,13,10000.0,POS,Cancelled
ORD-955793,BIZ-1009,3,2,2025-10-10,399000.0,38,10500.0,Cash,Cancelled
ORD-977885,BIZ-1039,4,3,2025-10-29,285000.0,30,9500.0,Bank Transfer,Pending
ORD-813011,BIZ-1013,3,5,2025-10-07,19600.0,2,9800.0,Cash,Cancelled
ORD-730682,BIZ-1024,2,1,2025-10-14,275500.0,29,9500.0,Bank Transfer,Pending
ORD-883349,BIZ-1017,2,4,2025-10-09,237500.0,25,9500.0,Cash,Pending
ORD-940215,BIZ-1047,2,2,2025-10-20,343000.0,35,9800.0,Bank Transfer,Pending
ORD-136012,BIZ-1056,3,3,2025-10-25,250000.0,25,10000.0,Cash,Pending
ORD-423896,BIZ-1013,3,4,2025-10-18,315000.0,30,10500.0,Cash,Pending
ORD-822049,BIZ-1010,2,3,2025-10-16,150000.0,15,10000.0,POS,Cancelled
ORD-988845,BIZ-1028,4,2,2025-10-04,142500.0,15,9500.0,Bank Transfer,Delivered
ORD-601515,BIZ-1003,2,3,2025-10-22,147000.0,15,10000.0,POS,Cancelled
ORD-326183,BIZ-1054,4,5,2025-10-19,290000.0,29,10000.0,Cash,Delivered
ORD-838344,BIZ-1031,2,4,2025-10-15,10000.0,1,10000.0,POS,Pending
ORD-161669,BIZ-1016,3,4,2025-10-29,284200.0,29,9800.0,Cash,Pending
ORD-449327,BIZ-1027,2,2,2025-10-30,20000.0,2,10000.0,Cash,Delivered
ORD-851583,BIZ-1035,2,3,2025-10-05,300000.0,30,10000.0,Cash,Delivered
ORD-868247,BIZ-1034,3,3,2025-10-07,66500.0,7,10000.0,POS,Pending
ORD-336004,BIZ-1046,4,5,2025-10-29,260000.0,26,10000.0,Cash,Cancelled
ORD-155119,BIZ-1054,2,1,2025-10-22,241500.0,23,10500.0,Bank Transfer,Cancelled
ORD-913735,BIZ-1028,1,2,2025-10-28,388500.0,37,10500.0,Cash,Cancelled
ORD-611185,BIZ-1038,2,5,2025-10-06,362600.0,37,9800.0,Cash,Cancelled
ORD-413630,BIZ-1031,3,5,2025-10-22,19600.0,2,9800.0,POS,Pending
ORD-791274,BIZ-1040,4,1,2025-10-30,340000.0,34,10000.0,Cash,Pending
ORD-266926,BIZ-1048,4,1,2025-10-28,372400.0,38,9800.0,Bank Transfer,Cancelled
ORD-674559,BIZ-1056,4,1,2025-10-30,94500.0,9,10500.0,POS,Pending
ORD-542957,BIZ-1000,4,5,2025-10-12,304500.0,29,10500.0,Cash,Delivered
ORD-465226,BIZ-1047,1,3,2025-10-21,147000.0,14,10500.0,Bank Transfer,Pending
ORD-510059,BIZ-1042,4,4,2025-10-23,294000.0,30,9800.0,POS,Delivered
ORD-862057,BIZ-1027,1,5,2025-10-03,42000.0,4,10500.0,Bank Transfer,Delivered
ORD-830203,BIZ-1032,1,2,2025-10-09,378000.0,36,10500.0,POS,Delivered
ORD-835165,BIZ-1014,2,2,2025-10-28,264600.0,27,9800.0,Bank Transfer,Delivered
ORD-512900,BIZ-1051,3,2,2025-10-26,127400.0,13,9800.0,Bank Transfer,Cancelled
ORD-439128,BIZ-1050,2,5,2025-10-03,372400.0,38,9800.0,Cash,Delivered
ORD-708576,BIZ-1042,4,5,2025-10-23,247000.0,26,9500.0,POS,Delivered
ORD-156752,BIZ-1035,2,2,2025-10-26,10500.0,1,10500.0,Bank Transfer,Pending
ORD-844056,BIZ-1014,2,1,2025-10-26,304500.0,29,10500.0,POS,Pending
ORD-786433,BIZ-1016,2,2,2025-10-10,58800.0,6,10000.0,Cash,Cancelled
ORD-244243,BIZ-1036,4,5,2025-10-05,38000.0,4,9500.0,Cash,Cancelled
ORD-605876,BIZ-1052,2,3,2025-10-14,360000.0,36,10000.0,Cash,Delivered
ORD-251857,BIZ-1050,3,5,2025-10-09,66500.0,7,9500.0,Bank Transfer,Pending
ORD-943430,BIZ-1050,1,4,2025-10-07,230000.0,23,10000.0,Cash,Delivered
ORD-871037,BIZ-1027,2,2,2025-10-23,304500.0,29,10500.0,Cash,Pending
ORD-479821,BIZ-1052,4,3,2025-10-20,21000.0,2,10500.0,POS,Pending
ORD-703646,BIZ-1033,3,2,2025-10-22,19600.0,2,9800.0,POS,Cancelled
ORD-923655,BIZ-1024,3,2,2025-10-04,88200.0,9,9800.0,Bank Transfer,Pending
ORD-254775,BIZ-1032,2,3,2025-10-30,28500.0,3,9500.0,Cash,Delivered
ORD-547858,BIZ-1025,4,3,2025-10-12,372400.0,38,9800.0,Bank Transfer,Cancelled
ORD-276394,BIZ-1030,3,5,2025-10-21,313600.0,32,9800.0,Bank Transfer,Pending
ORD-200713,BIZ-1016,4,2,2025-10-28,370000.0,37,10000.0,POS,Delivered
ORD-596894,BIZ-1006,2,5,2025-10-11,325500.0,31,10500.0,Bank Transfer,Pending
ORD-155021,BIZ-1033,1,2,2025-10-06,9800.0,1,9800.0,POS,Cancelled
ORD-640472,BIZ-1010,4,4,2025-10-04,313500.0,33,9500.0,Bank Transfer,Pending
ORD-722217,BIZ-1046,1,3,2025-10-20,57000.0,6,10000.0,Cash,Pending
ORD-255785,BIZ-1058,3,2,2025-10-14,58800.0,6,9800.0,POS,Delivered
ORD-523618,BIZ-1050,4,5,2025-10-19,9500.0,1,9500.0,Cash,Pending
ORD-224573,BIZ-1061,4,5,2025-10-08,171000.0,18,9500.0,POS,Pending
ORD-612361,BIZ-1037,3,4,2025-10-08,392000.0,40,9800.0,Cash,Pending
ORD-725114,BIZ-1046,4,5,2025-10-10,264600.0,27,9800.0,POS,Cancelled
ORD-784507,BIZ-1023,2,2,2025-10-29,19000.0,2,9500.0,Cash,Cancelled
ORD-913537,BIZ-1044,2,5,2025-10-23,388500.0,37,10500.0,Bank Transfer,Delivered
ORD-933958,BIZ-1041,3,3,2025-10-21,157500.0,15,10500.0,POS,Pending
ORD-193964,BIZ-1052,1,4,2025-10-21,186200.0,19,9800.0,POS,Pending
ORD-957939,BIZ-1008,1,2,2025-10-24,346500.0,33,10500.0,POS,Cancelled
ORD-388584,BIZ-1055,3,3,2025-10-20,147000.0,14,10500.0,Bank Transfer,Delivered
ORD-566740,BIZ-1003,4,2,2025-10-19,170000.0,17,10000.0,Bank Transfer,Delivered
ORD-225829,BIZ-1004,3,5,2025-10-12,273000.0,26,10500.0,POS,Cancelled
ORD-227980,BIZ-1018,3,3,2025-10-04,350000.0,35,10000.0,Bank Transfer,Delivered
ORD-801279,BIZ-1029,3,3,2025-10-15,228000.0,24,9500.0,Cash,Cancelled
ORD-335861,BIZ-1007,3,2,2025-10-28,303800.0,31,9800.0,Cash,Delivered
ORD-700815,BIZ-1030,3,4,2025-10-01,362600.0,37,9800.0,POS,Delivered
ORD-602790,BIZ-1021,1,2,2025-10-30,360000.0,36,10000.0,Bank Transfer,Cancelled
ORD-881565,BIZ-1030,3,5,2025-10-09,105000.0,10,10500.0,POS,Cancelled
ORD-721678,BIZ-1008,2,2,2025-10-03,136500.0,13,10500.0,POS,Delivered
ORD-607711,BIZ-1050,2,4,2025-10-06,220000.0,22,10000.0,Bank Transfer,Pending
ORD-836873,BIZ-1038,3,5,2025-10-30,147000.0,14,10500.0,POS,Delivered
ORD-699180,BIZ-1036,2,3,2025-10-14,21000.0,2,10500.0,Cash,Cancelled
ORD-441027,BIZ-1037,1,5,2025-10-04,80000.0,8,10000.0,POS,Pending
ORD-933853,BIZ-1040,1,3,2025-10-02,168000.0,16,10500.0,Bank Transfer,Pending
ORD-525019,BIZ-1010,1,4,2025-10-17,370500.0,39,9500.0,Bank Transfer,Pending
ORD-120705,BIZ-1051,4,2,2025-10-25,388500.0,37,10500.0,POS,Pending
ORD-957171,BIZ-1012,1,5,2025-10-12,315000.0,30,10500.0,Cash,Delivered
ORD-951649,BIZ-1000,2,5,2025-10-17,196000.0,20,9800.0,POS,Pending
ORD-167037,BIZ-1036,1,3,2025-10-16,357000.0,34,10500.0,Cash,Pending
ORD-713124,BIZ-1035,4,5,2025-10-16,80000.0,8,10000.0,Bank Transfer,Cancelled
ORD-958602,BIZ-1052,3,2,2025-10-17,29400.0,3,9800.0,Cash,Cancelled
ORD-230117,BIZ-1059,1,1,2025-10-24,20000.0,2,10000.0,Cash,Cancelled
ORD-317541,BIZ-1059,3,4,2025-10-23,256500.0,27,9500.0,POS,Pending
ORD-223025,BIZ-1021,4,5,2025-10-29,9500.0,1,10000.0,Cash,Delivered
ORD-728204,BIZ-1038,1,5,2025-10-06,325500.0,31,10500.0,Bank Transfer,Pending
ORD-105582,BIZ-1022,1,5,2025-10-21,245000.0,25,9800.0,Cash,Cancelled
ORD-939398,BIZ-1060,1,3,2025-10-17,95000.0,10,9500.0,POS,Delivered
ORD-141044,BIZ-1005,2,4,2025-10-10,38000.0,4,9500.0,Bank Transfer,Cancelled
ORD-316247,BIZ-1043,4,2,2025-10-04,215600.0,22,9800.0,Bank Transfer,Cancelled
ORD-192086,BIZ-1043,1,2,2025-10-20,84000.0,8,10500.0,Cash,Pending
ORD-992810,BIZ-1009,4,5,2025-10-17,50000.0,5,10000.0,Cash,Cancelled
ORD-188720,BIZ-1006,3,5,2025-10-23,9500.0,1,9500.0,Bank Transfer,Cancelled
ORD-630734,BIZ-1030,2,5,2025-10-30,147000.0,15,9800.0,Cash,Pending
ORD-670873,BIZ-1035,1,5,2025-10-09,107800.0,11,9800.0,POS,Pending
ORD-790130,BIZ-1017,4,4,2025-10-06,283500.0,27,10500.0,Cash,Delivered
ORD-415201,BIZ-1018,1,2,2025-10-01,370500.0,39,9500.0,Cash,Delivered
ORD-644675,BIZ-1002,1,3,2025-10-02,210000.0,20,10500.0,Cash,Delivered
ORD-407648,BIZ-1057,1,4,2025-10-28,29400.0,3,9800.0,POS,Delivered
ORD-566532,BIZ-1056,2,3,2025-10-20,42000.0,4,10500.0,Cash,Delivered
ORD-614266,BIZ-1011,1,3,2025-10-05,200000.0,20,10000.0,POS,Pending
ORD-648055,BIZ-1007,2,5,2025-10-21,160000.0,16,10000.0,POS,Delivered
ORD-469221,BIZ-1058,1,4,2025-10-28,186200.0,19,10000.0,Cash,Cancelled
ORD-635392,BIZ-1008,3,1,2025-10-19,313600.0,32,9800.0,Cash,Pending
ORD-203818,BIZ-1060,1,5,2025-10-07,176400.0,18,9800.0,Bank Transfer,Cancelled
ORD-146908,BIZ-1010,3,5,2025-10-20,388500.0,37,10500.0,Cash,Delivered
ORD-297209,BIZ-1058,2,2,2025-10-08,372400.0,38,9800.0,POS,Pending
ORD-997670,BIZ-1042,2,3,2025-10-05,352800.0,36,9800.0,Bank Transfer,Delivered
ORD-240727,BIZ-1037,1,2,2025-10-25,313500.0,33,9500.0,Bank Transfer,Pending
ORD-326534,BIZ-1023,2,2,2025-10-19,150000.0,15,10000.0,POS,Cancelled
ORD-390870,BIZ-1040,1,2,2025-10-18,133000.0,14,9500.0,Cash,Pending
ORD-752542,BIZ-1043,1,5,2025-10-04,68600.0,7,9800.0,Cash,Pending
ORD-676558,BIZ-1051,1,3,2025-10-13,20000.0,2,10000.0,Bank Transfer,Delivered
ORD-500327,BIZ-1004,2,4,2025-10-08,156800.0,16,9800.0,Cash,Delivered
ORD-271252,BIZ-1001,1,2,2025-10-20,247000.0,26,9500.0,Bank Transfer,Pending
ORD-187298,BIZ-1044,4,4,2025-10-13,66500.0,7,9500.0,Cash,Pending
ORD-809388,BIZ-1002,3,5,2025-10-29,220500.0,21,10500.0,POS,Cancelled
ORD-828252,BIZ-1051,1,2,2025-10-13,40000.0,4,10000.0,POS,Cancelled
ORD-313660,BIZ-1048,4,5,2025-10-05,200000.0,20,10000.0,Bank Transfer,Delivered
ORD-868265,BIZ-1043,2,5,2025-10-03,372400.0,38,9800.0,Bank Transfer,Delivered
ORD-763874,BIZ-1040,3,3,2025-10-09,205800.0,21,9800.0,POS,Delivered
ORD-301984,BIZ-1007,1,5,2025-10-21,361000.0,38,9500.0,Bank Transfer,Pending
ORD-691021,BIZ-1012,2,4,2025-10-22,150000.0,15,10000.0,POS,Cancelled
ORD-960365,BIZ-1032,2,3,2025-10-20,294500.0,31,9500.0,Cash,Pending
ORD-272011,BIZ-1014,4,3,2025-10-16,304000.0,32,9500.0,Bank Transfer,Delivered
ORD-260947,BIZ-1012,2,3,2025-10-13,323400.0,33,9800.0,Bank Transfer,Delivered
ORD-926051,BIZ-1060,4,2,2025-10-10,266000.0,28,9500.0,Bank Transfer,Cancelled
ORD-127168,BIZ-1003,4,2,2025-10-14,350000.0,35,10000.0,Cash,Delivered
ORD-359520,BIZ-1038,4,3,2025-10-29,9500.0,1,9500.0,Bank Transfer,Pending
ORD-230674,BIZ-1041,1,4,2025-10-03,30000.0,3,10000.0,Cash,Cancelled
ORD-817204,BIZ-1040,2,3,2025-10-16,378000.0,36,10500.0,POS,Pending
ORD-169163,BIZ-1056,2,2,2025-10-17,285000.0,30,9500.0,POS,Delivered
ORD-193296,BIZ-1050,3,4,2025-10-10,266000.0,28,9500.0,Bank Transfer,Delivered
ORD-449718,BIZ-1007,4,4,2025-10-11,60000.0,6,10000.0,Bank Transfer,Cancelled
ORD-253437,BIZ-1045,4,4,2025-10-24,137200.0,14,9800.0,POS,Cancelled
ORD-336732,BIZ-1059,2,3,2025-10-27,133000.0,14,9500.0,POS,Delivered
ORD-202704,BIZ-1027,3,3,2025-10-09,245000.0,25,9800.0,POS,Pending
ORD-333020,BIZ-1003,3,5,2025-10-12,350000.0,35,10000.0,Cash,Cancelled
ORD-210103,BIZ-1020,3,3,2025-10-12,30000.0,3,10000.0,Cash,Pending
ORD-229502,BIZ-1031,4,3,2025-10-24,352800.0,36,9800.0,Bank Transfer,Cancelled
ORD-863706,BIZ-1056,4,2,2025-10-06,28500.0,3,10000.0,POS,Pending
ORD-717429,BIZ-1055,3,5,2025-10-27,104500.0,11,9500.0,Cash,Delivered
ORD-613402,BIZ-1008,1,5,2025-10-25,136500.0,13,10500.0,Cash,Pending
ORD-465848,BIZ-1042,1,4,2025-10-03,21000.0,2,10500.0,POS,Delivered
ORD-395694,BIZ-1002,4,5,2025-10-22,42000.0,4,10500.0,Bank Transfer,Cancelled
ORD-736975,BIZ-1032,2,2,2025-10-17,170000.0,17,10000.0,Cash,Pending
ORD-150293,BIZ-1027,4,3,2025-10-03,60000.0,6,10000.0,Cash,Cancelled
ORD-888395,BIZ-1057,4,3,2025-10-06,31500.0,3,10500.0,Cash,Pending
ORD-461940,BIZ-1040,4,4,2025-10-12,50000.0,5,10000.0,Bank Transfer,Pending
ORD-810737,BIZ-1014,4,4,2025-10-25,200000.0,20,10000.0,Cash,Cancelled
ORD-657509,BIZ-1008,4,2,2025-10-30,390000.0,39,10000.0,Cash,Delivered
ORD-990901,BIZ-1046,4,2,2025-10-17,57000.0,6,9500.0,POS,Delivered
ORD-721082,BIZ-1048,1,5,2025-10-13,19000.0,2,9500.0,POS,Pending
ORD-109958,BIZ-1009,1,2,2025-10-04,280000.0,28,10000.0,Cash,Cancelled
ORD-847868,BIZ-1044,1,4,2025-10-21,325500.0,31,10500.0,POS,Delivered
ORD-232506,BIZ-1015,4,3,2025-10-05,73500.0,7,10500.0,Bank Transfer,Cancelled
ORD-695130,BIZ-1044,3,5,2025-10-05,115500.0,11,10500.0,Cash,Cancelled
ORD-155432,BIZ-1057,3,4,2025-10-23,303800.0,31,9800.0,Bank Transfer,Pending
ORD-770242,BIZ-1048,2,5,2025-10-28,39200.0,4,9800.0,Cash,Pending
ORD-841870,BIZ-1053,2,5,2025-10-30,19000.0,2,9500.0,POS,Delivered
ORD-811160,BIZ-1030,1,3,2025-10-24,313500.0,33,9500.0,Cash,Cancelled
ORD-841119,BIZ-1034,4,2,2025-10-19,294000.0,30,9800.0,Cash,Pending
ORD-560282,BIZ-1016,1,4,2025-10-14,73500.0,7,10500.0,Bank Transfer,Pending
ORD-937255,BIZ-1025,3,4,2025-10-30,156800.0,16,9800.0,Bank Transfer,Cancelled
ORD-400752,BIZ-1029,1,5,2025-10-15,60000.0,6,10000.0,Bank Transfer,Cancelled
ORD-548544,BIZ-1047,3,3,2025-10-09,196000.0,20,9800.0,POS,Cancelled
ORD-853367,BIZ-1029,4,3,2025-10-16,171000.0,18,9500.0,Cash,Pending
ORD-953565,BIZ-1012,1,3,2025-10-27,283500.0,27,10500.0,POS,Delivered
ORD-766511,BIZ-1015,4,2,2025-10-07,218500.0,23,9500.0,Bank Transfer,Pending
ORD-420509,BIZ-1015,2,3,2025-10-26,105000.0,10,10500.0,Bank Transfer,Delivered
ORD-427928,BIZ-1008,1,4,2025-10-13,107800.0,11,9800.0,Bank Transfer,Delivered
ORD-765506,BIZ-1053,2,3,2025-10-26,180500.0,19,9500.0,POS,Pending
ORD-865411,BIZ-1050,1,1,2025-10-03,275500.0,29,9500.0,Bank Transfer,Cancelled
ORD-198181,BIZ-1041,2,4,2025-10-08,228000.0,24,9500.0,POS,Cancelled
ORD-160200,BIZ-1014,2,4,2025-10-05,104500.0,11,9500.0,Cash,Pending
ORD-399736,BIZ-1035,3,1,2025-10-03,266000.0,28,9500.0,Bank Transfer,Cancelled
ORD-616791,BIZ-1047,2,5,2025-10-17,94500.0,9,10500.0,Cash,Cancelled
ORD-111214,BIZ-1024,4,1,2025-10-25,380000.0,40,9500.0,Cash,Delivered
ORD-544579,BIZ-1021,4,3,2025-10-29,205800.0,21,9800.0,POS,Pending
ORD-866296,BIZ-1002,2,5,2025-10-21,360000.0,36,10000.0,Bank Transfer,Delivered
ORD-621986,BIZ-1050,2,2,2025-10-05,98000.0,10,9800.0,Cash,Cancelled
ORD-809649,BIZ-1047,1,4,2025-10-16,367500.0,35,10500.0,Bank Transfer,Pending
ORD-831782,BIZ-1023,3,5,2025-10-27,168000.0,16,10500.0,Cash,Delivered
ORD-114575,BIZ-1013,3,4,2025-10-04,142500.0,15,9500.0,POS,Delivered
ORD-971783,BIZ-1028,3,5,2025-10-19,262500.0,25,10500.0,Bank Transfer,Cancelled
ORD-848851,BIZ-1001,3,3,2025-10-23,168000.0,16,10500.0,Bank Transfer,Delivered
ORD-660280,BIZ-1036,3,4,2025-10-13,178500.0,17,10500.0,Bank Transfer,Cancelled
ORD-356089,BIZ-1027,2,3,2025-10-23,392000.0,40,9800.0,POS,Cancelled
ORD-793291,BIZ-1009,2,3,2025-10-30,382200.0,39,9800.0,Cash,Cancelled
ORD-963359,BIZ-1003,2,4,2025-10-29,352800.0,36,10000.0,Bank Transfer,Delivered
ORD-653764,BIZ-1053,2,4,2025-10-30,161500.0,17,9500.0,Bank Transfer,Delivered
ORD-144413,BIZ-1024,3,4,2025-10-21,323000.0,34,9500.0,Cash,Delivered
ORD-276718,BIZ-1058,1,1,2025-10-19,209000.0,22,9500.0,Cash,Cancelled
ORD-900808,BIZ-1059,3,5,2025-10-21,84000.0,8,10500.0,Cash,Pending
ORD-336001,BIZ-1043,4,4,2025-10-16,30000.0,3,10000.0,POS,Cancelled
ORD-484880,BIZ-1006,4,3,2025-10-06,171000.0,18,9500.0,Bank Transfer,Pending
ORD-638637,BIZ-1049,1,4,2025-10-26,346500.0,33,10500.0,Bank Transfer,Delivered
ORD-153379,BIZ-1055,2,3,2025-10-11,70000.0,7,10000.0,Cash,Pending
ORD-497509,BIZ-1056,1,3,2025-10-13,303800.0,31,9800.0,Cash,Cancelled
ORD-218733,BIZ-1061,3,3,2025-10-06,310000.0,31,10000.0,POS,Pending
ORD-812049,BIZ-1035,1,3,2025-10-11,19600.0,2,9800.0,Cash,Pending
ORD-665307,BIZ-1032,3,2,2025-10-08,420000.0,40,10500.0,Bank Transfer,Cancelled
ORD-999474,BIZ-1056,4,5,2025-10-26,68600.0,7,9800.0,Bank Transfer,Delivered
ORD-413710,BIZ-1025,3,4,2025-10-04,260000.0,26,10000.0,Cash,Delivered
ORD-377611,BIZ-1036,4,3,2025-10-15,147000.0,15,9800.0,Cash,Delivered
ORD-873876,BIZ-1004,2,3,2025-10-07,47500.0,5,9500.0,Cash,Delivered
ORD-512742,BIZ-1007,3,4,2025-10-19,57000.0,6,9500.0,POS,Cancelled
ORD-419626,BIZ-1032,2,3,2025-10-07,260000.0,26,10000.0,Bank Transfer,Delivered
ORD-774206,BIZ-1014,4,4,2025-10-28,205800.0,21,9800.0,Cash,Pending
ORD-137150,BIZ-1007,2,3,2025-10-16,19000.0,2,9500.0,Cash,Cancelled
ORD-747756,BIZ-1049,2,3,2025-10-29,273000.0,26,10500.0,POS,Cancelled
ORD-160289,BIZ-1060,2,4,2025-10-26,380000.0,38,10000.0,Cash,Delivered
ORD-745430,BIZ-1015,3,4,2025-10-11,168000.0,16,10500.0,Bank Transfer,Pending
ORD-412843,BIZ-1023,3,3,2025-10-14,285000.0,30,10000.0,Cash,Delivered
ORD-105404,BIZ-1029,2,2,2025-10-11,310000.0,31,10000.0,Bank Transfer,Delivered
ORD-857526,BIZ-1006,3,4,2025-10-11,275500.0,29,9500.0,Cash,Delivered
ORD-471754,BIZ-1038,3,4,2025-10-06,388500.0,37,10500.0,Cash,Cancelled
ORD-551730,BIZ-1047,3,5,2025-10-01,19600.0,2,9800.0,Cash,Pending
ORD-188860,BIZ-1015,2,3,2025-10-15,60000.0,6,10000.0,Cash,Pending
ORD-261177,BIZ-1045,1,5,2025-10-16,147000.0,15,9800.0,POS,Cancelled
ORD-611088,BIZ-1011,2,2,2025-10-13,270000.0,27,10000.0,Bank Transfer,Cancelled
ORD-906824,BIZ-1004,3,2,2025-10-01,73500.0,7,10500.0,POS,Delivered
ORD-337078,BIZ-1023,3,4,2025-10-20,235200.0,24,9800.0,Cash,Cancelled
ORD-492491,BIZ-1038,4,3,2025-10-15,372400.0,38,9800.0,Cash,Delivered
ORD-549148,BIZ-1055,4,3,2025-10-09,237500.0,25,9500.0,Bank Transfer,Delivered
ORD-662484,BIZ-1058,2,3,2025-10-27,294000.0,30,9800.0,POS,Delivered
ORD-213974,BIZ-1017,1,2,2025-10-25,189000.0,18,10000.0,POS,Cancelled
ORD-788159,BIZ-1006,2,2,2025-10-30,241500.0,23,10000.0,POS,Delivered
ORD-269695,BIZ-1030,4,4,2025-10-26,325500.0,31,10500.0,Cash,Cancelled
ORD-883381,BIZ-1055,2,2,2025-10-05,58800.0,6,9800.0,Bank Transfer,Pending
ORD-476687,BIZ-1044,4,4,2025-10-14,409500.0,39,10500.0,Cash,Delivered
ORD-843670,BIZ-1050,3,3,2025-10-27,240000.0,24,10000.0,Bank Transfer,Pending
ORD-298775,BIZ-1035,3,4,2025-10-06,294000.0,30,9800.0,Cash,Delivered
ORD-240173,BIZ-1041,4,2,2025-10-09,209000.0,22,9500.0,Cash,Pending
ORD-880060,BIZ-1007,4,2,2025-10-12,260000.0,26,10000.0,POS,Cancelled
ORD-133141,BIZ-1042,3,1,2025-10-10,409500.0,39,10500.0,Cash,Cancelled
ORD-308658,BIZ-1041,4,1,2025-10-05,210000.0,21,10000.0,Bank Transfer,Cancelled
ORD-797557,BIZ-1021,1,3,2025-10-29,160000.0,16,10000.0,POS,Delivered
ORD-224562,BIZ-1003,4,2,2025-10-30,367500.0,35,10500.0,Cash,Pending
ORD-676846,BIZ-1010,2,4,2025-10-13,85500.0,9,9500.0,POS,Delivered
ORD-814852,BIZ-1058,3,4,2025-10-15,237500.0,25,10000.0,POS,Delivered
ORD-440669,BIZ-1041,3,5,2025-10-22,76000.0,8,9500.0,Cash,Delivered
ORD-918243,BIZ-1036,4,2,2025-10-23,256500.0,27,9500.0,POS,Pending
ORD-626236,BIZ-1027,1,4,2025-10-27,161500.0,17,10000.0,Bank Transfer,Delivered
ORD-877931,BIZ-1052,1,5,2025-10-22,39200.0,4,9800.0,POS,Pending
ORD-507737,BIZ-1012,4,3,2025-10-26,351500.0,37,9500.0,Bank Transfer,Delivered
ORD-213119,BIZ-1006,3,5,2025-10-04,133000.0,14,9500.0,POS,Pending
ORD-232250,BIZ-1016,4,3,2025-10-24,323000.0,34,9500.0,POS,Delivered
ORD-624288,BIZ-1011,2,3,2025-10-05,270000.0,27,10000.0,Bank Transfer,Cancelled
ORD-817684,BIZ-1017,3,2,2025-10-01,88200.0,9,9800.0,Bank Transfer,Delivered
ORD-811259,BIZ-1026,3,3,2025-10-08,264600.0,27,9800.0,Cash,Delivered
ORD-550536,BIZ-1040,3,2,2025-10-25,325500.0,31,10500.0,Bank Transfer,Delivered
ORD-873253,BIZ-1047,2,4,2025-10-30,136500.0,13,10000.0,POS,Cancelled
ORD-603518,BIZ-1045,4,2,2025-10-01,274400.0,28,9800.0,Cash,Cancelled
ORD-609533,BIZ-1031,4,3,2025-10-09,380000.0,40,9500.0,Cash,Pending
ORD-549788,BIZ-1013,1,2,2025-10-03,9800.0,1,9800.0,POS,Cancelled
ORD-259903,BIZ-1044,1,5,2025-10-08,49000.0,5,9800.0,Bank Transfer,Cancelled
ORD-295937,BIZ-1037,4,1,2025-10-22,105000.0,10,10500.0,Bank Transfer,Pending
ORD-903972,BIZ-1034,4,5,2025-10-08,382200.0,39,9800.0,POS,Cancelled
ORD-376331,BIZ-1037,1,2,2025-10-04,370000.0,37,10000.0,Cash,Delivered
ORD-359369,BIZ-1002,2,5,2025-10-30,420000.0,40,10500.0,Cash,Cancelled
ORD-550005,BIZ-1018,1,1,2025-10-20,340000.0,34,10000.0,POS,Cancelled
ORD-840777,BIZ-1058,3,4,2025-10-06,367500.0,35,10500.0,Bank Transfer,Pending
ORD-208071,BIZ-1051,3,3,2025-10-24,147000.0,15,9800.0,Cash,Delivered
ORD-626735,BIZ-1012,2,3,2025-10-22,370500.0,39,9500.0,Cash,Delivered
ORD-297833,BIZ-1055,2,4,2025-10-19,220000.0,22,10000.0,POS,Pending
ORD-719914,BIZ-1031,4,1,2025-10-30,115500.0,11,10500.0,Bank Transfer,Pending
ORD-255950,BIZ-1040,1,4,2025-10-19,351500.0,37,9500.0,POS,Cancelled
ORD-238722,BIZ-1001,1,3,2025-10-07,189000.0,18,10500.0,Bank Transfer,Delivered
ORD-387164,BIZ-1013,4,3,2025-10-13,264600.0,27,9800.0,POS,Delivered
ORD-253311,BIZ-1010,1,5,2025-10-30,137200.0,14,9800.0,POS,Pending
ORD-746412,BIZ-1032,1,5,2025-10-13,47500.0,5,9500.0,Cash,Cancelled
ORD-153430,BIZ-1056,4,2,2025-10-06,420000.0,40,10500.0,POS,Pending
ORD-650472,BIZ-1012,2,3,2025-10-12,362600.0,37,9800.0,POS,Pending
ORD-764073,BIZ-1028,1,5,2025-10-10,218500.0,23,9500.0,POS,Pending
ORD-332548,BIZ-1050,3,4,2025-10-30,171000.0,18,10000.0,Cash,Cancelled
ORD-602472,BIZ-1023,4,4,2025-10-11,147000.0,14,10500.0,Bank Transfer,Cancelled
ORD-547818,BIZ-1060,1,1,2025-10-02,357000.0,34,10500.0,Cash,Cancelled
ORD-419071,BIZ-1005,3,4,2025-10-20,315000.0,30,10500.0,Bank Transfer,Pending
ORD-481237,BIZ-1060,1,2,2025-10-04,360000.0,36,10000.0,Bank Transfer,Delivered
ORD-468075,BIZ-1034,2,3,2025-10-09,9500.0,1,9500.0,Bank Transfer,Delivered
ORD-358965,BIZ-1011,1,5,2025-10-22,323400.0,33,9800.0,POS,Cancelled
ORD-149866,BIZ-1047,1,1,2025-10-10,94500.0,9,10500.0,Bank Transfer,Delivered
ORD-100561,BIZ-1027,3,2,2025-10-06,303800.0,31,9800.0,POS,Pending
ORD-880931,BIZ-1052,2,5,2025-10-02,157500.0,15,10500.0,POS,Pending
ORD-399176,BIZ-1001,3,3,2025-10-10,98000.0,10,9800.0,Bank Transfer,Delivered
ORD-735984,BIZ-1004,3,5,2025-10-15,52500.0,5,10500.0,Bank Transfer,Cancelled
ORD-364516,BIZ-1046,3,3,2025-10-04,310000.0,31,10000.0,POS,Cancelled
ORD-481242,BIZ-1055,4,2,2025-10-29,115500.0,11,10500.0,POS,Pending
ORD-216946,BIZ-1033,1,5,2025-10-11,199500.0,21,9500.0,Cash,Pending
ORD-114325,BIZ-1008,3,5,2025-10-03,57000.0,6,9500.0,Bank Transfer,Delivered
ORD-907889,BIZ-1033,2,5,2025-10-21,313500.0,33,9500.0,POS,Delivered
ORD-447300,BIZ-1048,1,2,2025-10-26,94500.0,9,10500.0,POS,Delivered
ORD-949383,BIZ-1052,4,4,2025-10-11,9800.0,1,9800.0,Cash,Delivered
ORD-717518,BIZ-1004,2,4,2025-10-11,88200.0,9,9800.0,Bank Transfer,Cancelled
ORD-489642,BIZ-1019,3,2,2025-10-16,333200.0,34,9800.0,POS,Pending
ORD-389351,BIZ-1017,1,3,2025-10-08,100000.0,10,10000.0,Cash,Delivered
ORD-502704,BIZ-1047,4,2,2025-10-07,351500.0,37,9500.0,POS,Delivered
ORD-211532,BIZ-1027,4,1,2025-10-03,370500.0,39,9500.0,Bank Transfer,Delivered
ORD-878659,BIZ-1011,4,3,2025-10-04,294000.0,28,10500.0,POS,Cancelled
ORD-143032,BIZ-1054,1,2,2025-10-19,190000.0,20,9500.0,Bank Transfer,Pending
ORD-786141,BIZ-1005,2,4,2025-10-18,240000.0,24,10000.0,Bank Transfer,Pending
ORD-302299,BIZ-1031,4,5,2025-10-25,73500.0,7,10500.0,POS,Pending
ORD-203428,BIZ-1006,2,5,2025-10-22,9500.0,1,9500.0,POS,Pending
ORD-673129,BIZ-1037,3,5,2025-10-03,342000.0,36,9500.0,POS,Cancelled
ORD-416120,BIZ-1000,4,5,2025-10-19,73500.0,7,10500.0,Bank Transfer,Cancelled
ORD-897953,BIZ-1009,3,2,2025-10-22,264600.0,27,9800.0,Cash,Delivered
ORD-855781,BIZ-1000,3,5,2025-10-07,80000.0,8,10000.0,Bank Transfer,Cancelled
ORD-234041,BIZ-1010,4,4,2025-10-05,420000.0,40,10500.0,POS,Cancelled
ORD-846169,BIZ-1025,2,2,2025-10-06,123500.0,13,10000.0,POS,Pending
ORD-896241,BIZ-1057,1,2,2025-10-08,235200.0,24,9800.0,Bank Transfer,Cancelled
ORD-687565,BIZ-1050,2,2,2025-10-26,342000.0,36,10000.0,Cash,Cancelled
ORD-483791,BIZ-1039,1,1,2025-10-30,290000.0,29,10000.0,Cash,Cancelled
ORD-852170,BIZ-1046,4,3,2025-10-14,40000.0,4,10000.0,Bank Transfer,Pending
ORD-557311,BIZ-1007,3,4,2025-10-04,130000.0,13,10000.0,Bank Transfer,Delivered
ORD-539357,BIZ-1001,2,5,2025-10-03,215600.0,22,9800.0,POS,Cancelled
ORD-628345,BIZ-1042,4,3,2025-10-16,274400.0,28,9800.0,POS,Cancelled
ORD-275044,BIZ-1013,4,4,2025-10-24,352800.0,36,9800.0,Bank Transfer,Delivered
ORD-830549,BIZ-1055,3,2,2025-10-18,290000.0,29,10000.0,Bank Transfer,Pending
ORD-403726,BIZ-1041,4,4,2025-10-30,218500.0,23,9500.0,POS,Pending
ORD-693677,BIZ-1048,1,2,2025-10-02,50000.0,5,10000.0,POS,Delivered
ORD-827505,BIZ-1039,2,5,2025-10-02,240000.0,24,10000.0,POS,Delivered
ORD-954100,BIZ-1024,2,3,2025-10-06,30000.0,3,10000.0,Cash,Pending
ORD-817953,BIZ-1052,3,4,2025-10-12,304500.0,29,10500.0,POS,Delivered
ORD-638430,BIZ-1047,3,1,2025-10-16,284200.0,29,9800.0,Cash,Pending
ORD-273558,BIZ-1022,4,5,2025-10-30,264600.0,27,9800.0,Cash,Cancelled
ORD-634017,BIZ-1026,4,4,2025-10-14,66500.0,7,9500.0,POS,Cancelled
ORD-917230,BIZ-1051,3,4,2025-10-12,241500.0,23,10500.0,Cash,Cancelled
ORD-736714,BIZ-1013,3,2,2025-10-12,107800.0,11,9800.0,Bank Transfer,Pending
ORD-293007,BIZ-1007,3,4,2025-10-09,357000.0,34,10500.0,POS,Delivered
ORD-699678,BIZ-1007,4,4,2025-10-01,189000.0,18,10500.0,Bank Transfer,Cancelled
ORD-830565,BIZ-1006,3,3,2025-10-07,323400.0,33,9800.0,Cash,Pending
ORD-929053,BIZ-1009,1,3,2025-10-01,66500.0,7,9500.0,POS,Cancelled
ORD-628291,BIZ-1020,3,5,2025-10-16,94500.0,9,10500.0,POS,Pending
ORD-650579,BIZ-1056,1,3,2025-10-22,39200.0,4,9800.0,POS,Cancelled
ORD-993884,BIZ-1006,1,5,2025-10-08,340000.0,34,10000.0,POS,Cancelled
ORD-842658,BIZ-1021,3,5,2025-10-07,378000.0,36,10500.0,Bank Transfer,Cancelled
ORD-224888,BIZ-1053,1,4,2025-10-09,315000.0,30,10500.0,POS,Cancelled
ORD-147828,BIZ-1038,4,2,2025-10-06,9500.0,1,9500.0,Cash,Cancelled
ORD-406019,BIZ-1013,2,5,2025-10-17,190000.0,19,10000.0,Cash,Cancelled
ORD-255335,BIZ-1013,2,4,2025-10-02,170000.0,17,10000.0,Bank Transfer,Pending
ORD-391248,BIZ-1016,4,2,2025-10-29,254800.0,26,9800.0,Cash,Cancelled
ORD-383571,BIZ-1030,1,5,2025-10-28,220000.0,22,10000.0,Cash,Pending
ORD-154022,BIZ-1011,4,4,2025-10-27,351500.0,37,9500.0,POS,Pending
ORD-361103,BIZ-1061,1,5,2025-10-20,160000.0,16,10000.0,POS,Cancelled
ORD-320172,BIZ-1027,4,3,2025-10-30,351500.0,37,9500.0,Cash,Cancelled
ORD-101467,BIZ-1012,1,3,2025-10-17,220500.0,21,10500.0,Cash,Pending
ORD-763416,BIZ-1021,4,3,2025-10-20,342000.0,36,9500.0,POS,Pending
ORD-487040,BIZ-1038,3,3,2025-10-19,140000.0,14,10000.0,POS,Delivered
ORD-839730,BIZ-1035,3,3,2025-10-10,42000.0,4,10500.0,Cash,Pending
ORD-376864,BIZ-1023,2,4,2025-10-27,68600.0,7,9800.0,POS,Cancelled
ORD-528178,BIZ-1033,1,3,2025-10-22,10500.0,1,10500.0,POS,Delivered
ORD-409220,BIZ-1032,1,5,2025-10-27,98000.0,10,9800.0,Cash,Delivered
ORD-160045,BIZ-1013,4,5,2025-10-10,156800.0,16,9800.0,Bank Transfer,Cancelled
ORD-110913,BIZ-1004,1,2,2025-10-19,209000.0,22,9500.0,Bank Transfer,Delivered
ORD-329931,BIZ-1021,1,2,2025-10-25,260000.0,26,10000.0,Cash,Delivered
ORD-393276,BIZ-1024,3,5,2025-10-22,210000.0,21,10000.0,POS,Pending
ORD-116398,BIZ-1038,3,2,2025-10-06,100000.0,10,10000.0,Bank Transfer,Delivered
ORD-915987,BIZ-1047,4,3,2025-10-17,160000.0,16,10000.0,Bank Transfer,Pending
ORD-711593,BIZ-1026,3,2,2025-10-29,280000.0,28,10000.0,POS,Pending
ORD-881996,BIZ-1057,2,3,2025-10-04,210000.0,21,10000.0,Bank Transfer,Delivered
ORD-785584,BIZ-1045,4,4,2025-10-21,28500.0,3,9500.0,Cash,Pending
ORD-756649,BIZ-1039,4,5,2025-10-08,49000.0,5,9800.0,Cash,Pending
ORD-677637,BIZ-1056,4,3,2025-10-20,370000.0,37,10000.0,Bank Transfer,Delivered
ORD-563664,BIZ-1039,3,2,2025-10-07,68600.0,7,9800.0,Cash,Cancelled
ORD-381850,BIZ-1050,2,4,2025-10-07,10500.0,1,10500.0,Cash,Cancelled
ORD-760393,BIZ-1021,1,2,2025-10-07,247000.0,26,9500.0,Bank Transfer,Cancelled
ORD-889470,BIZ-1051,2,3,2025-10-25,152000.0,16,9500.0,Cash,Pending
ORD-567723,BIZ-1060,1,4,2025-10-12,270000.0,27,10000.0,Cash,Pending
ORD-861566,BIZ-1006,2,5,2025-10-07,240000.0,24,10000.0,Bank Transfer,Delivered
ORD-602275,BIZ-1001,2,3,2025-10-14,264600.0,27,9800.0,Bank Transfer,Pending
ORD-290330,BIZ-1056,2,2,2025-10-03,336000.0,32,10500.0,Bank Transfer,Cancelled
ORD-955216,BIZ-1060,4,2,2025-10-14,94500.0,9,10000.0,POS,Cancelled
ORD-298033,BIZ-1007,2,3,2025-10-26,370500.0,39,9500.0,Bank Transfer,Delivered
ORD-864915,BIZ-1008,1,3,2025-10-18,333200.0,34,9800.0,POS,Pending
ORD-395744,BIZ-1008,3,2,2025-10-06,105000.0,10,10500.0,POS,Delivered
ORD-270832,BIZ-1004,4,5,2025-10-01,95000.0,10,9500.0,Cash,Cancelled
ORD-957210,BIZ-1015,3,3,2025-10-27,21000.0,2,10500.0,POS,Delivered
ORD-737347,BIZ-1052,3,4,2025-10-12,294000.0,28,10500.0,Cash,Cancelled
ORD-250494,BIZ-1058,3,4,2025-10-06,68600.0,7,9800.0,Bank Transfer,Cancelled
ORD-357167,BIZ-1021,2,1,2025-10-03,140000.0,14,10000.0,Cash,Pending
ORD-776456,BIZ-1042,1,4,2025-10-14,409500.0,39,10500.0,Cash,Delivered
ORD-205102,BIZ-1033,1,2,2025-10-30,49000.0,5,9800.0,POS,Cancelled
ORD-243960,BIZ-1001,4,2,2025-10-22,49000.0,5,9800.0,Bank Transfer,Delivered
ORD-947241,BIZ-1052,3,1,2025-10-22,215600.0,22,9800.0,Bank Transfer,Delivered
ORD-204574,BIZ-1050,3,4,2025-10-01,126000.0,12,10500.0,POS,Delivered
ORD-121722,BIZ-1006,4,3,2025-10-12,98000.0,10,9800.0,POS,Pending
ORD-114210,BIZ-1000,3,5,2025-10-04,126000.0,12,10500.0,Cash,Cancelled
ORD-775788,BIZ-1030,4,1,2025-10-23,360000.0,36,10000.0,Bank Transfer,Cancelled
ORD-238599,BIZ-1011,4,2,2025-10-29,95000.0,10,9500.0,Bank Transfer,Delivered
ORD-187656,BIZ-1024,3,2,2025-10-08,323000.0,34,9500.0,Cash,Cancelled
ORD-757860,BIZ-1052,2,5,2025-10-09,342000.0,36,9500.0,Cash,Cancelled
ORD-930892,BIZ-1023,2,2,2025-10-18,270000.0,27,10000.0,POS,Pending
ORD-930116,BIZ-1026,3,3,2025-10-29,336000.0,32,10000.0,POS,Delivered
ORD-871889,BIZ-1045,4,2,2025-10-04,280000.0,28,10000.0,POS,Cancelled
ORD-841821,BIZ-1051,1,5,2025-10-25,170000.0,17,10000.0,Cash,Delivered
ORD-245993,BIZ-1021,2,3,2025-10-03,304500.0,29,10500.0,Cash,Cancelled
ORD-690192,BIZ-1024,3,3,2025-10-15,350000.0,35,10000.0,Bank Transfer,Cancelled
ORD-955076,BIZ-1059,4,5,2025-10-27,390000.0,39,10000.0,Cash,Pending
ORD-447871,BIZ-1026,4,4,2025-10-05,285000.0,30,9500.0,Bank Transfer,Cancelled
ORD-355652,BIZ-1014,1,5,2025-10-15,346500.0,33,10500.0,Bank Transfer,Pending
ORD-825657,BIZ-1021,1,1,2025-10-02,323000.0,34,9500.0,Cash,Cancelled
ORD-670019,BIZ-1032,2,4,2025-10-09,52500.0,5,10500.0,Cash,Delivered
ORD-964996,BIZ-1016,1,3,2025-10-04,10000.0,1,10000.0,Bank Transfer,Cancelled
ORD-671098,BIZ-1005,3,5,2025-10-02,357000.0,34,10500.0,Cash,Cancelled
ORD-636391,BIZ-1027,1,4,2025-10-09,247000.0,26,9500.0,POS,Cancelled
ORD-535457,BIZ-1003,2,3,2025-10-27,273000.0,26,10500.0,POS,Pending
ORD-335208,BIZ-1054,4,2,2025-10-05,49000.0,5,9800.0,Bank Transfer,Delivered
ORD-547883,BIZ-1023,2,2,2025-10-01,166600.0,17,9800.0,Cash,Cancelled
ORD-470472,BIZ-1042,4,4,2025-10-12,171000.0,18,9500.0,Bank Transfer,Cancelled
ORD-336856,BIZ-1042,2,4,2025-10-20,370500.0,39,9500.0,POS,Pending
ORD-817663,BIZ-1004,4,4,2025-10-28,9500.0,1,9500.0,POS,Cancelled
ORD-849575,BIZ-1021,3,1,2025-10-12,273000.0,26,10500.0,Bank Transfer,Delivered
ORD-217869,BIZ-1019,3,4,2025-10-25,325500.0,31,10500.0,Cash,Pending
ORD-215485,BIZ-1040,1,2,2025-10-15,40000.0,4,10000.0,Cash,Cancelled
ORD-395503,BIZ-1017,4,3,2025-10-07,380000.0,38,10000.0,Cash,Cancelled
ORD-745604,BIZ-1003,4,4,2025-10-11,100000.0,10,10000.0,POS,Delivered
ORD-478004,BIZ-1026,3,4,2025-10-11,199500.0,21,10000.0,POS,Delivered
ORD-188923,BIZ-1053,3,4,2025-10-28,42000.0,4,10500.0,Cash,Cancelled
ORD-733870,BIZ-1045,1,1,2025-10-27,228000.0,24,9500.0,Cash,Delivered
ORD-549449,BIZ-1043,2,3,2025-10-05,100000.0,10,10000.0,Bank Transfer,Cancelled
ORD-728738,BIZ-1058,3,4,2025-10-16,147000.0,15,9800.0,Bank Transfer,Cancelled
ORD-545901,BIZ-1021,2,3,2025-10-06,126000.0,12,10500.0,Cash,Cancelled
ORD-799686,BIZ-1028,1,3,2025-10-05,300000.0,30,10000.0,Cash,Cancelled
ORD-755106,BIZ-1030,2,2,2025-10-21,290000.0,29,10000.0,Cash,Delivered
ORD-465308,BIZ-1043,1,4,2025-10-25,250000.0,25,10000.0,Cash,Delivered
ORD-384261,BIZ-1043,3,5,2025-10-27,260000.0,26,10000.0,POS,Delivered
ORD-793875,BIZ-1000,3,5,2025-10-28,290000.0,29,10000.0,Bank Transfer,Delivered
ORD-378293,BIZ-1050,1,3,2025-10-12,168000.0,16,10500.0,Cash,Pending
ORD-845859,BIZ-1005,4,4,2025-10-25,388500.0,37,10500.0,POS,Cancelled
ORD-927175,BIZ-1046,2,5,2025-10-24,237500.0,25,9500.0,Cash,Delivered
ORD-255863,BIZ-1018,3,5,2025-10-01,300000.0,30,10000.0,POS,Pending
ORD-253709,BIZ-1044,3,5,2025-10-24,420000.0,40,10000.0,Cash,Cancelled
ORD-509573,BIZ-1039,3,2,2025-10-10,380000.0,40,9500.0,Cash,Cancelled
ORD-935558,BIZ-1011,2,4,2025-10-14,254800.0,26,9800.0,POS,Pending
ORD-601672,BIZ-1056,2,5,2025-10-24,290000.0,29,10000.0,Bank Transfer,Cancelled
ORD-218661,BIZ-1042,1,2,2025-10-25,420000.0,40,10500.0,Cash,Pending
ORD-862008,BIZ-1053,1,3,2025-10-18,160000.0,16,10000.0,POS,Cancelled
ORD-194840,BIZ-1030,3,4,2025-10-09,66500.0,7,9500.0,POS,Delivered
ORD-233730,BIZ-1047,3,5,2025-10-10,340000.0,34,10000.0,Cash,Cancelled
ORD-503720,BIZ-1010,1,2,2025-10-06,280000.0,28,10000.0,Bank Transfer,Delivered
ORD-618213,BIZ-1043,3,2,2025-10-11,241500.0,23,10500.0,Bank Transfer,Cancelled
ORD-827104,BIZ-1004,2,4,2025-10-13,294000.0,30,9800.0,Bank Transfer,Delivered
ORD-730973,BIZ-1024,2,2,2025-10-30,105000.0,10,10500.0,Cash,Cancelled
ORD-449663,BIZ-1020,3,5,2025-10-24,313600.0,32,9800.0,Cash,Pending
ORD-785720,BIZ-1053,4,4,2025-10-05,343000.0,35,9800.0,POS,Cancelled
ORD-501798,BIZ-1020,2,3,2025-10-28,95000.0,10,9500.0,POS,Pending
ORD-621249,BIZ-1017,4,5,2025-10-13,390000.0,39,10000.0,Cash,Delivered
ORD-616530,BIZ-1053,1,3,2025-10-17,186200.0,19,9800.0,Bank Transfer,Pending
ORD-961304,BIZ-1042,4,2,2025-10-16,360000.0,36,10000.0,Bank Transfer,Pending
ORD-187679,BIZ-1000,4,2,2025-10-07,266000.0,28,9500.0,Cash,Pending
ORD-542332,BIZ-1041,2,5,2025-10-18,332500.0,35,10000.0,Bank Transfer,Cancelled
ORD-914316,BIZ-1016,4,3,2025-10-16,126000.0,12,10500.0,POS,Cancelled
ORD-884632,BIZ-1035,4,3,2025-10-21,357000.0,34,10500.0,Cash,Pending
ORD-191488,BIZ-1051,2,3,2025-10-07,180000.0,18,10000.0,Cash,Delivered
ORD-103005,BIZ-1049,3,4,2025-10-08,160000.0,16,10000.0,POS,Delivered
ORD-991913,BIZ-1050,4,4,2025-10-07,372400.0,38,9800.0,POS,Pending
ORD-685498,BIZ-1029,1,3,2025-10-01,409500.0,39,10500.0,Cash,Cancelled
ORD-240082,BIZ-1035,2,3,2025-10-15,49000.0,5,9800.0,Bank Transfer,Cancelled
ORD-162471,BIZ-1026,3,2,2025-10-28,370500.0,39,9500.0,Cash,Cancelled
ORD-478387,BIZ-1047,4,2,2025-10-28,190000.0,19,10000.0,Cash,Cancelled
ORD-916470,BIZ-1003,3,4,2025-10-26,241500.0,23,10500.0,Cash,Pending
ORD-409012,BIZ-1035,1,2,2025-10-25,378000.0,36,10500.0,POS,Delivered
ORD-975825,BIZ-1059,3,3,2025-10-14,42000.0,4,10500.0,Cash,Cancelled
ORD-541531,BIZ-1054,2,2,2025-10-26,161500.0,17,9500.0,Bank Transfer,Pending
ORD-968034,BIZ-1039,1,3,2025-10-08,29400.0,3,9800.0,POS,Pending
ORD-883281,BIZ-1003,3,1,2025-10-07,156800.0,16,9800.0,Cash,Cancelled
ORD-829578,BIZ-1030,3,1,2025-10-05,126000.0,12,10500.0,POS,Cancelled
ORD-495796,BIZ-1057,2,3,2025-10-22,110000.0,11,10000.0,Cash,Pending
ORD-829937,BIZ-1056,3,2,2025-10-22,123500.0,13,9500.0,POS,Delivered
ORD-489739,BIZ-1007,4,2,2025-10-29,133000.0,14,9500.0,POS,Pending
ORD-211159,BIZ-1013,4,3,2025-10-02,332500.0,35,9500.0,Bank Transfer,Pending
ORD-177353,BIZ-1037,2,3,2025-10-20,200000.0,20,10000.0,Cash,Delivered
ORD-722776,BIZ-1031,2,5,2025-10-15,241500.0,23,10000.0,Bank Transfer,Cancelled
ORD-131652,BIZ-1013,1,5,2025-10-27,19600.0,2,9800.0,Bank Transfer,Delivered
ORD-248140,BIZ-1039,4,4,2025-10-05,115500.0,11,10500.0,Cash,Cancelled
ORD-180808,BIZ-1009,2,2,2025-10-03,189000.0,18,10500.0,POS,Cancelled
ORD-971437,BIZ-1023,4,4,2025-10-01,110000.0,11,10000.0,Cash,Delivered
ORD-256989,BIZ-1017,3,2,2025-10-25,29400.0,3,9800.0,POS,Delivered
ORD-592584,BIZ-1042,3,2,2025-10-23,420000.0,40,10500.0,Bank Transfer,Cancelled
ORD-884447,BIZ-1027,1,3,2025-10-23,104500.0,11,9500.0,Cash,Cancelled
ORD-414056,BIZ-1041,1,3,2025-10-16,280000.0,28,10000.0,POS,Pending
ORD-857656,BIZ-1041,1,3,2025-10-15,367500.0,35,10500.0,POS,Cancelled
ORD-919354,BIZ-1027,4,2,2025-10-11,215600.0,22,9800.0,POS,Pending
ORD-113851,BIZ-1010,1,2,2025-10-20,237500.0,25,9500.0,Bank Transfer,Cancelled
ORD-263459,BIZ-1057,1,5,2025-10-09,325500.0,31,10500.0,Cash,Delivered
ORD-773662,BIZ-1057,1,2,2025-10-02,10500.0,1,10000.0,Bank Transfer,Pending
ORD-887619,BIZ-1044,4,1,2025-10-01,230000.0,23,10000.0,Cash,Pending
ORD-268137,BIZ-1009,1,3,2025-10-06,117600.0,12,10000.0,Cash,Cancelled
ORD-973128,BIZ-1038,2,1,2025-10-01,28500.0,3,9500.0,Bank Transfer,Pending
ORD-576364,BIZ-1045,4,2,2025-10-13,340000.0,34,10000.0,Bank Transfer,Delivered
ORD-969812,BIZ-1017,1,2,2025-10-17,294000.0,30,9800.0,POS,Pending
ORD-699853,BIZ-1029,2,2,2025-10-08,275500.0,29,9500.0,Cash,Delivered
ORD-843810,BIZ-1041,2,5,2025-10-16,100000.0,10,10000.0,Cash,Pending
ORD-264417,BIZ-1007,4,3,2025-10-07,333200.0,34,9800.0,POS,Delivered
ORD-196402,BIZ-1016,3,3,2025-10-09,180500.0,19,9500.0,Cash,Cancelled
ORD-231211,BIZ-1005,2,3,2025-10-16,332500.0,35,9500.0,POS,Pending
ORD-519852,BIZ-1048,1,3,2025-10-23,273000.0,26,10500.0,Cash,Pending
ORD-329540,BIZ-1013,2,5,2025-10-19,370500.0,39,10000.0,POS,Cancelled
ORD-962458,BIZ-1036,4,2,2025-10-12,178500.0,17,10500.0,Bank Transfer,Delivered
ORD-686462,BIZ-1022,1,5,2025-10-23,114000.0,12,9500.0,POS,Cancelled
ORD-180959,BIZ-1014,4,3,2025-10-19,220000.0,22,10000.0,Bank Transfer,Delivered
ORD-591190,BIZ-1024,1,5,2025-10-25,274400.0,28,9800.0,Cash,Cancelled
ORD-784405,BIZ-1050,1,3,2025-10-15,380000.0,38,10000.0,Cash,Delivered
ORD-967438,BIZ-1056,3,5,2025-10-20,336000.0,32,10500.0,Bank Transfer,Delivered
ORD-157327,BIZ-1058,3,2,2025-10-12,58800.0,6,9800.0,Bank Transfer,Cancelled
ORD-778058,BIZ-1029,3,2,2025-10-25,313500.0,33,9500.0,POS,Cancelled
ORD-383031,BIZ-1032,4,2,2025-10-13,304000.0,32,9500.0,POS,Delivered
ORD-181588,BIZ-1051,4,4,2025-10-04,160000.0,16,10000.0,Cash,Cancelled
ORD-916628,BIZ-1035,3,1,2025-10-11,47500.0,5,9500.0,Cash,Delivered
ORD-129411,BIZ-1025,2,2,2025-10-26,147000.0,14,10500.0,Cash,Pending
ORD-270666,BIZ-1061,1,3,2025-10-08,285000.0,30,9500.0,Cash,Delivered
ORD-168492,BIZ-1057,3,5,2025-10-17,346500.0,33,10500.0,Cash,Pending
ORD-111510,BIZ-1041,2,3,2025-10-07,409500.0,39,10500.0,POS,Cancelled
ORD-424135,BIZ-1044,4,5,2025-10-23,190000.0,19,10000.0,POS,Pending
ORD-311524,BIZ-1060,2,4,2025-10-06,400000.0,40,10000.0,Cash,Pending
ORD-133939,BIZ-1059,1,4,2025-10-20,168000.0,16,10500.0,Cash,Delivered
ORD-189170,BIZ-1021,2,4,2025-10-08,200000.0,20,10000.0,POS,Delivered
ORD-692232,BIZ-1033,1,5,2025-10-30,400000.0,40,10000.0,Bank Transfer,Cancelled
ORD-928611,BIZ-1044,3,3,2025-10-02,235200.0,24,9800.0,POS,Cancelled
ORD-150382,BIZ-1044,3,3,2025-10-15,323400.0,33,9800.0,POS,Pending
ORD-423595,BIZ-1053,1,4,2025-10-10,66500.0,7,9500.0,Cash,Pending
ORD-473973,BIZ-1001,2,5,2025-10-01,320000.0,32,10000.0,Bank Transfer,Delivered
ORD-517476,BIZ-1001,1,3,2025-10-23,133000.0,14,9500.0,POS,Pending
ORD-429748,BIZ-1043,4,2,2025-10-16,400000.0,40,10000.0,Bank Transfer,Cancelled
ORD-860939,BIZ-1058,2,4,2025-10-23,352800.0,36,9800.0,Bank Transfer,Cancelled
ORD-235808,BIZ-1028,1,4,2025-10-11,235200.0,24,9800.0,Bank Transfer,Cancelled
ORD-202110,BIZ-1035,3,2,2025-10-22,190000.0,19,10000.0,POS,Delivered
ORD-877468,BIZ-1021,2,4,2025-10-10,274400.0,28,10000.0,POS,Pending
ORD-626570,BIZ-1007,3,4,2025-10-16,58800.0,6,9800.0,Cash,Cancelled
ORD-257482,BIZ-1035,4,5,2025-10-25,110000.0,11,10000.0,POS,Cancelled
ORD-934739,BIZ-1036,2,3,2025-10-01,38000.0,4,9500.0,POS,Pending
ORD-714841,BIZ-1007,1,2,2025-10-12,58800.0,6,9800.0,Cash,Pending
ORD-139225,BIZ-1049,3,4,2025-10-27,256500.0,27,9500.0,Bank Transfer,Delivered
ORD-258898,BIZ-1009,2,5,2025-10-09,196000.0,20,10000.0,Cash,Delivered
ORD-182578,BIZ-1048,4,2,2025-10-21,127400.0,13,9800.0,Cash,Pending
ORD-197822,BIZ-1034,3,2,2025-10-27,367500.0,35,10500.0,Cash,Delivered
ORD-342818,BIZ-1024,3,4,2025-10-29,186200.0,19,9800.0,Bank Transfer,Delivered
ORD-946699,BIZ-1009,1,4,2025-10-27,104500.0,11,9500.0,Bank Transfer,Delivered
ORD-247705,BIZ-1034,2,4,2025-10-21,60000.0,6,10000.0,Bank Transfer,Cancelled
ORD-268870,BIZ-1041,3,3,2025-10-24,323000.0,34,9500.0,POS,Pending
ORD-625986,BIZ-1035,1,2,2025-10-30,200000.0,20,10000.0,Bank Transfer,Cancelled
ORD-864118,BIZ-1051,1,4,2025-10-16,66500.0,7,9500.0,POS,Delivered
ORD-648706,BIZ-1058,4,2,2025-10-19,130000.0,13,10000.0,Bank Transfer,Pending
ORD-457999,BIZ-1009,4,3,2025-10-28,98000.0,10,9800.0,Cash,Delivered
ORD-237570,BIZ-1032,4,1,2025-10-14,190000.0,20,9500.0,Bank Transfer,Cancelled
ORD-477819,BIZ-1042,3,3,2025-10-11,133000.0,14,9500.0,Cash,Delivered
ORD-551832,BIZ-1033,3,2,2025-10-19,199500.0,21,9500.0,POS,Delivered
ORD-847385,BIZ-1037,1,5,2025-10-02,104500.0,11,9500.0,Cash,Cancelled
ORD-506463,BIZ-1016,3,3,2025-10-24,252000.0,24,10500.0,Bank Transfer,Pending
ORD-740037,BIZ-1009,4,5,2025-10-08,357000.0,34,10500.0,Bank Transfer,Cancelled
ORD-259804,BIZ-1053,2,2,2025-10-19,336000.0,32,10500.0,Cash,Cancelled
ORD-621690,BIZ-1045,1,4,2025-10-18,294000.0,30,9800.0,Cash,Cancelled
ORD-115667,BIZ-1006,4,4,2025-10-03,133000.0,14,9500.0,Bank Transfer,Cancelled
ORD-424578,BIZ-1010,3,4,2025-10-05,304000.0,32,9500.0,Cash,Cancelled
ORD-936116,BIZ-1015,1,3,2025-10-17,275500.0,29,9500.0,Bank Transfer,Delivered
ORD-191401,BIZ-1021,4,4,2025-10-24,294000.0,28,10500.0,Bank Transfer,Pending
ORD-576900,BIZ-1053,4,3,2025-10-15,390000.0,39,10000.0,Cash,Cancelled
ORD-409967,BIZ-1047,1,2,2025-10-10,382200.0,39,9800.0,Bank Transfer,Cancelled
ORD-393724,BIZ-1042,3,3,2025-10-05,285000.0,30,9500.0,Bank Transfer,Cancelled
ORD-470533,BIZ-1037,3,1,2025-10-18,199500.0,21,9500.0,Bank Transfer,Pending
ORD-287890,BIZ-1021,1,2,2025-10-03,42000.0,4,10500.0,Bank Transfer,Delivered
ORD-583122,BIZ-1050,3,3,2025-10-22,196000.0,20,9800.0,Cash,Cancelled
ORD-596250,BIZ-1051,2,1,2025-10-08,320000.0,32,10000.0,POS,Cancelled
ORD-900216,BIZ-1033,4,5,2025-10-30,107800.0,11,9800.0,POS,Cancelled
ORD-781880,BIZ-1020,1,2,2025-10-27,10500.0,1,10000.0,POS,Pending
ORD-229988,BIZ-1054,2,5,2025-10-28,343000.0,35,9800.0,POS,Pending
ORD-611976,BIZ-1031,3,2,2025-10-30,230000.0,23,10000.0,POS,Delivered
ORD-400548,BIZ-1008,3,2,2025-10-02,388500.0,37,10000.0,Cash,Cancelled
ORD-998630,BIZ-1016,4,3,2025-10-13,107800.0,11,10000.0,POS,Cancelled
ORD-813644,BIZ-1001,1,3,2025-10-19,147000.0,14,10500.0,POS,Cancelled
ORD-484546,BIZ-1045,1,4,2025-10-04,127400.0,13,9800.0,Bank Transfer,Pending
ORD-754974,BIZ-1017,2,3,2025-10-16,168000.0,16,10500.0,Cash,Cancelled
ORD-491835,BIZ-1049,4,5,2025-10-29,210000.0,20,10500.0,POS,Pending
ORD-533265,BIZ-1004,3,3,2025-10-03,310000.0,31,10000.0,Bank Transfer,Pending
ORD-375594,BIZ-1010,3,3,2025-10-16,58800.0,6,9800.0,Bank Transfer,Delivered
ORD-815711,BIZ-1035,2,2,2025-10-27,300000.0,30,10000.0,POS,Pending
ORD-775143,BIZ-1061,3,4,2025-10-02,325500.0,31,10500.0,Cash,Pending
ORD-928994,BIZ-1054,3,4,2025-10-02,330000.0,33,10000.0,Bank Transfer,Cancelled
ORD-961127,BIZ-1030,3,1,2025-10-08,180000.0,18,10000.0,Cash,Delivered
ORD-262070,BIZ-1058,2,2,2025-10-17,332500.0,35,9500.0,POS,Pending
ORD-404779,BIZ-1049,4,3,2025-10-26,47500.0,5,10000.0,Bank Transfer,Delivered
ORD-697828,BIZ-1011,3,1,2025-10-12,210000.0,20,10500.0,Cash,Delivered
ORD-176523,BIZ-1040,4,4,2025-10-12,58800.0,6,9800.0,Cash,Pending
ORD-584734,BIZ-1002,4,5,2025-10-07,220000.0,22,10000.0,Cash,Delivered
ORD-465887,BIZ-1001,4,5,2025-10-21,254800.0,26,9800.0,Bank Transfer,Pending
ORD-773693,BIZ-1037,2,4,2025-10-14,275500.0,29,9500.0,Bank Transfer,Pending
ORD-958038,BIZ-1036,2,5,2025-10-17,180000.0,18,10000.0,POS,Pending
ORD-189991,BIZ-1013,3,4,2025-10-14,283500.0,27,10500.0,Bank Transfer,Delivered
ORD-213611,BIZ-1020,4,2,2025-10-06,57000.0,6,9500.0,Bank Transfer,Pending
ORD-516226,BIZ-1000,4,3,2025-10-28,98000.0,10,9800.0,Cash,Cancelled
ORD-309160,BIZ-1002,4,2,2025-10-24,85500.0,9,9500.0,Cash,Cancelled
ORD-432697,BIZ-1008,3,5,2025-10-13,150000.0,15,10000.0,POS,Cancelled
ORD-733727,BIZ-1036,1,5,2025-10-11,275500.0,29,10000.0,Bank Transfer,Cancelled
ORD-836405,BIZ-1014,4,1,2025-10-15,370500.0,39,9500.0,Bank Transfer,Cancelled
ORD-219879,BIZ-1014,1,3,2025-10-23,76000.0,8,9500.0,POS,Pending
ORD-140141,BIZ-1044,2,5,2025-10-09,19600.0,2,9800.0,POS,Pending
ORD-592796,BIZ-1051,4,4,2025-10-17,136500.0,13,10500.0,Bank Transfer,Cancelled
ORD-323839,BIZ-1047,4,5,2025-10-05,264600.0,27,9800.0,POS,Cancelled
ORD-132844,BIZ-1022,3,5,2025-10-10,370000.0,37,10000.0,Bank Transfer,Cancelled
ORD-911813,BIZ-1000,2,3,2025-10-30,230000.0,23,10000.0,Cash,Cancelled
ORD-947808,BIZ-1043,1,4,2025-10-12,220000.0,22,10000.0,POS,Cancelled
ORD-551002,BIZ-1055,4,2,2025-10-11,310000.0,31,10000.0,Cash,Pending
ORD-323787,BIZ-1033,3,4,2025-10-30,104500.0,11,9500.0,Cash,Cancelled
ORD-124057,BIZ-1055,1,5,2025-10-02,52500.0,5,10500.0,Cash,Pending
ORD-816881,BIZ-1033,2,2,2025-10-29,380000.0,38,10000.0,Bank Transfer,Pending
ORD-364315,BIZ-1059,1,2,2025-10-13,84000.0,8,10500.0,Bank Transfer,Pending
ORD-187651,BIZ-1021,3,4,2025-10-20,189000.0,18,10500.0,Bank Transfer,Delivered
ORD-387210,BIZ-1015,4,4,2025-10-05,275500.0,29,9500.0,Bank Transfer,Cancelled
ORD-412828,BIZ-1042,2,3,2025-10-13,400000.0,40,10000.0,Cash,Delivered
ORD-573349,BIZ-1036,2,5,2025-10-27,152000.0,16,9500.0,POS,Pending
ORD-650269,BIZ-1046,1,2,2025-10-27,60000.0,6,10000.0,Cash,Cancelled
ORD-372050,BIZ-1025,1,2,2025-10-07,225400.0,23,9800.0,Cash,Delivered
ORD-156352,BIZ-1032,2,3,2025-10-06,367500.0,35,10500.0,POS,Pending
ORD-549350,BIZ-1004,1,4,2025-10-03,351500.0,37,9500.0,Bank Transfer,Pending
ORD-889762,BIZ-1061,2,3,2025-10-11,220500.0,21,10500.0,POS,Pending
ORD-308252,BIZ-1052,2,1,2025-10-09,66500.0,7,9500.0,POS,Cancelled
ORD-539459,BIZ-1037,3,5,2025-10-11,52500.0,5,10500.0,Bank Transfer,Cancelled
ORD-661519,BIZ-1008,3,4,2025-10-15,10500.0,1,10500.0,Cash,Delivered
ORD-268494,BIZ-1010,4,5,2025-10-21,50000.0,5,10000.0,Cash,Pending
ORD-558001,BIZ-1016,1,4,2025-10-29,57000.0,6,9500.0,POS,Pending
ORD-826559,BIZ-1045,1,5,2025-10-11,240000.0,24,10000.0,Cash,Delivered
ORD-962994,BIZ-1002,1,1,2025-10-18,340000.0,34,10000.0,Cash,Cancelled
ORD-921110,BIZ-1045,4,3,2025-10-01,310000.0,31,10000.0,Bank Transfer,Delivered
ORD-308205,BIZ-1059,1,5,2025-10-27,294500.0,31,9500.0,Bank Transfer,Delivered
ORD-800409,BIZ-1057,1,4,2025-10-03,209000.0,22,9500.0,POS,Cancelled
ORD-251642,BIZ-1035,1,2,2025-10-18,342000.0,36,9500.0,Cash,Pending
ORD-963506,BIZ-1034,4,3,2025-10-10,351500.0,37,9500.0,Cash,Cancelled
ORD-878920,BIZ-1033,4,5,2025-10-29,19600.0,2,10000.0,POS,Delivered
ORD-868738,BIZ-1000,2,3,2025-10-25,352800.0,36,9800.0,Bank Transfer,Pending
ORD-257817,BIZ-1020,1,4,2025-10-10,210000.0,20,10500.0,POS,Delivered
ORD-254650,BIZ-1011,4,4,2025-10-27,9800.0,1,9800.0,POS,Cancelled
ORD-431777,BIZ-1010,3,2,2025-10-15,21000.0,2,10500.0,Cash,Cancelled
ORD-806682,BIZ-1012,4,2,2025-10-04,42000.0,4,10500.0,Bank Transfer,Delivered
ORD-645984,BIZ-1012,1,5,2025-10-13,304000.0,32,9500.0,POS,Pending
ORD-572445,BIZ-1027,4,3,2025-10-22,382200.0,39,9800.0,POS,Pending
ORD-998909,BIZ-1051,4,1,2025-10-29,367500.0,35,10500.0,POS,Pending
ORD-571155,BIZ-1010,4,5,2025-10-04,218500.0,23,9500.0,POS,Pending
ORD-706472,BIZ-1040,2,3,2025-10-20,231000.0,22,10500.0,Bank Transfer,Pending
ORD-329242,BIZ-1037,2,5,2025-10-03,325500.0,31,10500.0,Bank Transfer,Cancelled
ORD-296772,BIZ-1033,3,3,2025-10-23,323400.0,33,9800.0,POS,Pending
ORD-672612,BIZ-1005,2,4,2025-10-13,336000.0,32,10500.0,Bank Transfer,Delivered
ORD-730134,BIZ-1060,1,1,2025-10-24,200000.0,20,10000.0,Bank Transfer,Delivered
ORD-464994,BIZ-1037,4,2,2025-10-12,274400.0,28,9800.0,Bank Transfer,Delivered
ORD-300444,BIZ-1004,2,5,2025-10-07,94500.0,9,10500.0,Bank Transfer,Pending
ORD-704856,BIZ-1060,1,4,2025-10-30,284200.0,29,9800.0,POS,Cancelled
ORD-488241,BIZ-1045,2,4,2025-10-29,31500.0,3,10500.0,POS,Pending
ORD-116977,BIZ-1007,3,3,2025-10-25,150000.0,15,10000.0,POS,Pending
ORD-421876,BIZ-1023,2,3,2025-10-10,98000.0,10,9800.0,Cash,Cancelled
ORD-230804,BIZ-1060,3,2,2025-10-16,310000.0,31,10000.0,Cash,Cancelled
ORD-780433,BIZ-1040,4,4,2025-10-21,352800.0,36,9800.0,Bank Transfer,Cancelled
ORD-534166,BIZ-1008,4,3,2025-10-30,225400.0,23,9800.0,POS,Delivered
ORD-469320,BIZ-1000,4,3,2025-10-13,127400.0,13,9800.0,Bank Transfer,Delivered
ORD-546535,BIZ-1041,1,5,2025-10-25,166600.0,17,9800.0,POS,Pending
ORD-902245,BIZ-1009,4,2,2025-10-16,107800.0,11,9800.0,Bank Transfer,Pending
ORD-284354,BIZ-1017,2,1,2025-10-11,117600.0,12,9800.0,Bank Transfer,Delivered
ORD-491246,BIZ-1060,4,4,2025-10-14,147000.0,15,9800.0,Bank Transfer,Cancelled
ORD-723789,BIZ-1044,1,2,2025-10-06,380000.0,38,10000.0,Cash,Delivered
ORD-557049,BIZ-1048,3,5,2025-10-05,147000.0,14,10500.0,Bank Transfer,Delivered
ORD-986142,BIZ-1008,3,2,2025-10-12,147000.0,15,9800.0,POS,Pending
ORD-813327,BIZ-1054,3,2,2025-10-20,252000.0,24,10500.0,Cash,Cancelled
ORD-397007,BIZ-1034,2,3,2025-10-14,304000.0,32,9500.0,Bank Transfer,Pending
ORD-998626,BIZ-1006,3,3,2025-10-22,70000.0,7,10000.0,Cash,Cancelled
ORD-191876,BIZ-1052,4,5,2025-10-03,237500.0,25,9500.0,Cash,Cancelled
ORD-208854,BIZ-1052,2,2,2025-10-25,230000.0,23,10000.0,Bank Transfer,Pending
ORD-117224,BIZ-1027,4,2,2025-10-03,313600.0,32,9800.0,Cash,Pending
ORD-531257,BIZ-1048,1,1,2025-10-19,20000.0,2,10000.0,POS,Pending
ORD-886372,BIZ-1045,2,2,2025-10-04,136500.0,13,10500.0,Cash,Cancelled
ORD-671194,BIZ-1009,3,2,2025-10-23,88200.0,9,9800.0,POS,Pending
ORD-565676,BIZ-1043,1,2,2025-10-03,420000.0,40,10500.0,Bank Transfer,Cancelled
ORD-945016,BIZ-1011,1,2,2025-10-16,228000.0,24,9500.0,Bank Transfer,Cancelled
ORD-403986,BIZ-1009,4,5,2025-10-01,330000.0,33,10000.0,Cash,Delivered
ORD-322162,BIZ-1058,2,4,2025-10-26,19600.0,2,9800.0,Cash,Pending
ORD-576713,BIZ-1000,3,3,2025-10-07,294000.0,28,10500.0,POS,Pending
ORD-220063,BIZ-1005,4,3,2025-10-17,150000.0,15,10000.0,Cash,Delivered
ORD-592384,BIZ-1034,1,2,2025-10-06,210000.0,20,10500.0,POS,Cancelled
ORD-467645,BIZ-1021,3,2,2025-10-29,218500.0,23,9500.0,POS,Pending
ORD-586483,BIZ-1025,1,3,2025-10-30,120000.0,12,10000.0,Cash,Delivered
ORD-960270,BIZ-1025,2,5,2025-10-13,95000.0,10,9500.0,POS,Pending
ORD-922749,BIZ-1037,2,2,2025-10-20,168000.0,16,10500.0,POS,Cancelled
ORD-107974,BIZ-1026,2,5,2025-10-23,264600.0,27,9800.0,POS,Pending
ORD-920192,BIZ-1038,2,1,2025-10-29,9800.0,1,9800.0,POS,Pending
ORD-397380,BIZ-1033,4,5,2025-10-07,270000.0,27,10000.0,Bank Transfer,Delivered
ORD-790677,BIZ-1033,4,2,2025-10-09,294500.0,31,9500.0,Bank Transfer,Delivered
ORD-979214,BIZ-1042,3,2,2025-10-08,95000.0,10,9500.0,POS,Pending
ORD-534861,BIZ-1015,4,2,2025-10-28,147000.0,14,10500.0,POS,Cancelled
ORD-104359,BIZ-1040,4,3,2025-10-21,110000.0,11,10000.0,Bank Transfer,Cancelled
ORD-534694,BIZ-1040,1,5,2025-10-28,117600.0,12,10000.0,POS,Pending
ORD-127521,BIZ-1059,3,3,2025-10-01,176400.0,18,9800.0,POS,Pending
ORD-492592,BIZ-1003,3,4,2025-10-05,9500.0,1,9500.0,POS,Delivered
ORD-644172,BIZ-1014,4,1,2025-10-26,210000.0,20,10500.0,POS,Pending
ORD-729088,BIZ-1043,4,5,2025-10-25,137200.0,14,9800.0,Cash,Pending
ORD-278688,BIZ-1051,4,5,2025-10-10,352800.0,36,9800.0,POS,Pending
ORD-550908,BIZ-1027,4,3,2025-10-29,171000.0,18,9500.0,Bank Transfer,Cancelled
ORD-510373,BIZ-1004,4,4,2025-10-08,19600.0,2,9800.0,Cash,Pending
ORD-775738,BIZ-1027,3,5,2025-10-06,228000.0,24,9500.0,Cash,Pending
ORD-154086,BIZ-1036,4,3,2025-10-12,160000.0,16,10000.0,POS,Pending
ORD-705923,BIZ-1009,1,2,2025-10-25,178500.0,17,10500.0,POS,Pending
ORD-767181,BIZ-1002,2,2,2025-10-13,342000.0,36,9500.0,POS,Cancelled
ORD-863481,BIZ-1012,4,3,2025-10-12,20000.0,2,10000.0,Cash,Delivered
ORD-433578,BIZ-1058,4,5,2025-10-06,352800.0,36,9800.0,POS,Pending
ORD-558648,BIZ-1048,1,3,2025-10-16,275500.0,29,9500.0,Cash,Delivered
ORD-844515,BIZ-1004,3,3,2025-10-07,170000.0,17,10000.0,POS,Pending
ORD-628751,BIZ-1022,3,3,2025-10-25,392000.0,40,10000.0,Bank Transfer,Cancelled
ORD-704958,BIZ-1037,1,2,2025-10-04,199500.0,21,9500.0,Bank Transfer,Cancelled
ORD-983981,BIZ-1042,2,3,2025-10-24,388500.0,37,10500.0,POS,Cancelled
ORD-372871,BIZ-1020,1,5,2025-10-23,110000.0,11,10000.0,Bank Transfer,Pending
ORD-266779,BIZ-1023,2,2,2025-10-26,178500.0,17,10500.0,Bank Transfer,Delivered
ORD-197784,BIZ-1023,4,4,2025-10-29,70000.0,7,10000.0,Bank Transfer,Cancelled
ORD-558669,BIZ-1042,3,1,2025-10-03,275500.0,29,9500.0,Bank Transfer,Pending
ORD-907437,BIZ-1053,2,3,2025-10-01,210000.0,20,10500.0,Cash,Delivered
ORD-129169,BIZ-1029,1,3,2025-10-18,190000.0,20,9500.0,Cash,Pending
ORD-670081,BIZ-1029,4,3,2025-10-19,290000.0,29,10000.0,POS,Cancelled
ORD-182598,BIZ-1015,4,4,2025-10-28,76000.0,8,10000.0,Bank Transfer,Delivered
ORD-126518,BIZ-1031,3,1,2025-10-18,80000.0,8,10000.0,POS,Cancelled
ORD-236889,BIZ-1011,2,3,2025-10-23,260000.0,26,10000.0,POS,Cancelled
ORD-765282,BIZ-1003,3,5,2025-10-30,47500.0,5,9500.0,Bank Transfer,Pending
ORD-475517,BIZ-1053,1,2,2025-10-19,333200.0,34,9800.0,Cash,Delivered
ORD-784219,BIZ-1034,4,4,2025-10-06,367500.0,35,10000.0,Bank Transfer,Delivered
ORD-411345,BIZ-1031,2,4,2025-10-27,330000.0,33,10000.0,Bank Transfer,Delivered
ORD-981282,BIZ-1058,4,2,2025-10-06,380000.0,38,10000.0,POS,Delivered
ORD-917919,BIZ-1053,3,2,2025-10-08,66500.0,7,9500.0,Cash,Pending
ORD-496473,BIZ-1009,3,5,2025-10-25,285000.0,30,9500.0,POS,Delivered
ORD-791281,BIZ-1016,2,4,2025-10-24,237500.0,25,9500.0,Bank Transfer,Pending
ORD-186993,BIZ-1058,2,5,2025-10-02,228000.0,24,9500.0,Bank Transfer,Cancelled
ORD-757916,BIZ-1051,4,3,2025-10-29,68600.0,7,9800.0,Bank Transfer,Cancelled
ORD-707497,BIZ-1007,3,3,2025-10-01,294000.0,28,10500.0,Bank Transfer,Cancelled
ORD-216320,BIZ-1001,1,2,2025-10-27,10000.0,1,10000.0,POS,Delivered
ORD-724840,BIZ-1042,3,3,2025-10-14,360000.0,36,10000.0,POS,Delivered
ORD-248725,BIZ-1035,3,2,2025-10-04,409500.0,39,10500.0,POS,Delivered
ORD-289401,BIZ-1049,3,2,2025-10-09,137200.0,14,9800.0,Cash,Cancelled
ORD-618253,BIZ-1040,1,4,2025-10-03,225400.0,23,9800.0,POS,Pending
ORD-979037,BIZ-1026,1,3,2025-10-26,28500.0,3,9500.0,POS,Delivered
ORD-205561,BIZ-1008,2,5,2025-10-07,325500.0,31,10500.0,Cash,Delivered
ORD-123023,BIZ-1043,3,3,2025-10-15,290000.0,29,10000.0,Cash,Delivered
ORD-610150,BIZ-1057,4,2,2025-10-13,49000.0,5,9800.0,POS,Delivered
ORD-180019,BIZ-1000,4,5,2025-10-29,142500.0,15,9500.0,Bank Transfer,Pending
ORD-540304,BIZ-1018,3,1,2025-10-07,220500.0,21,10500.0,Bank Transfer,Delivered
ORD-428817,BIZ-1058,3,4,2025-10-12,378000.0,36,10500.0,POS,Delivered
ORD-572780,BIZ-1029,1,2,2025-10-20,78400.0,8,9800.0,Bank Transfer,Delivered
ORD-288540,BIZ-1009,2,3,2025-10-25,120000.0,12,10000.0,POS,Cancelled
ORD-287356,BIZ-1053,4,2,2025-10-09,85500.0,9,9500.0,Bank Transfer,Delivered
ORD-761875,BIZ-1019,4,4,2025-10-20,190000.0,19,10000.0,Bank Transfer,Cancelled
ORD-132978,BIZ-1009,4,4,2025-10-19,237500.0,25,9500.0,Cash,Pending
ORD-459462,BIZ-1005,1,4,2025-10-04,20000.0,2,10000.0,Bank Transfer,Delivered
ORD-607417,BIZ-1020,4,4,2025-10-30,39200.0,4,9800.0,POS,Delivered
ORD-729138,BIZ-1016,3,4,2025-10-30,260000.0,26,10000.0,Cash,Pending
ORD-266082,BIZ-1028,3,3,2025-10-17,256500.0,27,9500.0,Bank Transfer,Pending
ORD-366863,BIZ-1055,2,3,2025-10-16,29400.0,3,9800.0,POS,Pending
ORD-302212,BIZ-1004,2,4,2025-10-28,170000.0,17,10000.0,Cash,Delivered
ORD-661988,BIZ-1016,3,3,2025-10-19,380000.0,38,10000.0,Bank Transfer,Cancelled
ORD-636603,BIZ-1046,2,3,2025-10-01,300000.0,30,10000.0,Cash,Cancelled
ORD-326813,BIZ-1034,2,4,2025-10-23,352800.0,36,10000.0,Cash,Pending
ORD-220364,BIZ-1000,3,5,2025-10-27,100000.0,10,10000.0,Bank Transfer,Cancelled
ORD-130930,BIZ-1020,2,5,2025-10-27,380000.0,40,9500.0,Cash,Cancelled
ORD-330436,BIZ-1057,1,5,2025-10-10,304500.0,29,10500.0,Bank Transfer,Cancelled
ORD-825196,BIZ-1061,4,3,2025-10-03,350000.0,35,10000.0,Cash,Cancelled
ORD-380589,BIZ-1051,1,4,2025-10-29,60000.0,6,10000.0,Bank Transfer,Pending
ORD-308915,BIZ-1060,1,3,2025-10-09,199500.0,19,10500.0,Bank Transfer,Pending
ORD-465484,BIZ-1004,2,4,2025-10-29,199500.0,19,10500.0,Bank Transfer,Cancelled
ORD-783592,BIZ-1007,4,3,2025-10-22,245000.0,25,9800.0,Bank Transfer,Delivered
ORD-881393,BIZ-1056,1,3,2025-10-09,262500.0,25,10500.0,Cash,Delivered
ORD-557244,BIZ-1047,1,5,2025-10-25,130000.0,13,10000.0,Cash,Cancelled
ORD-519369,BIZ-1049,4,4,2025-10-16,409500.0,39,10500.0,Bank Transfer,Pending
ORD-362241,BIZ-1022,1,3,2025-10-28,252000.0,24,10500.0,POS,Pending
ORD-820431,BIZ-1010,1,4,2025-10-06,180500.0,19,9500.0,Cash,Pending
ORD-852244,BIZ-1060,3,2,2025-10-26,88200.0,9,9800.0,Cash,Delivered
ORD-511907,BIZ-1046,1,5,2025-10-09,176400.0,18,9800.0,Bank Transfer,Pending
ORD-931681,BIZ-1013,3,5,2025-10-04,237500.0,25,9500.0,POS,Cancelled
ORD-426720,BIZ-1000,4,4,2025-10-23,400000.0,40,10000.0,Cash,Delivered
ORD-315830,BIZ-1016,3,5,2025-10-05,70000.0,7,10000.0,Bank Transfer,Delivered
ORD-611528,BIZ-1042,2,2,2025-10-29,235200.0,24,9800.0,Bank Transfer,Delivered
ORD-567830,BIZ-1017,2,3,2025-10-14,80000.0,8,10000.0,Bank Transfer,Pending
ORD-883369,BIZ-1030,2,1,2025-10-13,392000.0,40,9800.0,Bank Transfer,Delivered
ORD-434232,BIZ-1007,3,4,2025-10-09,85500.0,9,9500.0,Bank Transfer,Cancelled
ORD-736795,BIZ-1030,1,4,2025-10-19,180000.0,18,10000.0,Cash,Cancelled
ORD-309422,BIZ-1002,3,3,2025-10-12,50000.0,5,10000.0,POS,Delivered
ORD-492125,BIZ-1042,4,3,2025-10-18,166600.0,17,9800.0,POS,Cancelled
ORD-959142,BIZ-1038,3,2,2025-10-27,100000.0,10,10000.0,Bank Transfer,Delivered
ORD-275373,BIZ-1039,1,4,2025-10-02,274400.0,28,9800.0,Bank Transfer,Pending
ORD-636196,BIZ-1024,3,4,2025-10-27,380000.0,40,9500.0,Bank Transfer,Cancelled
ORD-529715,BIZ-1021,1,5,2025-10-08,388500.0,37,10500.0,Bank Transfer,Pending
ORD-966843,BIZ-1033,4,2,2025-10-09,241500.0,23,10500.0,POS,Pending
ORD-656267,BIZ-1019,4,5,2025-10-27,252000.0,24,10000.0,Cash,Delivered
ORD-131394,BIZ-1051,2,2,2025-10-11,264600.0,27,9800.0,Bank Transfer,Cancelled
ORD-948340,BIZ-1019,2,5,2025-10-04,313600.0,32,10000.0,Cash,Cancelled
ORD-929314,BIZ-1019,2,2,2025-10-10,117600.0,12,9800.0,Cash,Delivered
ORD-357234,BIZ-1038,1,4,2025-10-06,52500.0,5,10500.0,Cash,Delivered
ORD-788866,BIZ-1015,2,5,2025-10-03,160000.0,16,10000.0,Bank Transfer,Cancelled
ORD-252085,BIZ-1012,4,2,2025-10-12,333200.0,34,9800.0,Bank Transfer,Pending
ORD-228244,BIZ-1004,4,3,2025-10-24,304500.0,29,10500.0,Cash,Pending
ORD-821726,BIZ-1002,4,5,2025-10-01,29400.0,3,9800.0,Cash,Cancelled
ORD-444844,BIZ-1022,3,2,2025-10-01,346500.0,33,10500.0,Bank Transfer,Cancelled
ORD-695034,BIZ-1037,1,4,2025-10-07,310000.0,31,10000.0,POS,Delivered
ORD-343949,BIZ-1003,1,4,2025-10-24,250000.0,25,10000.0,Cash,Cancelled
ORD-504321,BIZ-1020,1,4,2025-10-17,94500.0,9,10500.0,POS,Cancelled
ORD-322481,BIZ-1037,2,4,2025-10-09,31500.0,3,10500.0,Cash,Pending
ORD-207919,BIZ-1014,3,4,2025-10-16,142500.0,15,9500.0,Cash,Delivered
ORD-851058,BIZ-1053,2,1,2025-10-17,180000.0,18,10000.0,POS,Cancelled
ORD-946648,BIZ-1012,2,3,2025-10-19,250000.0,25,10000.0,Cash,Pending
ORD-178458,BIZ-1013,3,3,2025-10-26,137200.0,14,9800.0,Bank Transfer,Delivered
ORD-777663,BIZ-1046,1,1,2025-10-18,235200.0,24,9800.0,Cash,Cancelled
ORD-892934,BIZ-1031,4,3,2025-10-13,284200.0,29,9800.0,Bank Transfer,Delivered
ORD-952905,BIZ-1046,1,5,2025-10-14,19000.0,2,9500.0,Bank Transfer,Pending
ORD-306698,BIZ-1051,2,5,2025-10-10,210000.0,20,10500.0,POS,Cancelled
ORD-617927,BIZ-1031,3,3,2025-10-02,256500.0,27,9500.0,POS,Pending
ORD-387745,BIZ-1057,3,5,2025-10-15,39200.0,4,9800.0,POS,Cancelled
ORD-230120,BIZ-1012,2,2,2025-10-13,105000.0,10,10500.0,Cash,Pending
ORD-730645,BIZ-1049,4,5,2025-10-14,147000.0,15,9800.0,POS,Delivered
ORD-501455,BIZ-1023,3,2,2025-10-10,137200.0,14,9800.0,Bank Transfer,Delivered
ORD-122301,BIZ-1025,2,4,2025-10-08,150000.0,15,10000.0,Cash,Delivered
ORD-774933,BIZ-1007,1,4,2025-10-09,199500.0,19,10500.0,Cash,Cancelled
ORD-703726,BIZ-1044,4,1,2025-10-24,333200.0,34,9800.0,Cash,Pending
ORD-584202,BIZ-1054,2,4,2025-10-30,325500.0,31,10500.0,Cash,Delivered
ORD-982526,BIZ-1016,4,3,2025-10-09,157500.0,15,10500.0,Cash,Pending
ORD-138805,BIZ-1051,4,3,2025-10-30,9500.0,1,10000.0,POS,Delivered
ORD-653138,BIZ-1055,3,2,2025-10-27,107800.0,11,9800.0,POS,Cancelled
ORD-776096,BIZ-1010,3,2,2025-10-02,343000.0,35,9800.0,POS,Pending
ORD-592718,BIZ-1026,4,5,2025-10-01,343000.0,35,9800.0,Cash,Delivered
ORD-941496,BIZ-1055,1,2,2025-10-03,280000.0,28,10000.0,Bank Transfer,Delivered
ORD-415619,BIZ-1049,4,2,2025-10-13,200000.0,20,10000.0,POS,Delivered
ORD-890303,BIZ-1049,4,4,2025-10-09,273000.0,26,10500.0,Cash,Cancelled
ORD-183641,BIZ-1020,3,2,2025-10-11,225400.0,23,9800.0,Bank Transfer,Pending
ORD-428387,BIZ-1040,2,5,2025-10-17,166600.0,17,9800.0,POS,Cancelled
ORD-149359,BIZ-1004,2,3,2025-10-15,57000.0,6,10000.0,Cash,Delivered
ORD-830288,BIZ-1023,1,4,2025-10-12,100000.0,10,10000.0,Bank Transfer,Pending
ORD-617300,BIZ-1038,3,3,2025-10-30,168000.0,16,10500.0,POS,Delivered
ORD-227310,BIZ-1055,4,5,2025-10-26,196000.0,20,9800.0,POS,Cancelled
ORD-747995,BIZ-1012,4,5,2025-10-26,66500.0,7,9500.0,POS,Pending
ORD-334896,BIZ-1015,2,1,2025-10-04,240000.0,24,10000.0,Bank Transfer,Cancelled
ORD-110901,BIZ-1020,1,4,2025-10-02,168000.0,16,10500.0,Bank Transfer,Pending
ORD-438542,BIZ-1017,2,1,2025-10-05,136500.0,13,10500.0,Bank Transfer,Pending
ORD-859434,BIZ-1032,4,3,2025-10-26,273000.0,26,10500.0,Cash,Pending
ORD-278458,BIZ-1027,2,3,2025-10-14,235200.0,24,9800.0,Bank Transfer,Delivered
ORD-859282,BIZ-1030,4,5,2025-10-03,190000.0,20,9500.0,POS,Delivered
ORD-486798,BIZ-1006,1,4,2025-10-28,380000.0,38,10000.0,POS,Cancelled
ORD-663670,BIZ-1059,1,3,2025-10-25,350000.0,35,10000.0,Cash,Delivered
ORD-821673,BIZ-1041,3,3,2025-10-30,127400.0,13,9800.0,Cash,Delivered
ORD-372302,BIZ-1036,3,4,2025-10-27,228000.0,24,9500.0,Bank Transfer,Delivered
ORD-145168,BIZ-1038,2,5,2025-10-27,142500.0,15,10000.0,POS,Delivered
ORD-178687,BIZ-1002,1,2,2025-10-04,200000.0,20,10000.0,Cash,Pending
ORD-821338,BIZ-1043,3,5,2025-10-08,313600.0,32,9800.0,POS,Cancelled
ORD-951952,BIZ-1028,3,3,2025-10-19,9500.0,1,9500.0,Bank Transfer,Pending
ORD-832603,BIZ-1020,3,5,2025-10-12,178500.0,17,10500.0,POS,Cancelled
ORD-244455,BIZ-1014,2,3,2025-10-06,370500.0,39,9500.0,Bank Transfer,Cancelled
ORD-225725,BIZ-1023,4,1,2025-10-18,21000.0,2,10000.0,Cash,Cancelled
ORD-255190,BIZ-1060,4,2,2025-10-04,157500.0,15,10500.0,Bank Transfer,Cancelled
ORD-991450,BIZ-1001,3,1,2025-10-23,247000.0,26,9500.0,Bank Transfer,Pending
ORD-533370,BIZ-1037,2,2,2025-10-29,126000.0,12,10500.0,POS,Delivered
ORD-800695,BIZ-1008,4,3,2025-10-20,40000.0,4,10000.0,Bank Transfer,Pending
ORD-653217,BIZ-1058,3,5,2025-10-04,252000.0,24,10500.0,Cash,Cancelled
ORD-601142,BIZ-1007,1,3,2025-10-08,284200.0,29,9800.0,Cash,Delivered
ORD-394169,BIZ-1040,2,5,2025-10-20,76000.0,8,9500.0,POS,Cancelled
ORD-866367,BIZ-1035,4,2,2025-10-10,73500.0,7,10500.0,POS,Delivered
ORD-196258,BIZ-1059,4,5,2025-10-15,256500.0,27,9500.0,Cash,Cancelled
ORD-410624,BIZ-1045,3,4,2025-10-08,378000.0,36,10500.0,POS,Pending
ORD-470157,BIZ-1030,1,5,2025-10-22,409500.0,39,10500.0,POS,Pending
ORD-354149,BIZ-1049,1,2,2025-10-17,310000.0,31,10000.0,Cash,Pending
ORD-870984,BIZ-1040,3,2,2025-10-20,189000.0,18,10500.0,Cash,Delivered
ORD-828723,BIZ-1033,4,3,2025-10-26,105000.0,10,10000.0,POS,Pending
ORD-618631,BIZ-1031,2,5,2025-10-03,241500.0,23,10500.0,POS,Pending
ORD-113765,BIZ-1008,2,5,2025-10-02,262500.0,25,10500.0,Cash,Cancelled
ORD-590891,BIZ-1056,2,2,2025-10-21,60000.0,6,10000.0,Cash,Pending
ORD-297045,BIZ-1029,3,2,2025-10-25,170000.0,17,10000.0,Cash,Delivered
ORD-456987,BIZ-1049,4,3,2025-10-15,235200.0,24,9800.0,Bank Transfer,Cancelled
ORD-719208,BIZ-1012,4,5,2025-10-07,10000.0,1,10000.0,Bank Transfer,Cancelled
ORD-638891,BIZ-1032,2,4,2025-10-23,400000.0,40,10000.0,Bank Transfer,Pending
ORD-897429,BIZ-1043,3,3,2025-10-26,230000.0,23,10000.0,POS,Delivered
ORD-842929,BIZ-1030,1,2,2025-10-29,235200.0,24,9800.0,POS,Cancelled
ORD-261479,BIZ-1035,1,2,2025-10-14,252000.0,24,10500.0,POS,Cancelled
ORD-210793,BIZ-1055,4,3,2025-10-26,78400.0,8,9800.0,Cash,Cancelled
ORD-329412,BIZ-1013,2,1,2025-10-28,323000.0,34,9500.0,Cash,Delivered
ORD-504305,BIZ-1024,3,5,2025-10-28,294000.0,30,9800.0,Bank Transfer,Pending
ORD-750618,BIZ-1026,1,2,2025-10-30,10500.0,1,10500.0,POS,Pending
ORD-917911,BIZ-1024,3,4,2025-10-16,20000.0,2,10000.0,POS,Delivered
ORD-171973,BIZ-1038,1,3,2025-10-13,270000.0,27,10000.0,POS,Cancelled
ORD-272172,BIZ-1021,1,5,2025-10-09,274400.0,28,9800.0,Cash,Pending
ORD-705282,BIZ-1025,2,3,2025-10-21,189000.0,18,10500.0,Cash,Cancelled
ORD-254444,BIZ-1016,1,2,2025-10-20,29400.0,3,10000.0,Cash,Delivered
ORD-212379,BIZ-1059,2,4,2025-10-14,388500.0,37,10500.0,Cash,Cancelled
ORD-352248,BIZ-1019,2,4,2025-10-23,95000.0,10,9500.0,Bank Transfer,Delivered
ORD-583232,BIZ-1052,4,3,2025-10-01,19600.0,2,9800.0,Bank Transfer,Pending
ORD-129974,BIZ-1011,2,4,2025-10-06,332500.0,35,9500.0,Cash,Pending
ORD-656673,BIZ-1001,4,3,2025-10-15,340000.0,34,10000.0,POS,Cancelled
ORD-378479,BIZ-1047,1,2,2025-10-14,303800.0,31,9800.0,Bank Transfer,Pending
ORD-677035,BIZ-1059,2,2,2025-10-04,60000.0,6,10000.0,Cash,Pending
ORD-552432,BIZ-1053,4,1,2025-10-03,240000.0,24,10000.0,Cash,Delivered
ORD-516209,BIZ-1034,4,4,2025-10-07,225400.0,23,9800.0,Bank Transfer,Pending
ORD-632599,BIZ-1044,4,1,2025-10-16,21000.0,2,10500.0,Cash,Pending
ORD-562779,BIZ-1054,3,4,2025-10-11,42000.0,4,10000.0,Bank Transfer,Cancelled
ORD-202564,BIZ-1025,4,4,2025-10-09,117600.0,12,9800.0,Bank Transfer,Cancelled
ORD-501103,BIZ-1027,1,3,2025-10-02,78400.0,8,9800.0,Cash,Pending
ORD-543116,BIZ-1036,3,1,2025-10-22,240000.0,24,10000.0,Bank Transfer,Pending
ORD-298652,BIZ-1020,3,1,2025-10-06,283500.0,27,10500.0,POS,Cancelled
ORD-722905,BIZ-1023,3,4,2025-10-13,10500.0,1,10500.0,POS,Pending
ORD-736955,BIZ-1058,3,3,2025-10-09,228000.0,24,10000.0,Cash,Delivered
ORD-554626,BIZ-1010,4,1,2025-10-15,304000.0,32,9500.0,POS,Cancelled
ORD-152294,BIZ-1002,2,2,2025-10-04,210000.0,20,10500.0,Bank Transfer,Delivered
ORD-216478,BIZ-1019,4,2,2025-10-20,170000.0,17,10000.0,Cash,Pending
ORD-155718,BIZ-1032,2,5,2025-10-07,180500.0,19,9500.0,POS,Delivered
ORD-703172,BIZ-1040,3,4,2025-10-27,303800.0,31,9800.0,Bank Transfer,Delivered
ORD-169045,BIZ-1007,4,5,2025-10-08,284200.0,29,9800.0,Bank Transfer,Cancelled
ORD-388840,BIZ-1013,4,5,2025-10-16,63000.0,6,10500.0,POS,Cancelled
ORD-750348,BIZ-1004,2,5,2025-10-07,330000.0,33,10000.0,Bank Transfer,Cancelled
ORD-524211,BIZ-1001,1,4,2025-10-21,360000.0,36,10000.0,Bank Transfer,Delivered
ORD-206225,BIZ-1015,2,3,2025-10-12,31500.0,3,10500.0,Bank Transfer,Cancelled
ORD-964098,BIZ-1051,4,4,2025-10-07,215600.0,22,9800.0,Bank Transfer,Cancelled
ORD-381298,BIZ-1048,1,4,2025-10-27,235200.0,24,9800.0,Bank Transfer,Cancelled
ORD-279337,BIZ-1048,4,2,2025-10-15,409500.0,39,10000.0,Bank Transfer,Delivered
ORD-464519,BIZ-1033,1,5,2025-10-24,382200.0,39,10000.0,Cash,Pending
ORD-840140,BIZ-1009,1,1,2025-10-20,161500.0,17,9500.0,Cash,Cancelled
ORD-869531,BIZ-1008,2,5,2025-10-18,361000.0,38,9500.0,Bank Transfer,Delivered
ORD-294069,BIZ-1030,1,1,2025-10-01,294000.0,30,9800.0,Bank Transfer,Delivered
ORD-834497,BIZ-1017,1,4,2025-10-16,390000.0,39,10000.0,POS,Pending
ORD-874992,BIZ-1029,2,2,2025-10-19,9500.0,1,9500.0,Bank Transfer,Delivered
ORD-821353,BIZ-1043,3,1,2025-10-10,343000.0,35,9800.0,POS,Delivered
ORD-430419,BIZ-1013,3,4,2025-10-08,40000.0,4,10000.0,POS,Delivered
ORD-274740,BIZ-1030,2,5,2025-10-21,40000.0,4,10000.0,POS,Pending
ORD-577328,BIZ-1043,4,3,2025-10-06,140000.0,14,10000.0,POS,Pending
ORD-113353,BIZ-1007,2,5,2025-10-05,137200.0,14,9800.0,POS,Cancelled
ORD-548709,BIZ-1036,3,5,2025-10-20,205800.0,21,9800.0,Bank Transfer,Cancelled
ORD-286138,BIZ-1043,1,2,2025-10-11,115500.0,11,10500.0,POS,Delivered
ORD-180716,BIZ-1045,1,5,2025-10-30,280000.0,28,10000.0,Bank Transfer,Cancelled
ORD-897191,BIZ-1037,2,5,2025-10-06,215600.0,22,9800.0,POS,Pending
ORD-722859,BIZ-1059,2,5,2025-10-26,256500.0,27,9500.0,POS,Delivered
ORD-596846,BIZ-1013,3,3,2025-10-11,152000.0,16,9500.0,POS,Cancelled
ORD-612027,BIZ-1039,2,5,2025-10-18,400000.0,40,10000.0,POS,Cancelled
ORD-595523,BIZ-1043,3,5,2025-10-27,315000.0,30,10500.0,Bank Transfer,Cancelled
ORD-958706,BIZ-1030,3,5,2025-10-04,190000.0,19,10000.0,POS,Delivered
ORD-813080,BIZ-1053,2,5,2025-10-01,323400.0,33,9800.0,Cash,Cancelled
ORD-975937,BIZ-1051,1,5,2025-10-30,180500.0,19,9500.0,Bank Transfer,Pending
ORD-627587,BIZ-1004,2,5,2025-10-07,270000.0,27,10000.0,POS,Cancelled
ORD-253703,BIZ-1030,2,4,2025-10-06,140000.0,14,10000.0,Bank Transfer,Cancelled
ORD-204849,BIZ-1047,4,3,2025-10-24,88200.0,9,9800.0,Cash,Pending
ORD-871947,BIZ-1050,4,3,2025-10-10,304500.0,29,10500.0,Cash,Pending
ORD-614496,BIZ-1032,2,5,2025-10-11,362600.0,37,9800.0,POS,Delivered
ORD-672223,BIZ-1036,4,2,2025-10-23,88200.0,9,9800.0,Cash,Cancelled
ORD-610125,BIZ-1009,4,3,2025-10-08,372400.0,38,9800.0,POS,Delivered
ORD-581035,BIZ-1010,3,5,2025-10-08,21000.0,2,10500.0,Cash,Pending
ORD-469755,BIZ-1004,2,3,2025-10-01,390000.0,39,10000.0,Cash,Pending
ORD-449950,BIZ-1042,4,2,2025-10-10,73500.0,7,10500.0,Bank Transfer,Cancelled
ORD-912149,BIZ-1038,4,3,2025-10-27,370000.0,37,10000.0,Bank Transfer,Delivered
ORD-984680,BIZ-1044,1,5,2025-10-20,220000.0,22,10000.0,Bank Transfer,Delivered
ORD-218238,BIZ-1009,4,5,2025-10-18,304500.0,29,10500.0,POS,Cancelled
ORD-644534,BIZ-1017,2,4,2025-10-09,21000.0,2,10500.0,Bank Transfer,Delivered
ORD-121734,BIZ-1060,4,3,2025-10-22,313600.0,32,9800.0,Cash,Delivered
ORD-530250,BIZ-1016,2,4,2025-10-05,50000.0,5,10000.0,POS,Cancelled
ORD-791396,BIZ-1013,3,3,2025-10-26,130000.0,13,10000.0,POS,Delivered
ORD-474545,BIZ-1053,2,5,2025-10-30,40000.0,4,10000.0,Cash,Cancelled
ORD-356238,BIZ-1000,2,5,2025-10-15,160000.0,16,10000.0,POS,Pending
ORD-829605,BIZ-1014,1,4,2025-10-18,252000.0,24,10500.0,Cash,Cancelled
ORD-476879,BIZ-1000,2,3,2025-10-30,137200.0,14,9800.0,POS,Pending
ORD-193610,BIZ-1029,2,4,2025-10-07,256500.0,27,9500.0,Cash,Cancelled
ORD-496129,BIZ-1043,3,3,2025-10-06,361000.0,38,9500.0,POS,Delivered
ORD-387230,BIZ-1029,3,3,2025-10-20,186200.0,19,9800.0,Bank Transfer,Pending
ORD-811774,BIZ-1048,2,2,2025-10-27,231000.0,22,10500.0,Bank Transfer,Cancelled
ORD-571093,BIZ-1061,1,2,2025-10-17,399000.0,38,10500.0,Cash,Cancelled
ORD-652501,BIZ-1049,1,4,2025-10-30,237500.0,25,9500.0,POS,Cancelled
ORD-812052,BIZ-1005,2,1,2025-10-06,256500.0,27,9500.0,Bank Transfer,Delivered
ORD-447283,BIZ-1008,1,4,2025-10-11,240000.0,24,10000.0,Bank Transfer,Delivered
ORD-537564,BIZ-1032,1,4,2025-10-12,235200.0,24,9800.0,Bank Transfer,Pending
ORD-424348,BIZ-1018,3,2,2025-10-29,180500.0,19,9500.0,POS,Cancelled
ORD-707667,BIZ-1027,4,2,2025-10-06,156800.0,16,9800.0,Cash,Cancelled
ORD-459949,BIZ-1020,3,2,2025-10-16,29400.0,3,9800.0,POS,Cancelled
ORD-228934,BIZ-1052,3,2,2025-10-26,284200.0,29,9800.0,POS,Pending
ORD-577131,BIZ-1005,3,3,2025-10-14,199500.0,19,10500.0,Cash,Pending
ORD-931023,BIZ-1058,2,2,2025-10-17,254800.0,26,9800.0,POS,Delivered
ORD-402418,BIZ-1024,2,4,2025-10-24,343000.0,35,9800.0,Bank Transfer,Pending
ORD-623162,BIZ-1017,4,5,2025-10-04,126000.0,12,10500.0,Cash,Pending
ORD-254278,BIZ-1020,2,5,2025-10-28,105000.0,10,10500.0,Bank Transfer,Pending
ORD-257525,BIZ-1013,1,3,2025-10-14,294000.0,30,9800.0,POS,Pending
ORD-403858,BIZ-1021,4,5,2025-10-16,264600.0,27,9800.0,POS,Delivered
ORD-796590,BIZ-1056,4,5,2025-10-19,378000.0,36,10500.0,Cash,Cancelled
ORD-610472,BIZ-1056,2,3,2025-10-05,362600.0,37,9800.0,POS,Pending
ORD-938635,BIZ-1008,2,3,2025-10-09,60000.0,6,10000.0,POS,Delivered
ORD-575904,BIZ-1048,1,4,2025-10-09,370000.0,37,10000.0,Cash,Pending
ORD-396765,BIZ-1044,2,2,2025-10-02,294000.0,28,10500.0,Bank Transfer,Cancelled
ORD-229431,BIZ-1013,1,3,2025-10-25,171000.0,18,9500.0,POS,Delivered
ORD-420677,BIZ-1054,2,3,2025-10-02,378000.0,36,10500.0,Cash,Pending
ORD-469366,BIZ-1013,3,1,2025-10-01,323000.0,34,9500.0,Bank Transfer,Cancelled
ORD-100672,BIZ-1025,1,5,2025-10-20,98000.0,10,9800.0,Cash,Cancelled
ORD-244408,BIZ-1018,1,4,2025-10-02,313600.0,32,9800.0,Bank Transfer,Pending
ORD-397025,BIZ-1027,4,1,2025-10-11,137200.0,14,9800.0,Bank Transfer,Pending
ORD-626378,BIZ-1056,4,3,2025-10-24,49000.0,5,9800.0,Cash,Cancelled
ORD-906234,BIZ-1004,4,2,2025-10-20,340000.0,34,10000.0,Bank Transfer,Pending
ORD-190181,BIZ-1016,4,5,2025-10-17,220000.0,22,10000.0,POS,Pending
ORD-249573,BIZ-1051,4,3,2025-10-22,260000.0,26,10000.0,POS,Cancelled
ORD-306283,BIZ-1061,2,5,2025-10-30,9500.0,1,9500.0,Bank Transfer,Cancelled
ORD-184638,BIZ-1060,4,1,2025-10-13,94500.0,9,10500.0,Cash,Cancelled
ORD-133697,BIZ-1056,1,3,2025-10-09,170000.0,17,10000.0,Bank Transfer,Delivered
ORD-471858,BIZ-1002,2,3,2025-10-15,285000.0,30,9500.0,Bank Transfer,Pending
ORD-811459,BIZ-1038,1,5,2025-10-08,280000.0,28,10000.0,Cash,Delivered
ORD-543089,BIZ-1059,2,2,2025-10-20,28500.0,3,10000.0,Bank Transfer,Cancelled
ORD-202905,BIZ-1037,4,5,2025-10-12,346500.0,33,10500.0,Cash,Cancelled
ORD-416693,BIZ-1012,1,1,2025-10-27,70000.0,7,10000.0,Bank Transfer,Pending
ORD-281720,BIZ-1008,2,4,2025-10-18,57000.0,6,9500.0,Cash,Pending
ORD-811902,BIZ-1035,1,2,2025-10-17,228000.0,24,9500.0,Cash,Cancelled
ORD-943453,BIZ-1035,3,5,2025-10-27,199500.0,21,9500.0,Bank Transfer,Delivered
ORD-816514,BIZ-1061,4,3,2025-10-18,126000.0,12,10500.0,POS,Delivered
ORD-362165,BIZ-1022,3,5,2025-10-24,126000.0,12,10500.0,Bank Transfer,Delivered
ORD-681208,BIZ-1038,3,3,2025-10-05,133000.0,14,9500.0,Bank Transfer,Cancelled
ORD-419811,BIZ-1041,4,4,2025-10-06,313500.0,33,9500.0,Bank Transfer,Pending
ORD-694191,BIZ-1011,3,5,2025-10-03,98000.0,10,10000.0,Cash,Pending
ORD-583555,BIZ-1016,2,4,2025-10-28,199500.0,19,10500.0,Cash,Delivered
ORD-494228,BIZ-1019,1,5,2025-10-17,294500.0,31,10000.0,POS,Cancelled
ORD-974357,BIZ-1051,3,5,2025-10-24,266000.0,28,9500.0,Bank Transfer,Pending
ORD-245342,BIZ-1036,3,5,2025-10-14,323400.0,33,9800.0,Bank Transfer,Cancelled
ORD-827851,BIZ-1010,2,4,2025-10-16,325500.0,31,10500.0,Bank Transfer,Delivered
ORD-818445,BIZ-1053,3,2,2025-10-10,266000.0,28,9500.0,Bank Transfer,Delivered
ORD-591130,BIZ-1035,2,5,2025-10-22,273000.0,26,10500.0,Bank Transfer,Pending
ORD-589215,BIZ-1060,4,2,2025-10-11,80000.0,8,10000.0,Bank Transfer,Delivered
ORD-530187,BIZ-1045,3,2,2025-10-13,186200.0,19,9800.0,Cash,Pending
ORD-686058,BIZ-1047,1,3,2025-10-14,152000.0,16,9500.0,Cash,Pending
ORD-904016,BIZ-1046,3,2,2025-10-01,241500.0,23,10500.0,Bank Transfer,Delivered
ORD-892572,BIZ-1013,4,5,2025-10-13,247000.0,26,9500.0,Cash,Cancelled
ORD-417078,BIZ-1041,1,5,2025-10-05,21000.0,2,10500.0,Cash,Pending
ORD-708512,BIZ-1054,1,3,2025-10-24,220000.0,22,10000.0,Cash,Delivered
ORD-233457,BIZ-1034,4,3,2025-10-16,39200.0,4,9800.0,POS,Delivered
ORD-407592,BIZ-1008,2,4,2025-10-19,105000.0,10,10500.0,Bank Transfer,Delivered
ORD-986159,BIZ-1044,4,4,2025-10-02,241500.0,23,10500.0,Cash,Cancelled
ORD-522515,BIZ-1050,4,4,2025-10-12,10000.0,1,10000.0,Bank Transfer,Delivered
ORD-585289,BIZ-1061,4,3,2025-10-21,57000.0,6,9500.0,POS,Cancelled
ORD-643171,BIZ-1046,1,5,2025-10-25,127400.0,13,9800.0,Bank Transfer,Cancelled
ORD-156986,BIZ-1046,3,5,2025-10-14,147000.0,15,9800.0,Cash,Cancelled
ORD-383298,BIZ-1039,3,3,2025-10-03,190000.0,19,10000.0,Cash,Pending
ORD-781448,BIZ-1037,2,2,2025-10-25,42000.0,4,10500.0,Bank Transfer,Delivered
ORD-723210,BIZ-1060,3,2,2025-10-04,333200.0,34,9800.0,Cash,Delivered
ORD-692910,BIZ-1060,4,5,2025-10-03,260000.0,26,10000.0,POS,Cancelled
ORD-447401,BIZ-1058,3,2,2025-10-15,209000.0,22,9500.0,POS,Delivered
ORD-227341,BIZ-1058,3,5,2025-10-26,190000.0,20,9500.0,POS,Pending
ORD-807173,BIZ-1055,2,1,2025-10-23,332500.0,35,9500.0,Bank Transfer,Cancelled
ORD-851778,BIZ-1058,2,3,2025-10-16,147000.0,15,9800.0,Cash,Cancelled
ORD-315025,BIZ-1012,4,2,2025-10-02,156800.0,16,9800.0,Bank Transfer,Delivered
ORD-689351,BIZ-1022,2,5,2025-10-16,220500.0,21,10500.0,Bank Transfer,Pending
ORD-619364,BIZ-1033,2,4,2025-10-23,38000.0,4,9500.0,Cash,Pending
ORD-808502,BIZ-1022,4,4,2025-10-05,157500.0,15,10500.0,POS,Cancelled
ORD-262293,BIZ-1025,4,1,2025-10-20,95000.0,10,9500.0,POS,Pending
ORD-425992,BIZ-1019,3,2,2025-10-10,275500.0,29,9500.0,Cash,Cancelled
ORD-106764,BIZ-1025,1,2,2025-10-22,392000.0,40,9800.0,POS,Cancelled
ORD-753959,BIZ-1020,4,5,2025-10-25,294500.0,31,9500.0,Cash,Cancelled
ORD-220280,BIZ-1013,4,3,2025-10-21,73500.0,7,10500.0,Cash,Delivered
ORD-260455,BIZ-1059,4,2,2025-10-03,218500.0,23,9500.0,POS,Cancelled
ORD-226913,BIZ-1005,3,4,2025-10-19,152000.0,16,9500.0,POS,Pending
ORD-359214,BIZ-1058,4,2,2025-10-16,228000.0,24,9500.0,Bank Transfer,Cancelled
ORD-596754,BIZ-1059,1,3,2025-10-07,52500.0,5,10000.0,Cash,Cancelled
ORD-630374,BIZ-1008,2,1,2025-10-01,304000.0,32,9500.0,Bank Transfer,Pending
ORD-158356,BIZ-1057,2,2,2025-10-14,230000.0,23,10000.0,POS,Pending
ORD-414492,BIZ-1024,2,3,2025-10-28,362600.0,37,9800.0,Bank Transfer,Cancelled
ORD-292984,BIZ-1009,2,4,2025-10-13,336000.0,32,10500.0,POS,Pending
ORD-982608,BIZ-1024,3,3,2025-10-25,254800.0,26,9800.0,POS,Cancelled
ORD-372914,BIZ-1048,1,2,2025-10-26,220500.0,21,10000.0,Cash,Delivered
ORD-814416,BIZ-1039,4,4,2025-10-25,372400.0,38,9800.0,Bank Transfer,Cancelled
ORD-747137,BIZ-1057,3,3,2025-10-14,237500.0,25,9500.0,POS,Delivered
ORD-253350,BIZ-1008,1,3,2025-10-04,76000.0,8,9500.0,Bank Transfer,Cancelled
ORD-293785,BIZ-1053,3,4,2025-10-20,50000.0,5,10000.0,POS,Pending
ORD-880768,BIZ-1035,1,2,2025-10-05,38000.0,4,9500.0,Cash,Cancelled
ORD-279071,BIZ-1031,3,5,2025-10-20,254800.0,26,9800.0,POS,Cancelled
ORD-833613,BIZ-1046,4,3,2025-10-16,357000.0,34,10500.0,Cash,Delivered
ORD-599288,BIZ-1051,4,2,2025-10-17,60000.0,6,10000.0,POS,Pending
ORD-403509,BIZ-1022,3,4,2025-10-15,323400.0,33,9800.0,POS,Pending
ORD-717363,BIZ-1061,2,3,2025-10-21,294000.0,28,10500.0,Bank Transfer,Pending
ORD-800133,BIZ-1024,2,5,2025-10-15,284200.0,29,10000.0,Cash,Cancelled
ORD-504562,BIZ-1061,1,2,2025-10-09,351500.0,37,9500.0,Bank Transfer,Pending
ORD-212549,BIZ-1047,2,3,2025-10-21,78400.0,8,9800.0,Bank Transfer,Cancelled
ORD-953009,BIZ-1032,2,2,2025-10-14,388500.0,37,10500.0,Cash,Delivered
ORD-129329,BIZ-1000,2,4,2025-10-13,42000.0,4,10500.0,Cash,Pending
ORD-225961,BIZ-1054,4,2,2025-10-09,189000.0,18,10500.0,Cash,Cancelled
ORD-111554,BIZ-1053,3,3,2025-10-17,78400.0,8,9800.0,POS,Pending
ORD-135739,BIZ-1021,2,3,2025-10-18,178500.0,17,10500.0,Cash,Cancelled
ORD-789115,BIZ-1017,2,5,2025-10-20,160000.0,16,10000.0,Bank Transfer,Cancelled
ORD-144702,BIZ-1004,4,3,2025-10-19,160000.0,16,10000.0,Bank Transfer,Delivered
ORD-471958,BIZ-1010,3,4,2025-10-28,225400.0,23,9800.0,POS,Delivered
ORD-590636,BIZ-1003,2,3,2025-10-29,42000.0,4,10500.0,POS,Cancelled
ORD-580614,BIZ-1001,4,3,2025-10-27,78400.0,8,9800.0,Bank Transfer,Cancelled
ORD-266004,BIZ-1050,1,2,2025-10-09,63000.0,6,10500.0,Cash,Delivered
ORD-997412,BIZ-1019,3,2,2025-10-11,29400.0,3,9800.0,POS,Pending
ORD-321018,BIZ-1015,3,5,2025-10-26,352800.0,36,9800.0,POS,Pending
ORD-840530,BIZ-1053,4,5,2025-10-11,333200.0,34,9800.0,Bank Transfer,Delivered
ORD-637966,BIZ-1013,1,3,2025-10-16,220000.0,22,10000.0,POS,Delivered
ORD-787781,BIZ-1013,2,3,2025-10-02,39200.0,4,9800.0,Cash,Pending
ORD-787796,BIZ-1007,3,2,2025-10-05,313500.0,33,9500.0,POS,Delivered
ORD-455772,BIZ-1022,2,5,2025-10-22,254800.0,26,9800.0,Bank Transfer,Pending
ORD-924911,BIZ-1007,1,2,2025-10-14,147000.0,15,9800.0,POS,Delivered
ORD-923091,BIZ-1009,4,3,2025-10-05,63000.0,6,10500.0,Cash,Delivered
ORD-417645,BIZ-1021,4,1,2025-10-23,160000.0,16,10000.0,POS,Cancelled
ORD-171523,BIZ-1031,2,3,2025-10-28,40000.0,4,10000.0,POS,Cancelled
ORD-776472,BIZ-1040,3,3,2025-10-28,336000.0,32,10500.0,Cash,Delivered
ORD-594668,BIZ-1057,2,2,2025-10-15,49000.0,5,9800.0,Cash,Cancelled
ORD-289136,BIZ-1011,2,2,2025-10-19,205800.0,21,9800.0,POS,Cancelled
ORD-631607,BIZ-1017,2,3,2025-10-18,47500.0,5,9500.0,Cash,Delivered
ORD-650957,BIZ-1024,4,2,2025-10-24,372400.0,38,9800.0,Bank Transfer,Cancelled
ORD-831663,BIZ-1061,1,3,2025-10-08,171000.0,18,10000.0,POS,Cancelled
ORD-708934,BIZ-1003,2,3,2025-10-10,252000.0,24,10500.0,Bank Transfer,Cancelled
ORD-747469,BIZ-1036,1,4,2025-10-11,166600.0,17,9800.0,Cash,Cancelled
ORD-170852,BIZ-1015,3,1,2025-10-25,262500.0,25,10500.0,Cash,Delivered
ORD-993419,BIZ-1030,1,5,2025-10-02,260000.0,26,10000.0,Cash,Delivered
ORD-342959,BIZ-1032,3,5,2025-10-22,38000.0,4,9500.0,Bank Transfer,Pending
ORD-211380,BIZ-1015,2,2,2025-10-03,399000.0,38,10500.0,Cash,Pending
ORD-812321,BIZ-1051,3,4,2025-10-15,372400.0,38,9800.0,Bank Transfer,Cancelled
ORD-896822,BIZ-1022,3,2,2025-10-15,52500.0,5,10500.0,Bank Transfer,Cancelled
ORD-909231,BIZ-1001,2,3,2025-10-07,372400.0,38,9800.0,Cash,Delivered
ORD-868236,BIZ-1043,3,1,2025-10-25,340000.0,34,10000.0,Bank Transfer,Pending
ORD-210553,BIZ-1017,1,5,2025-10-24,304000.0,32,9500.0,Cash,Pending
ORD-282450,BIZ-1018,3,1,2025-10-27,247000.0,26,9500.0,Cash,Cancelled
ORD-502740,BIZ-1020,1,1,2025-10-22,115500.0,11,10500.0,Cash,Pending
ORD-540460,BIZ-1030,1,4,2025-10-23,199500.0,19,10500.0,Bank Transfer,Delivered
ORD-164934,BIZ-1003,2,3,2025-10-28,150000.0,15,10000.0,POS,Cancelled
ORD-220034,BIZ-1054,1,5,2025-10-19,107800.0,11,10000.0,Bank Transfer,Pending
ORD-886363,BIZ-1032,1,5,2025-10-02,63000.0,6,10500.0,Bank Transfer,Pending
ORD-900432,BIZ-1045,3,5,2025-10-03,262500.0,25,10500.0,Cash,Pending
ORD-761959,BIZ-1017,4,4,2025-10-12,38000.0,4,9500.0,Bank Transfer,Cancelled
ORD-282522,BIZ-1011,3,3,2025-10-26,323000.0,34,9500.0,POS,Pending
ORD-832667,BIZ-1043,1,5,2025-10-10,73500.0,7,10500.0,Bank Transfer,Delivered
ORD-239687,BIZ-1011,1,1,2025-10-14,161500.0,17,9500.0,Bank Transfer,Delivered
ORD-701651,BIZ-1056,4,5,2025-10-30,180500.0,19,9500.0,Cash,Delivered
ORD-305225,BIZ-1008,2,1,2025-10-17,237500.0,25,9500.0,Cash,Cancelled
ORD-558767,BIZ-1045,2,4,2025-10-08,60000.0,6,10000.0,Bank Transfer,Delivered
ORD-336450,BIZ-1019,4,5,2025-10-21,136500.0,13,10500.0,POS,Delivered
ORD-269963,BIZ-1030,3,5,2025-10-07,90000.0,9,10000.0,Cash,Cancelled
ORD-654203,BIZ-1050,4,1,2025-10-14,199500.0,21,9500.0,POS,Pending
ORD-301636,BIZ-1021,3,5,2025-10-25,303800.0,31,10000.0,Bank Transfer,Cancelled
ORD-125420,BIZ-1013,1,4,2025-10-03,196000.0,20,9800.0,POS,Delivered
ORD-801138,BIZ-1007,1,5,2025-10-19,70000.0,7,10000.0,POS,Delivered
ORD-134853,BIZ-1021,2,4,2025-10-03,180500.0,19,9500.0,Bank Transfer,Delivered
ORD-105490,BIZ-1056,4,2,2025-10-25,330000.0,33,10000.0,POS,Delivered
ORD-527847,BIZ-1048,4,5,2025-10-11,186200.0,19,9800.0,Bank Transfer,Delivered
ORD-175460,BIZ-1004,3,4,2025-10-18,78400.0,8,9800.0,Cash,Pending
ORD-815507,BIZ-1014,3,5,2025-10-11,29400.0,3,9800.0,POS,Pending
ORD-863660,BIZ-1035,4,5,2025-10-22,294000.0,28,10500.0,POS,Pending
ORD-620277,BIZ-1013,1,3,2025-10-20,332500.0,35,9500.0,Bank Transfer,Cancelled
ORD-317553,BIZ-1058,4,3,2025-10-06,78400.0,8,9800.0,POS,Pending
ORD-596744,BIZ-1001,4,5,2025-10-18,370500.0,39,9500.0,Cash,Cancelled
ORD-473801,BIZ-1024,2,1,2025-10-16,351500.0,37,9500.0,Bank Transfer,Cancelled
ORD-685836,BIZ-1033,3,4,2025-10-19,76000.0,8,9500.0,Bank Transfer,Delivered
ORD-170416,BIZ-1005,1,2,2025-10-26,340000.0,34,10000.0,Bank Transfer,Pending
ORD-755853,BIZ-1057,1,5,2025-10-14,254800.0,26,9800.0,Bank Transfer,Cancelled
ORD-174310,BIZ-1018,1,2,2025-10-12,161500.0,17,9500.0,POS,Cancelled
ORD-233370,BIZ-1046,1,3,2025-10-18,178500.0,17,10500.0,Cash,Delivered
ORD-412713,BIZ-1014,3,2,2025-10-24,156800.0,16,9800.0,Cash,Delivered
ORD-622937,BIZ-1050,1,3,2025-10-04,166600.0,17,9800.0,Cash,Delivered
ORD-730707,BIZ-1029,4,4,2025-10-07,304500.0,29,10500.0,Cash,Delivered
ORD-123637,BIZ-1048,4,3,2025-10-17,392000.0,40,9800.0,POS,Pending
ORD-403978,BIZ-1057,3,3,2025-10-07,310000.0,31,10000.0,Cash,Delivered
ORD-363592,BIZ-1001,4,5,2025-10-28,47500.0,5,9500.0,Bank Transfer,Pending
ORD-475290,BIZ-1031,1,2,2025-10-12,38000.0,4,9500.0,POS,Delivered
ORD-265531,BIZ-1017,3,3,2025-10-03,228000.0,24,9500.0,Bank Transfer,Pending
ORD-178409,BIZ-1026,2,5,2025-10-30,294000.0,30,9800.0,Bank Transfer,Pending
ORD-353124,BIZ-1039,3,3,2025-10-17,230000.0,23,10000.0,POS,Cancelled
ORD-740939,BIZ-1008,1,1,2025-10-26,343000.0,35,9800.0,Cash,Cancelled
ORD-518612,BIZ-1056,1,2,2025-10-16,150000.0,15,10000.0,POS,Cancelled
ORD-672461,BIZ-1054,1,3,2025-10-19,68600.0,7,9800.0,POS,Delivered
ORD-216260,BIZ-1043,4,4,2025-10-21,115500.0,11,10500.0,Cash,Cancelled
ORD-375831,BIZ-1025,1,2,2025-10-18,30000.0,3,10000.0,Cash,Pending
ORD-133842,BIZ-1031,2,2,2025-10-20,142500.0,15,9500.0,Bank Transfer,Delivered
ORD-373553,BIZ-1033,3,2,2025-10-11,274400.0,28,9800.0,Cash,Delivered
ORD-901883,BIZ-1030,3,5,2025-10-07,210000.0,20,10500.0,Bank Transfer,Pending
ORD-314154,BIZ-1014,4,5,2025-10-02,10500.0,1,10000.0,Bank Transfer,Cancelled
ORD-869521,BIZ-1045,2,3,2025-10-17,360000.0,36,10000.0,Bank Transfer,Pending
ORD-894133,BIZ-1028,4,3,2025-10-10,315000.0,30,10500.0,Bank Transfer,Delivered
ORD-165356,BIZ-1050,2,5,2025-10-20,152000.0,16,9500.0,Bank Transfer,Cancelled
ORD-176453,BIZ-1056,2,5,2025-10-08,170000.0,17,10000.0,POS,Delivered
ORD-691246,BIZ-1008,2,5,2025-10-25,110000.0,11,10000.0,Bank Transfer,Delivered
ORD-837244,BIZ-1022,2,4,2025-10-28,123500.0,13,9500.0,Cash,Pending
ORD-946712,BIZ-1044,1,5,2025-10-26,73500.0,7,10500.0,Bank Transfer,Cancelled
ORD-174200,BIZ-1017,4,3,2025-10-02,66500.0,7,9500.0,Cash,Pending
ORD-727203,BIZ-1049,4,2,2025-10-29,68600.0,7,9800.0,Cash,Pending
ORD-184508,BIZ-1029,2,4,2025-10-23,370500.0,39,9500.0,Cash,Delivered
ORD-602028,BIZ-1029,4,1,2025-10-27,313600.0,32,9800.0,Bank Transfer,Delivered
ORD-383648,BIZ-1003,4,1,2025-10-29,166600.0,17,9800.0,POS,Pending
ORD-209116,BIZ-1029,1,1,2025-10-22,29400.0,3,9800.0,POS,Cancelled
ORD-632261,BIZ-1040,3,3,2025-10-02,78400.0,8,9800.0,Bank Transfer,Cancelled
ORD-467271,BIZ-1004,2,5,2025-10-07,392000.0,40,9800.0,POS,Pending
ORD-418157,BIZ-1000,3,4,2025-10-13,205800.0,21,9800.0,Bank Transfer,Pending
ORD-338818,BIZ-1008,1,3,2025-10-24,220500.0,21,10500.0,Bank Transfer,Delivered
ORD-158045,BIZ-1059,1,2,2025-10-01,60000.0,6,10000.0,Bank Transfer,Delivered
ORD-919800,BIZ-1034,1,2,2025-10-01,367500.0,35,10500.0,Bank Transfer,Pending
ORD-660134,BIZ-1001,3,4,2025-10-25,220000.0,22,10000.0,Bank Transfer,Cancelled
ORD-497817,BIZ-1029,1,3,2025-10-19,66500.0,7,9500.0,Cash,Cancelled
ORD-873768,BIZ-1050,3,4,2025-10-21,228000.0,24,9500.0,Bank Transfer,Delivered
ORD-605595,BIZ-1046,2,4,2025-10-01,323400.0,33,9800.0,POS,Pending
ORD-902875,BIZ-1037,4,4,2025-10-02,19000.0,2,9500.0,Bank Transfer,Cancelled
ORD-231320,BIZ-1014,3,3,2025-10-12,178500.0,17,10500.0,POS,Cancelled
ORD-547567,BIZ-1050,1,2,2025-10-13,325500.0,31,10500.0,Bank Transfer,Pending
ORD-221197,BIZ-1041,3,2,2025-10-17,388500.0,37,10500.0,POS,Delivered
ORD-745559,BIZ-1012,1,1,2025-10-14,20000.0,2,10000.0,POS,Pending
ORD-485570,BIZ-1050,1,5,2025-10-30,166600.0,17,9800.0,Cash,Delivered
ORD-459793,BIZ-1053,4,5,2025-10-11,66500.0,7,9500.0,Bank Transfer,Delivered
ORD-160736,BIZ-1034,4,4,2025-10-14,20000.0,2,10000.0,Bank Transfer,Delivered
ORD-196459,BIZ-1058,1,4,2025-10-08,180500.0,19,9500.0,Bank Transfer,Pending
ORD-338158,BIZ-1025,4,5,2025-10-18,240000.0,24,10000.0,Bank Transfer,Delivered
ORD-889125,BIZ-1012,1,2,2025-10-13,303800.0,31,9800.0,POS,Pending
ORD-931710,BIZ-1044,1,4,2025-10-27,294000.0,28,10500.0,Cash,Pending
ORD-148003,BIZ-1027,4,3,2025-10-17,52500.0,5,10500.0,Cash,Pending
ORD-115622,BIZ-1026,3,2,2025-10-30,290000.0,29,10000.0,POS,Pending
ORD-362062,BIZ-1031,1,2,2025-10-27,285000.0,30,9500.0,POS,Cancelled
ORD-180333,BIZ-1028,4,2,2025-10-25,58800.0,6,9800.0,Bank Transfer,Pending
ORD-559859,BIZ-1033,1,4,2025-10-02,346500.0,33,10500.0,Cash,Pending
ORD-145843,BIZ-1022,2,5,2025-10-06,80000.0,8,10000.0,POS,Cancelled
ORD-731678,BIZ-1000,4,2,2025-10-10,256500.0,27,9500.0,Cash,Delivered
ORD-356108,BIZ-1009,4,3,2025-10-20,332500.0,35,9500.0,Cash,Cancelled
ORD-236017,BIZ-1044,3,5,2025-10-30,29400.0,3,9800.0,Cash,Pending
ORD-601954,BIZ-1005,1,4,2025-10-19,330000.0,33,10000.0,POS,Cancelled
ORD-788484,BIZ-1000,4,2,2025-10-20,205800.0,21,9800.0,Bank Transfer,Pending
ORD-362352,BIZ-1046,1,2,2025-10-03,180000.0,18,10000.0,POS,Delivered
ORD-315860,BIZ-1031,2,5,2025-10-29,275500.0,29,9500.0,Bank Transfer,Pending
ORD-870932,BIZ-1049,4,3,2025-10-15,150000.0,15,10000.0,Bank Transfer,Delivered
ORD-330987,BIZ-1026,3,1,2025-10-25,42000.0,4,10500.0,Bank Transfer,Pending
ORD-417423,BIZ-1012,1,4,2025-10-14,360000.0,36,10000.0,POS,Pending
ORD-918107,BIZ-1004,2,2,2025-10-29,230000.0,23,10000.0,POS,Pending
ORD-785395,BIZ-1027,3,1,2025-10-17,180000.0,18,10000.0,POS,Cancelled
ORD-380531,BIZ-1002,4,3,2025-10-08,399000.0,38,10500.0,POS,Cancelled
ORD-667719,BIZ-1035,1,4,2025-10-10,333200.0,34,10000.0,Bank Transfer,Cancelled
ORD-156620,BIZ-1045,1,4,2025-10-16,31500.0,3,10500.0,Cash,Delivered
ORD-530790,BIZ-1059,4,4,2025-10-11,400000.0,40,10000.0,Bank Transfer,Delivered
ORD-752079,BIZ-1012,3,3,2025-10-22,199500.0,19,10500.0,Cash,Cancelled
ORD-182256,BIZ-1061,2,4,2025-10-15,304000.0,32,9500.0,Bank Transfer,Cancelled
ORD-243792,BIZ-1005,4,3,2025-10-07,210000.0,20,10500.0,Bank Transfer,Cancelled
ORD-646302,BIZ-1011,2,2,2025-10-26,270000.0,27,10000.0,Cash,Delivered
ORD-877947,BIZ-1023,4,4,2025-10-07,190000.0,19,10000.0,POS,Pending
ORD-228710,BIZ-1010,4,4,2025-10-17,388500.0,37,10500.0,Bank Transfer,Delivered
ORD-956036,BIZ-1031,4,4,2025-10-12,84000.0,8,10500.0,Bank Transfer,Delivered
ORD-137609,BIZ-1005,4,4,2025-10-24,110000.0,11,10000.0,POS,Pending
ORD-832264,BIZ-1017,3,3,2025-10-30,186200.0,19,9800.0,Bank Transfer,Delivered
ORD-901313,BIZ-1041,4,3,2025-10-14,210000.0,20,10500.0,POS,Pending
ORD-219787,BIZ-1055,1,4,2025-10-14,370500.0,39,9500.0,Cash,Delivered
ORD-976950,BIZ-1018,4,3,2025-10-01,313500.0,33,9500.0,POS,Cancelled
ORD-391469,BIZ-1054,2,3,2025-10-02,323400.0,33,9800.0,POS,Delivered
ORD-415005,BIZ-1037,3,5,2025-10-18,199500.0,19,10500.0,POS,Delivered
ORD-188597,BIZ-1006,3,4,2025-10-25,68600.0,7,9800.0,POS,Pending
ORD-996086,BIZ-1044,1,2,2025-10-02,186200.0,19,9800.0,Bank Transfer,Pending
ORD-619419,BIZ-1009,2,4,2025-10-19,241500.0,23,10500.0,POS,Delivered
ORD-501172,BIZ-1014,2,4,2025-10-01,115500.0,11,10500.0,Cash,Delivered
ORD-146573,BIZ-1038,2,2,2025-10-12,19600.0,2,9800.0,Cash,Pending
ORD-497753,BIZ-1031,2,3,2025-10-07,127400.0,13,9800.0,POS,Pending
ORD-552025,BIZ-1035,2,2,2025-10-06,180500.0,19,9500.0,Cash,Delivered
ORD-792482,BIZ-1027,1,2,2025-10-16,199500.0,21,9500.0,Bank Transfer,Delivered
ORD-667855,BIZ-1008,3,4,2025-10-10,220000.0,22,10000.0,Bank Transfer,Cancelled
ORD-127254,BIZ-1019,3,3,2025-10-23,19600.0,2,10000.0,Bank Transfer,Pending
ORD-891127,BIZ-1006,4,2,2025-10-28,68600.0,7,9800.0,Bank Transfer,Delivered
ORD-968386,BIZ-1058,1,4,2025-10-27,235200.0,24,9800.0,POS,Pending
ORD-949602,BIZ-1008,4,3,2025-10-28,166600.0,17,9800.0,POS,Delivered
ORD-327062,BIZ-1013,2,2,2025-10-23,235200.0,24,9800.0,Cash,Pending
ORD-457506,BIZ-1004,4,4,2025-10-23,76000.0,8,9500.0,POS,Pending
ORD-751721,BIZ-1000,2,2,2025-10-22,400000.0,40,10000.0,Cash,Cancelled
ORD-548317,BIZ-1033,2,5,2025-10-14,60000.0,6,10000.0,Bank Transfer,Pending
ORD-871137,BIZ-1002,4,2,2025-10-24,205800.0,21,9800.0,POS,Cancelled
ORD-946616,BIZ-1055,3,4,2025-10-23,400000.0,40,10000.0,Cash,Cancelled
ORD-506963,BIZ-1026,3,2,2025-10-04,380000.0,38,10000.0,Bank Transfer,Delivered
ORD-810902,BIZ-1052,2,2,2025-10-29,130000.0,13,10000.0,Cash,Cancelled
ORD-660737,BIZ-1014,2,2,2025-10-09,39200.0,4,9800.0,POS,Cancelled
ORD-700417,BIZ-1059,3,3,2025-10-14,20000.0,2,10000.0,Cash,Delivered
ORD-906367,BIZ-1048,4,2,2025-10-22,304000.0,32,9500.0,Cash,Pending
ORD-270444,BIZ-1044,2,2,2025-10-16,186200.0,19,9800.0,Cash,Cancelled
ORD-590033,BIZ-1061,4,3,2025-10-29,325500.0,31,10500.0,Cash,Pending
ORD-349799,BIZ-1057,2,2,2025-10-23,189000.0,18,10500.0,Bank Transfer,Pending
ORD-115920,BIZ-1034,3,4,2025-10-04,280000.0,28,10000.0,Cash,Delivered
ORD-815756,BIZ-1040,4,5,2025-10-09,245000.0,25,10000.0,POS,Pending
ORD-189691,BIZ-1022,2,5,2025-10-29,94500.0,9,10500.0,Bank Transfer,Pending
ORD-908807,BIZ-1056,2,5,2025-10-30,294000.0,30,9800.0,POS,Pending
ORD-453928,BIZ-1008,1,4,2025-10-17,19000.0,2,10000.0,Bank Transfer,Pending
ORD-140481,BIZ-1053,1,5,2025-10-18,21000.0,2,10500.0,Cash,Pending
ORD-479264,BIZ-1034,3,4,2025-10-19,136500.0,13,10500.0,Cash,Delivered
ORD-362682,BIZ-1045,1,5,2025-10-09,362600.0,37,9800.0,Cash,Delivered
ORD-949618,BIZ-1019,4,2,2025-10-24,284200.0,29,9800.0,Cash,Cancelled
ORD-112938,BIZ-1021,2,2,2025-10-24,73500.0,7,10500.0,Bank Transfer,Cancelled
ORD-696053,BIZ-1046,1,2,2025-10-04,247000.0,26,9500.0,Cash,Delivered
ORD-976609,BIZ-1030,1,1,2025-10-20,150000.0,15,10000.0,Cash,Delivered
ORD-287469,BIZ-1038,1,2,2025-10-08,300000.0,30,10000.0,Cash,Delivered
ORD-118105,BIZ-1055,4,5,2025-10-14,320000.0,32,10000.0,Cash,Pending
ORD-589097,BIZ-1061,2,3,2025-10-14,390000.0,39,10000.0,POS,Cancelled
ORD-476149,BIZ-1057,4,2,2025-10-02,78400.0,8,9800.0,POS,Delivered
ORD-985339,BIZ-1044,1,3,2025-10-15,320000.0,32,10000.0,POS,Delivered
ORD-528459,BIZ-1014,1,2,2025-10-17,333200.0,34,9800.0,POS,Pending
ORD-183410,BIZ-1028,1,2,2025-10-02,19600.0,2,9800.0,Cash,Cancelled
ORD-739975,BIZ-1002,4,4,2025-10-09,94500.0,9,10500.0,Cash,Pending
ORD-167154,BIZ-1023,2,4,2025-10-17,171000.0,18,9500.0,Cash,Cancelled
ORD-370539,BIZ-1027,2,4,2025-10-14,250000.0,25,10000.0,Bank Transfer,Delivered
ORD-389558,BIZ-1047,1,4,2025-10-23,378000.0,36,10500.0,Bank Transfer,Delivered
ORD-618970,BIZ-1001,1,2,2025-10-08,218500.0,23,9500.0,POS,Cancelled
ORD-760957,BIZ-1055,3,3,2025-10-04,382200.0,39,9800.0,POS,Pending
ORD-747966,BIZ-1032,1,2,2025-10-06,220000.0,22,10000.0,Cash,Pending
ORD-343974,BIZ-1059,2,2,2025-10-20,336000.0,32,10500.0,Bank Transfer,Cancelled
ORD-140372,BIZ-1013,2,2,2025-10-04,140000.0,14,10000.0,Bank Transfer,Cancelled
ORD-631333,BIZ-1015,1,3,2025-10-06,294000.0,30,9800.0,POS,Delivered
ORD-708059,BIZ-1035,1,4,2025-10-26,409500.0,39,10500.0,Cash,Delivered
ORD-680290,BIZ-1036,1,3,2025-10-10,28500.0,3,9500.0,Bank Transfer,Pending
ORD-163766,BIZ-1035,3,5,2025-10-22,284200.0,29,9800.0,Bank Transfer,Cancelled
ORD-371638,BIZ-1042,4,5,2025-10-29,178500.0,17,10500.0,Bank Transfer,Pending
ORD-116901,BIZ-1047,2,3,2025-10-30,50000.0,5,10000.0,Bank Transfer,Delivered
ORD-999143,BIZ-1018,1,4,2025-10-21,20000.0,2,10000.0,POS,Cancelled
ORD-666693,BIZ-1036,3,3,2025-10-26,352800.0,36,9800.0,Bank Transfer,Delivered
ORD-729752,BIZ-1024,3,3,2025-10-22,370000.0,37,10000.0,POS,Delivered
ORD-214466,BIZ-1008,4,2,2025-10-08,157500.0,15,10500.0,Bank Transfer,Delivered
ORD-565371,BIZ-1008,1,5,2025-10-03,420000.0,40,10500.0,Bank Transfer,Cancelled
ORD-181212,BIZ-1039,3,2,2025-10-04,200000.0,20,10000.0,POS,Cancelled
ORD-441614,BIZ-1003,3,2,2025-10-08,300000.0,30,10000.0,Cash,Cancelled
ORD-969414,BIZ-1010,3,3,2025-10-18,19000.0,2,9500.0,Bank Transfer,Delivered
ORD-536175,BIZ-1011,3,2,2025-10-25,21000.0,2,10500.0,Bank Transfer,Cancelled
ORD-547191,BIZ-1049,2,1,2025-10-03,380000.0,38,10000.0,Bank Transfer,Cancelled
ORD-250029,BIZ-1046,3,2,2025-10-27,220500.0,21,10500.0,Bank Transfer,Delivered
ORD-736450,BIZ-1031,4,1,2025-10-01,50000.0,5,10000.0,Bank Transfer,Pending
ORD-451258,BIZ-1057,3,2,2025-10-24,252000.0,24,10500.0,Bank Transfer,Delivered
ORD-783648,BIZ-1048,4,4,2025-10-30,9500.0,1,9500.0,POS,Pending
ORD-408347,BIZ-1031,2,4,2025-10-12,52500.0,5,10500.0,Bank Transfer,Cancelled
ORD-268100,BIZ-1051,1,4,2025-10-19,171000.0,18,9500.0,Bank Transfer,Pending
ORD-405002,BIZ-1046,4,5,2025-10-12,346500.0,33,10500.0,POS,Cancelled
ORD-719946,BIZ-1057,2,1,2025-10-28,320000.0,32,10000.0,Bank Transfer,Cancelled
ORD-738622,BIZ-1047,2,5,2025-10-01,209000.0,22,9500.0,Bank Transfer,Pending
ORD-428315,BIZ-1040,1,2,2025-10-07,420000.0,40,10500.0,Cash,Pending
ORD-918805,BIZ-1006,4,2,2025-10-16,400000.0,40,10000.0,Cash,Delivered
ORD-921524,BIZ-1060,2,4,2025-10-23,346500.0,33,10500.0,POS,Delivered
ORD-460765,BIZ-1042,3,5,2025-10-18,186200.0,19,9800.0,Bank Transfer,Cancelled
ORD-497242,BIZ-1016,2,4,2025-10-29,360000.0,36,10000.0,POS,Cancelled
ORD-134183,BIZ-1011,1,4,2025-10-25,178500.0,17,10500.0,Cash,Pending
ORD-257364,BIZ-1043,2,2,2025-10-20,166600.0,17,9800.0,POS,Pending
ORD-780748,BIZ-1033,4,3,2025-10-12,73500.0,7,10500.0,Cash,Delivered
ORD-181066,BIZ-1013,2,1,2025-10-03,304500.0,29,10000.0,Cash,Pending
ORD-335490,BIZ-1035,3,4,2025-10-29,380000.0,40,9500.0,Cash,Cancelled
ORD-702343,BIZ-1014,1,3,2025-10-17,294000.0,28,10500.0,Cash,Delivered
ORD-869603,BIZ-1021,1,3,2025-10-19,346500.0,33,10500.0,POS,Cancelled
ORD-868654,BIZ-1013,4,3,2025-10-13,205800.0,21,9800.0,Bank Transfer,Delivered
ORD-653392,BIZ-1045,1,4,2025-10-04,110000.0,11,10000.0,Cash,Cancelled
ORD-736592,BIZ-1004,1,5,2025-10-24,180000.0,18,10000.0,Bank Transfer,Pending
ORD-649923,BIZ-1031,2,3,2025-10-15,332500.0,35,9500.0,Bank Transfer,Pending
ORD-432335,BIZ-1052,1,3,2025-10-16,31500.0,3,10500.0,Cash,Delivered
ORD-976618,BIZ-1041,2,1,2025-10-09,346500.0,33,10500.0,POS,Delivered
ORD-355882,BIZ-1053,3,2,2025-10-18,274400.0,28,9800.0,POS,Cancelled
ORD-937818,BIZ-1005,1,5,2025-10-10,115500.0,11,10500.0,Cash,Delivered
ORD-479547,BIZ-1058,4,3,2025-10-24,100000.0,10,10000.0,Bank Transfer,Delivered
ORD-430108,BIZ-1045,3,4,2025-10-07,98000.0,10,9800.0,POS,Pending
ORD-221023,BIZ-1002,3,5,2025-10-23,300000.0,30,10000.0,Bank Transfer,Delivered
ORD-566624,BIZ-1008,2,3,2025-10-21,196000.0,20,9800.0,Cash,Delivered
ORD-529838,BIZ-1047,2,3,2025-10-22,9500.0,1,9500.0,POS,Delivered
ORD-687681,BIZ-1023,1,4,2025-10-11,256500.0,27,9500.0,Bank Transfer,Pending
ORD-479895,BIZ-1017,4,5,2025-10-16,49000.0,5,9800.0,POS,Delivered
ORD-734617,BIZ-1029,4,5,2025-10-20,90000.0,9,10000.0,POS,Cancelled
ORD-924499,BIZ-1038,4,4,2025-10-07,409500.0,39,10500.0,POS,Pending
ORD-696998,BIZ-1038,3,4,2025-10-13,31500.0,3,10500.0,Cash,Pending
ORD-231366,BIZ-1038,2,2,2025-10-25,237500.0,25,9500.0,Bank Transfer,Pending
ORD-356842,BIZ-1052,2,4,2025-10-28,28500.0,3,9500.0,POS,Cancelled
ORD-527417,BIZ-1060,2,2,2025-10-24,320000.0,32,10000.0,Cash,Cancelled
ORD-798249,BIZ-1047,4,2,2025-10-21,275500.0,29,9500.0,POS,Cancelled
ORD-372922,BIZ-1061,1,4,2025-10-05,315000.0,30,10500.0,Cash,Pending
ORD-458163,BIZ-1060,3,5,2025-10-24,320000.0,32,10000.0,Cash,Pending
ORD-185465,BIZ-1028,4,4,2025-10-10,346500.0,33,10500.0,POS,Delivered
ORD-629558,BIZ-1039,2,4,2025-10-13,199500.0,19,10500.0,Cash,Delivered
ORD-703992,BIZ-1045,1,4,2025-10-30,320000.0,32,10000.0,Cash,Delivered
ORD-910176,BIZ-1004,1,3,2025-10-15,409500.0,39,10500.0,Bank Transfer,Cancelled
ORD-288655,BIZ-1007,3,2,2025-10-06,166600.0,17,9800.0,Bank Transfer,Delivered
ORD-116265,BIZ-1003,3,5,2025-10-27,147000.0,15,9800.0,POS,Delivered
ORD-538960,BIZ-1059,3,2,2025-10-06,10500.0,1,10000.0,Bank Transfer,Cancelled
ORD-681517,BIZ-1010,2,5,2025-10-08,10000.0,1,10000.0,Cash,Pending
ORD-592684,BIZ-1038,3,5,2025-10-22,315000.0,30,10500.0,POS,Pending
ORD-232537,BIZ-1055,4,3,2025-10-23,84000.0,8,10500.0,Bank Transfer,Pending
ORD-974364,BIZ-1042,1,4,2025-10-27,220500.0,21,10500.0,Bank Transfer,Pending
ORD-823566,BIZ-1042,4,3,2025-10-13,200000.0,20,10000.0,Cash,Cancelled
ORD-176561,BIZ-1001,2,3,2025-10-06,304500.0,29,10500.0,POS,Pending
ORD-655021,BIZ-1019,2,3,2025-10-04,262500.0,25,10500.0,Cash,Delivered
ORD-542875,BIZ-1025,1,4,2025-10-28,360000.0,36,10000.0,POS,Cancelled
ORD-521860,BIZ-1008,4,5,2025-10-11,215600.0,22,9800.0,Cash,Pending
ORD-353162,BIZ-1010,4,5,2025-10-21,114000.0,12,9500.0,Bank Transfer,Pending
ORD-224811,BIZ-1001,1,3,2025-10-22,388500.0,37,10500.0,Bank Transfer,Pending
ORD-964776,BIZ-1011,2,2,2025-10-11,240000.0,24,10000.0,Bank Transfer,Delivered
ORD-720209,BIZ-1031,2,4,2025-10-27,266000.0,28,9500.0,Cash,Cancelled
ORD-213006,BIZ-1051,1,3,2025-10-19,115500.0,11,10500.0,POS,Pending
ORD-147435,BIZ-1007,4,3,2025-10-30,28500.0,3,9500.0,Bank Transfer,Pending
ORD-472200,BIZ-1031,1,4,2025-10-03,283500.0,27,10500.0,Bank Transfer,Delivered
ORD-528736,BIZ-1020,1,4,2025-10-29,60000.0,6,10000.0,Bank Transfer,Delivered
ORD-876677,BIZ-1048,1,2,2025-10-19,343000.0,35,9800.0,Bank Transfer,Delivered
ORD-403343,BIZ-1033,2,4,2025-10-26,66500.0,7,9500.0,Cash,Pending
ORD-834122,BIZ-1028,2,3,2025-10-23,170000.0,17,10000.0,Cash,Pending
ORD-292362,BIZ-1036,2,2,2025-10-05,90000.0,9,10000.0,POS,Pending
ORD-718196,BIZ-1036,3,5,2025-10-22,70000.0,7,10000.0,Bank Transfer,Pending
ORD-634117,BIZ-1042,2,5,2025-10-28,409500.0,39,10500.0,Cash,Cancelled
ORD-108161,BIZ-1003,2,4,2025-10-03,333200.0,34,9800.0,Cash,Cancelled
ORD-487840,BIZ-1022,4,4,2025-10-18,343000.0,35,10000.0,POS,Delivered
ORD-575557,BIZ-1054,4,3,2025-10-21,220000.0,22,10000.0,POS,Pending
ORD-559891,BIZ-1023,2,3,2025-10-12,156800.0,16,9800.0,POS,Pending
ORD-857630,BIZ-1010,1,5,2025-10-06,52500.0,5,10500.0,POS,Pending
ORD-910555,BIZ-1027,3,3,2025-10-18,28500.0,3,9500.0,Bank Transfer,Pending
ORD-411792,BIZ-1009,4,3,2025-10-03,280000.0,28,10000.0,POS,Delivered
ORD-150633,BIZ-1012,4,5,2025-10-15,372400.0,38,9800.0,Bank Transfer,Pending
ORD-650705,BIZ-1005,3,3,2025-10-17,340000.0,34,10000.0,POS,Pending
ORD-985066,BIZ-1031,4,4,2025-10-18,136500.0,13,10500.0,Bank Transfer,Delivered
ORD-399113,BIZ-1055,3,4,2025-10-28,94500.0,9,10500.0,POS,Cancelled
ORD-434053,BIZ-1052,3,2,2025-10-10,205800.0,21,9800.0,POS,Cancelled
ORD-250152,BIZ-1048,3,2,2025-10-23,294000.0,30,10000.0,Bank Transfer,Pending
ORD-870310,BIZ-1059,2,5,2025-10-02,47500.0,5,9500.0,POS,Pending
ORD-866493,BIZ-1051,2,1,2025-10-27,110000.0,11,10000.0,POS,Delivered
ORD-644352,BIZ-1028,3,3,2025-10-07,95000.0,10,9500.0,Cash,Pending
ORD-745374,BIZ-1010,1,2,2025-10-09,264600.0,27,9800.0,POS,Pending
ORD-464218,BIZ-1013,2,2,2025-10-10,29400.0,3,10000.0,POS,Delivered
ORD-224309,BIZ-1014,2,2,2025-10-09,245000.0,25,9800.0,POS,Cancelled
ORD-610274,BIZ-1016,3,2,2025-10-09,60000.0,6,10000.0,Bank Transfer,Cancelled
ORD-277545,BIZ-1027,2,5,2025-10-14,320000.0,32,10000.0,Bank Transfer,Cancelled
ORD-372031,BIZ-1036,3,2,2025-10-09,176400.0,18,9800.0,Cash,Cancelled
ORD-890069,BIZ-1017,2,4,2025-10-30,196000.0,20,9800.0,Cash,Pending
ORD-342928,BIZ-1048,1,2,2025-10-04,228000.0,24,9500.0,Bank Transfer,Cancelled
ORD-247852,BIZ-1058,3,2,2025-10-20,42000.0,4,10500.0,Cash,Pending
ORD-678985,BIZ-1043,1,4,2025-10-03,10000.0,1,10000.0,Bank Transfer,Cancelled
ORD-891533,BIZ-1050,4,4,2025-10-26,10500.0,1,10500.0,POS,Cancelled
ORD-727459,BIZ-1041,2,1,2025-10-06,117600.0,12,9800.0,Bank Transfer,Pending
ORD-666052,BIZ-1058,4,3,2025-10-28,303800.0,31,9800.0,Cash,Pending
ORD-304611,BIZ-1013,4,4,2025-10-17,178500.0,17,10500.0,Cash,Delivered
ORD-972944,BIZ-1022,4,2,2025-10-01,290000.0,29,10000.0,Cash,Pending
ORD-487491,BIZ-1004,2,3,2025-10-25,190000.0,20,9500.0,Bank Transfer,Delivered
ORD-698910,BIZ-1020,4,4,2025-10-07,262500.0,25,10500.0,Cash,Cancelled
ORD-566432,BIZ-1034,1,1,2025-10-13,156800.0,16,9800.0,Bank Transfer,Pending
ORD-971406,BIZ-1005,3,5,2025-10-16,39200.0,4,10000.0,Bank Transfer,Cancelled
ORD-214939,BIZ-1026,2,2,2025-10-14,68600.0,7,10000.0,POS,Delivered
ORD-985778,BIZ-1050,4,2,2025-10-22,351500.0,37,9500.0,Cash,Cancelled
ORD-553263,BIZ-1004,1,5,2025-10-04,350000.0,35,10000.0,Cash,Pending
ORD-191083,BIZ-1032,3,2,2025-10-15,127400.0,13,9800.0,POS,Cancelled
ORD-391979,BIZ-1051,4,4,2025-10-26,29400.0,3,9800.0,POS,Cancelled
ORD-222119,BIZ-1039,4,5,2025-10-22,78400.0,8,10000.0,POS,Delivered
ORD-942678,BIZ-1024,2,3,2025-10-30,370000.0,37,10000.0,POS,Delivered
ORD-931856,BIZ-1036,3,4,2025-10-03,186200.0,19,9800.0,Cash,Cancelled
ORD-177961,BIZ-1054,3,3,2025-10-07,117600.0,12,9800.0,POS,Cancelled
ORD-631691,BIZ-1023,3,4,2025-10-10,199500.0,21,9500.0,POS,Pending
ORD-575491,BIZ-1059,4,5,2025-10-11,166600.0,17,9800.0,Bank Transfer,Pending
ORD-637756,BIZ-1038,2,1,2025-10-19,180000.0,18,10000.0,Bank Transfer,Cancelled
ORD-177687,BIZ-1018,3,5,2025-10-21,388500.0,37,10500.0,Bank Transfer,Delivered
ORD-430102,BIZ-1039,4,2,2025-10-22,9500.0,1,9500.0,Bank Transfer,Pending
ORD-140220,BIZ-1018,2,2,2025-10-27,254800.0,26,9800.0,Cash,Cancelled
ORD-839354,BIZ-1002,2,3,2025-10-14,42000.0,4,10500.0,Bank Transfer,Delivered
ORD-432951,BIZ-1042,1,5,2025-10-24,382200.0,39,9800.0,Bank Transfer,Delivered
ORD-685283,BIZ-1022,3,4,2025-10-06,9500.0,1,10000.0,POS,Pending
ORD-756493,BIZ-1056,2,3,2025-10-20,137200.0,14,9800.0,POS,Pending
ORD-765318,BIZ-1018,2,3,2025-10-02,290000.0,29,10000.0,Cash,Cancelled
ORD-357859,BIZ-1021,4,2,2025-10-19,256500.0,27,9500.0,POS,Cancelled
ORD-494483,BIZ-1009,3,2,2025-10-05,210000.0,20,10500.0,Cash,Pending
ORD-330906,BIZ-1018,1,2,2025-10-27,264600.0,27,9800.0,POS,Pending
ORD-378172,BIZ-1023,4,5,2025-10-21,250000.0,25,10000.0,Bank Transfer,Pending
ORD-608042,BIZ-1000,1,5,2025-10-15,199500.0,19,10500.0,Bank Transfer,Pending
ORD-869194,BIZ-1013,1,1,2025-10-25,220500.0,21,10500.0,Bank Transfer,Cancelled
ORD-238193,BIZ-1031,4,3,2025-10-15,228000.0,24,9500.0,POS,Cancelled
ORD-193020,BIZ-1048,2,3,2025-10-06,250000.0,25,10000.0,Cash,Pending
ORD-998794,BIZ-1040,1,2,2025-10-29,9500.0,1,9500.0,Cash,Cancelled
ORD-324593,BIZ-1012,1,3,2025-10-22,205800.0,21,10000.0,POS,Pending
ORD-170528,BIZ-1011,1,4,2025-10-01,340000.0,34,10000.0,Bank Transfer,Cancelled
ORD-740907,BIZ-1011,1,5,2025-10-15,107800.0,11,9800.0,Bank Transfer,Cancelled
ORD-286767,BIZ-1047,2,1,2025-10-07,170000.0,17,10000.0,POS,Cancelled
ORD-821401,BIZ-1000,4,2,2025-10-02,235200.0,24,9800.0,Bank Transfer,Pending
ORD-498763,BIZ-1051,3,5,2025-10-08,273000.0,26,10500.0,Bank Transfer,Pending
ORD-346117,BIZ-1014,2,2,2025-10-19,105000.0,10,10500.0,Bank Transfer,Delivered
ORD-607755,BIZ-1061,3,4,2025-10-20,420000.0,40,10000.0,Bank Transfer,Pending
ORD-288811,BIZ-1034,1,4,2025-10-16,98000.0,10,9800.0,Bank Transfer,Cancelled
ORD-981529,BIZ-1005,1,5,2025-10-27,130000.0,13,10000.0,POS,Delivered
ORD-406305,BIZ-1025,1,5,2025-10-07,382200.0,39,9800.0,Bank Transfer,Delivered
ORD-614034,BIZ-1060,1,5,2025-10-21,210000.0,20,10500.0,Bank Transfer,Pending
ORD-511262,BIZ-1036,1,4,2025-10-24,280000.0,28,10000.0,POS,Pending
ORD-669810,BIZ-1016,2,3,2025-10-18,343000.0,35,9800.0,Cash,Pending
ORD-201222,BIZ-1046,3,3,2025-10-15,380000.0,40,9500.0,POS,Delivered
ORD-891634,BIZ-1054,4,3,2025-10-07,200000.0,20,10000.0,Cash,Pending
ORD-539976,BIZ-1040,1,3,2025-10-23,390000.0,39,10000.0,POS,Delivered
ORD-441203,BIZ-1058,1,3,2025-10-30,370000.0,37,10000.0,POS,Delivered
ORD-545503,BIZ-1055,2,5,2025-10-08,218500.0,23,10000.0,POS,Delivered
ORD-587310,BIZ-1050,1,3,2025-10-04,231000.0,22,10500.0,Bank Transfer,Pending
ORD-792702,BIZ-1023,1,2,2025-10-29,245000.0,25,9800.0,Cash,Pending
ORD-830824,BIZ-1058,1,5,2025-10-04,115500.0,11,10500.0,POS,Pending
ORD-234278,BIZ-1018,4,4,2025-10-12,343000.0,35,10000.0,POS,Cancelled
ORD-607236,BIZ-1027,1,2,2025-10-24,189000.0,18,10000.0,POS,Cancelled
ORD-612936,BIZ-1041,2,3,2025-10-26,160000.0,16,10000.0,Cash,Pending
ORD-820604,BIZ-1055,2,1,2025-10-19,66500.0,7,9500.0,Cash,Cancelled
ORD-405062,BIZ-1034,3,1,2025-10-08,237500.0,25,9500.0,POS,Pending
ORD-325555,BIZ-1033,4,2,2025-10-09,115500.0,11,10500.0,Cash,Pending
ORD-920854,BIZ-1032,3,2,2025-10-27,390000.0,39,10000.0,POS,Cancelled
ORD-689569,BIZ-1032,3,3,2025-10-13,400000.0,40,10000.0,POS,Cancelled
ORD-374312,BIZ-1038,3,2,2025-10-24,220500.0,21,10500.0,POS,Pending
ORD-531204,BIZ-1017,1,2,2025-10-21,171000.0,18,9500.0,Bank Transfer,Cancelled
ORD-563419,BIZ-1022,3,3,2025-10-12,152000.0,16,10000.0,POS,Cancelled
ORD-373363,BIZ-1011,4,3,2025-10-13,130000.0,13,10000.0,POS,Delivered
ORD-381351,BIZ-1034,4,3,2025-10-28,88200.0,9,9800.0,POS,Delivered
ORD-329583,BIZ-1050,3,2,2025-10-15,380000.0,40,9500.0,Bank Transfer,Delivered
ORD-958285,BIZ-1018,1,4,2025-10-11,52500.0,5,10500.0,POS,Pending
ORD-569380,BIZ-1056,3,2,2025-10-02,114000.0,12,9500.0,Bank Transfer,Cancelled
ORD-700315,BIZ-1042,1,2,2025-10-13,70000.0,7,10000.0,Bank Transfer,Delivered
ORD-662050,BIZ-1029,1,4,2025-10-27,168000.0,16,10500.0,Cash,Delivered
ORD-755660,BIZ-1000,3,2,2025-10-07,372400.0,38,10000.0,Cash,Delivered
ORD-743095,BIZ-1009,3,3,2025-10-04,117600.0,12,9800.0,Cash,Delivered
ORD-235492,BIZ-1014,1,5,2025-10-19,28500.0,3,9500.0,POS,Delivered
ORD-120887,BIZ-1057,4,3,2025-10-19,152000.0,16,9500.0,POS,Pending
ORD-122143,BIZ-1008,3,4,2025-10-29,247000.0,26,9500.0,POS,Delivered
ORD-194636,BIZ-1019,4,3,2025-10-25,361000.0,38,9500.0,Cash,Delivered
ORD-449477,BIZ-1013,2,2,2025-10-24,120000.0,12,10000.0,Cash,Delivered
ORD-903222,BIZ-1040,3,5,2025-10-28,346500.0,33,10500.0,Bank Transfer,Pending
ORD-786745,BIZ-1013,2,3,2025-10-17,199500.0,19,10500.0,POS,Delivered
ORD-320686,BIZ-1058,3,3,2025-10-02,84000.0,8,10500.0,Bank Transfer,Delivered
ORD-308079,BIZ-1031,1,4,2025-10-11,303800.0,31,9800.0,Cash,Delivered
ORD-978862,BIZ-1048,3,2,2025-10-30,29400.0,3,9800.0,Cash,Cancelled
ORD-852689,BIZ-1011,1,2,2025-10-17,351500.0,37,9500.0,Bank Transfer,Delivered
ORD-940208,BIZ-1021,3,5,2025-10-07,237500.0,25,9500.0,POS,Cancelled
ORD-492041,BIZ-1040,2,4,2025-10-05,137200.0,14,9800.0,POS,Delivered
ORD-326088,BIZ-1015,1,3,2025-10-10,90000.0,9,10000.0,Cash,Delivered
ORD-360784,BIZ-1038,3,2,2025-10-17,235200.0,24,10000.0,Bank Transfer,Delivered
ORD-137827,BIZ-1020,4,3,2025-10-29,76000.0,8,9500.0,POS,Pending
ORD-891802,BIZ-1016,1,2,2025-10-26,186200.0,19,9800.0,Cash,Pending
ORD-207500,BIZ-1027,3,3,2025-10-29,19000.0,2,9500.0,Cash,Cancelled
ORD-929783,BIZ-1016,4,3,2025-10-16,76000.0,8,9500.0,POS,Cancelled
ORD-264569,BIZ-1055,3,2,2025-10-15,264600.0,27,9800.0,Cash,Delivered
ORD-125422,BIZ-1060,4,5,2025-10-09,215600.0,22,9800.0,Bank Transfer,Pending
ORD-909932,BIZ-1008,3,2,2025-10-07,284200.0,29,9800.0,Bank Transfer,Delivered
ORD-135418,BIZ-1039,3,3,2025-10-21,400000.0,40,10000.0,POS,Pending
ORD-229648,BIZ-1051,2,4,2025-10-09,133000.0,14,10000.0,Cash,Delivered
ORD-496211,BIZ-1058,3,4,2025-10-25,50000.0,5,10000.0,POS,Pending
ORD-237566,BIZ-1007,2,5,2025-10-20,21000.0,2,10500.0,Bank Transfer,Cancelled
ORD-383114,BIZ-1056,1,5,2025-10-25,170000.0,17,10000.0,Cash,Pending
ORD-180244,BIZ-1036,1,3,2025-10-26,275500.0,29,9500.0,POS,Pending
ORD-857190,BIZ-1013,4,4,2025-10-03,294000.0,28,10500.0,POS,Delivered
ORD-868227,BIZ-1051,3,3,2025-10-22,352800.0,36,9800.0,Cash,Pending
ORD-115457,BIZ-1056,2,2,2025-10-13,180500.0,19,9500.0,Cash,Pending
ORD-668011,BIZ-1036,4,2,2025-10-23,9500.0,1,9500.0,Cash,Delivered
ORD-259223,BIZ-1017,1,2,2025-10-19,315000.0,30,10500.0,POS,Delivered
ORD-716767,BIZ-1058,3,1,2025-10-03,351500.0,37,9500.0,Bank Transfer,Delivered
ORD-303721,BIZ-1005,3,2,2025-10-24,228000.0,24,9500.0,Bank Transfer,Delivered
ORD-427354,BIZ-1025,4,1,2025-10-25,161500.0,17,9500.0,Cash,Cancelled
ORD-545804,BIZ-1043,3,5,2025-10-24,19000.0,2,9500.0,Bank Transfer,Delivered
ORD-124570,BIZ-1016,4,5,2025-10-16,190000.0,20,9500.0,Bank Transfer,Delivered
ORD-581197,BIZ-1015,4,4,2025-10-10,310000.0,31,10000.0,POS,Delivered
ORD-377107,BIZ-1004,4,5,2025-10-07,285000.0,30,9500.0,POS,Pending
ORD-704190,BIZ-1001,4,2,2025-10-30,304500.0,29,10500.0,POS,Cancelled
ORD-405385,BIZ-1057,2,4,2025-10-15,58800.0,6,9800.0,Cash,Cancelled
ORD-526068,BIZ-1009,2,5,2025-10-13,370500.0,39,9500.0,POS,Cancelled
ORD-606828,BIZ-1004,3,4,2025-10-17,58800.0,6,9800.0,Bank Transfer,Delivered
ORD-837022,BIZ-1043,4,3,2025-10-09,180000.0,18,10000.0,POS,Pending
ORD-356496,BIZ-1036,4,4,2025-10-16,315000.0,30,10500.0,POS,Pending
ORD-621178,BIZ-1015,4,4,2025-10-12,90000.0,9,10000.0,Bank Transfer,Pending
ORD-490843,BIZ-1009,3,3,2025-10-22,29400.0,3,9800.0,Cash,Pending
ORD-849290,BIZ-1051,4,3,2025-10-23,209000.0,22,9500.0,Bank Transfer,Delivered
ORD-334944,BIZ-1038,3,5,2025-10-04,98000.0,10,9800.0,POS,Pending
ORD-126101,BIZ-1058,4,2,2025-10-18,150000.0,15,10000.0,Cash,Pending
ORD-343390,BIZ-1054,1,2,2025-10-12,90000.0,9,10000.0,Bank Transfer,Cancelled
ORD-599967,BIZ-1033,2,3,2025-10-14,225400.0,23,9800.0,Bank Transfer,Pending
ORD-774044,BIZ-1017,1,3,2025-10-17,346500.0,33,10500.0,Bank Transfer,Cancelled
ORD-250755,BIZ-1040,1,5,2025-10-10,382200.0,39,9800.0,POS,Pending
ORD-187697,BIZ-1046,2,4,2025-10-25,19600.0,2,9800.0,POS,Delivered
ORD-277477,BIZ-1024,4,2,2025-10-03,388500.0,37,10500.0,POS,Cancelled
ORD-613604,BIZ-1009,4,5,2025-10-07,340000.0,34,10000.0,POS,Pending
ORD-187963,BIZ-1037,4,2,2025-10-18,176400.0,18,9800.0,POS,Cancelled
ORD-746435,BIZ-1014,4,5,2025-10-05,150000.0,15,10000.0,Bank Transfer,Cancelled
ORD-648830,BIZ-1039,4,3,2025-10-26,152000.0,16,9500.0,Cash,Delivered
ORD-694164,BIZ-1005,1,5,2025-10-22,105000.0,10,10500.0,Bank Transfer,Delivered
ORD-161795,BIZ-1024,4,2,2025-10-23,190000.0,20,9500.0,Bank Transfer,Delivered
ORD-364266,BIZ-1014,1,2,2025-10-24,283500.0,27,10500.0,Cash,Delivered
ORD-876482,BIZ-1024,1,4,2025-10-13,80000.0,8,10000.0,Cash,Pending
ORD-257928,BIZ-1058,2,2,2025-10-11,130000.0,13,10000.0,Cash,Delivered
ORD-822466,BIZ-1017,4,2,2025-10-02,254800.0,26,9800.0,Bank Transfer,Delivered
ORD-526282,BIZ-1022,3,5,2025-10-17,252000.0,24,10500.0,Cash,Pending
ORD-381170,BIZ-1056,3,5,2025-10-27,240000.0,24,10000.0,Bank Transfer,Pending
ORD-891714,BIZ-1002,3,4,2025-10-21,186200.0,19,9800.0,Bank Transfer,Pending
ORD-612467,BIZ-1011,2,5,2025-10-17,220000.0,22,10000.0,POS,Pending
ORD-428221,BIZ-1026,1,4,2025-10-17,310000.0,31,10000.0,POS,Cancelled
ORD-347190,BIZ-1024,1,5,2025-10-29,350000.0,35,10000.0,Cash,Delivered
ORD-843302,BIZ-1021,2,4,2025-10-10,313500.0,33,9500.0,Bank Transfer,Cancelled
ORD-681757,BIZ-1013,4,5,2025-10-15,76000.0,8,10000.0,Cash,Cancelled
ORD-868678,BIZ-1008,2,3,2025-10-26,392000.0,40,9800.0,Cash,Delivered
ORD-210146,BIZ-1055,1,5,2025-10-03,399000.0,38,10500.0,Cash,Cancelled
ORD-181269,BIZ-1037,1,3,2025-10-13,140000.0,14,10000.0,Cash,Cancelled
ORD-893653,BIZ-1000,2,1,2025-10-12,351500.0,37,9500.0,Bank Transfer,Delivered
ORD-645195,BIZ-1052,3,5,2025-10-01,300000.0,30,10000.0,Cash,Cancelled
ORD-274270,BIZ-1027,2,3,2025-10-23,49000.0,5,9800.0,POS,Delivered
ORD-219185,BIZ-1027,2,3,2025-10-06,152000.0,16,9500.0,POS,Delivered
ORD-544787,BIZ-1037,1,4,2025-10-02,170000.0,17,10000.0,Bank Transfer,Cancelled
ORD-756581,BIZ-1057,1,5,2025-10-15,313500.0,33,9500.0,Cash,Pending
ORD-610859,BIZ-1002,4,2,2025-10-25,168000.0,16,10500.0,Cash,Delivered
ORD-673660,BIZ-1045,2,3,2025-10-05,38000.0,4,9500.0,Bank Transfer,Pending
ORD-109708,BIZ-1055,3,4,2025-10-13,283500.0,27,10500.0,Cash,Cancelled
ORD-556633,BIZ-1047,4,5,2025-10-09,264600.0,27,9800.0,POS,Delivered
ORD-854914,BIZ-1025,4,4,2025-10-30,95000.0,10,9500.0,Cash,Pending
ORD-809553,BIZ-1047,3,5,2025-10-28,10500.0,1,10500.0,Cash,Delivered
ORD-438046,BIZ-1056,3,4,2025-10-09,218500.0,23,9500.0,Bank Transfer,Pending
ORD-489684,BIZ-1000,1,4,2025-10-19,9800.0,1,9800.0,Cash,Delivered
ORD-274006,BIZ-1055,3,2,2025-10-17,10000.0,1,10000.0,Cash,Delivered
ORD-648668,BIZ-1013,1,2,2025-10-05,378000.0,36,10500.0,Bank Transfer,Delivered
ORD-941811,BIZ-1013,3,5,2025-10-21,42000.0,4,10500.0,POS,Cancelled
ORD-849181,BIZ-1043,1,5,2025-10-19,400000.0,40,10000.0,Bank Transfer,Pending
ORD-733882,BIZ-1032,4,3,2025-10-12,420000.0,40,10500.0,POS,Pending
ORD-585365,BIZ-1037,3,4,2025-10-08,104500.0,11,9500.0,Cash,Delivered
ORD-446215,BIZ-1056,1,5,2025-10-07,180000.0,18,10000.0,Cash,Delivered
ORD-855111,BIZ-1029,4,2,2025-10-28,303800.0,31,9800.0,Bank Transfer,Cancelled
ORD-241913,BIZ-1045,3,5,2025-10-30,367500.0,35,10500.0,POS,Pending
ORD-849817,BIZ-1034,2,3,2025-10-05,110000.0,11,10000.0,Cash,Cancelled
ORD-110298,BIZ-1011,1,3,2025-10-25,325500.0,31,10500.0,POS,Cancelled
ORD-287931,BIZ-1030,1,4,2025-10-10,323400.0,33,9800.0,Cash,Pending
ORD-170304,BIZ-1042,4,2,2025-10-05,336000.0,32,10500.0,Cash,Pending
ORD-105874,BIZ-1045,4,5,2025-10-30,266000.0,28,9500.0,POS,Cancelled
ORD-296790,BIZ-1037,2,2,2025-10-10,66500.0,7,9500.0,POS,Pending
ORD-198406,BIZ-1059,2,4,2025-10-06,332500.0,35,9500.0,Cash,Delivered
ORD-447115,BIZ-1058,1,5,2025-10-17,351500.0,37,9500.0,Cash,Cancelled
ORD-755331,BIZ-1020,2,3,2025-10-03,19600.0,2,9800.0,POS,Cancelled
ORD-264052,BIZ-1044,3,3,2025-10-15,262500.0,25,10500.0,Bank Transfer,Pending
ORD-767254,BIZ-1016,4,4,2025-10-03,210000.0,20,10500.0,Cash,Pending
ORD-337009,BIZ-1013,3,4,2025-10-17,58800.0,6,10000.0,Bank Transfer,Cancelled
ORD-114815,BIZ-1060,4,2,2025-10-11,186200.0,19,9800.0,POS,Delivered
ORD-387918,BIZ-1017,2,4,2025-10-28,250000.0,25,10000.0,POS,Delivered
ORD-546867,BIZ-1031,2,5,2025-10-09,90000.0,9,10000.0,Bank Transfer,Cancelled
ORD-420602,BIZ-1006,2,3,2025-10-18,225400.0,23,9800.0,Cash,Delivered
ORD-904246,BIZ-1010,2,2,2025-10-12,215600.0,22,9800.0,Cash,Pending
ORD-367124,BIZ-1031,3,3,2025-10-13,380000.0,38,10000.0,POS,Pending
ORD-772765,BIZ-1004,4,2,2025-10-17,240000.0,24,10000.0,Cash,Pending
ORD-181239,BIZ-1040,1,1,2025-10-20,360000.0,36,10000.0,Bank Transfer,Delivered
ORD-207978,BIZ-1003,2,1,2025-10-18,110000.0,11,10000.0,Cash,Cancelled
ORD-393586,BIZ-1047,4,5,2025-10-22,38000.0,4,9500.0,Bank Transfer,Delivered
ORD-691040,BIZ-1028,2,3,2025-10-06,303800.0,31,9800.0,Cash,Delivered
ORD-935593,BIZ-1054,4,5,2025-10-04,147000.0,14,10500.0,POS,Cancelled
ORD-776153,BIZ-1022,1,4,2025-10-16,351500.0,37,9500.0,Bank Transfer,Cancelled
ORD-446198,BIZ-1016,2,4,2025-10-23,340000.0,34,10000.0,Cash,Delivered
ORD-994854,BIZ-1012,3,5,2025-10-18,40000.0,4,10000.0,POS,Cancelled
ORD-390704,BIZ-1016,2,2,2025-10-18,58800.0,6,9800.0,Cash,Cancelled
ORD-873078,BIZ-1002,2,2,2025-10-29,220500.0,21,10500.0,POS,Cancelled
ORD-800969,BIZ-1023,1,3,2025-10-27,209000.0,22,9500.0,Cash,Cancelled
ORD-319473,BIZ-1013,1,5,2025-10-28,160000.0,16,10000.0,Cash,Delivered
ORD-921417,BIZ-1015,4,2,2025-10-06,196000.0,20,9800.0,Bank Transfer,Pending
ORD-326957,BIZ-1022,1,4,2025-10-07,40000.0,4,10000.0,Cash,Delivered
ORD-942377,BIZ-1027,4,4,2025-10-03,140000.0,14,10000.0,Bank Transfer,Cancelled
ORD-250295,BIZ-1039,4,2,2025-10-19,409500.0,39,10500.0,Cash,Delivered
ORD-100258,BIZ-1023,4,5,2025-10-05,333200.0,34,9800.0,POS,Delivered
ORD-154724,BIZ-1017,2,4,2025-10-10,133000.0,14,9500.0,POS,Cancelled
ORD-946446,BIZ-1022,3,3,2025-10-05,52500.0,5,10500.0,Bank Transfer,Delivered
ORD-797137,BIZ-1018,3,5,2025-10-14,127400.0,13,9800.0,Cash,Pending
ORD-417255,BIZ-1039,1,1,2025-10-15,60000.0,6,10000.0,POS,Pending
ORD-222994,BIZ-1040,3,2,2025-10-16,39200.0,4,9800.0,Bank Transfer,Delivered
ORD-512349,BIZ-1011,1,4,2025-10-08,294500.0,31,9500.0,Bank Transfer,Cancelled
ORD-504257,BIZ-1036,4,3,2025-10-12,168000.0,16,10500.0,Cash,Pending
ORD-472235,BIZ-1025,1,1,2025-10-22,315000.0,30,10500.0,Cash,Pending
ORD-432369,BIZ-1048,2,5,2025-10-10,250000.0,25,10000.0,Cash,Pending
ORD-734787,BIZ-1018,1,5,2025-10-16,380000.0,40,9500.0,POS,Delivered
ORD-274185,BIZ-1017,2,2,2025-10-26,400000.0,40,10000.0,Cash,Cancelled
ORD-974098,BIZ-1026,3,2,2025-10-29,76000.0,8,10000.0,Cash,Cancelled
ORD-249824,BIZ-1048,2,2,2025-10-09,140000.0,14,10000.0,Bank Transfer,Delivered
ORD-687712,BIZ-1011,1,2,2025-10-26,343000.0,35,9800.0,Bank Transfer,Cancelled
ORD-828864,BIZ-1025,2,4,2025-10-14,58800.0,6,9800.0,Cash,Cancelled
ORD-818660,BIZ-1029,2,1,2025-10-24,340000.0,34,10000.0,Cash,Delivered
ORD-556564,BIZ-1058,2,4,2025-10-04,105000.0,10,10500.0,Cash,Delivered
ORD-286659,BIZ-1060,4,3,2025-10-20,266000.0,28,10000.0,Cash,Cancelled
ORD-483450,BIZ-1058,3,5,2025-10-01,70000.0,7,10000.0,Cash,Cancelled
ORD-908184,BIZ-1024,1,4,2025-10-26,325500.0,31,10500.0,Cash,Pending
ORD-863878,BIZ-1044,2,2,2025-10-21,352800.0,36,9800.0,Cash,Cancelled
ORD-746944,BIZ-1026,1,4,2025-10-13,399000.0,38,10500.0,Bank Transfer,Cancelled
ORD-300261,BIZ-1013,4,5,2025-10-17,180500.0,19,9500.0,Cash,Delivered
ORD-287700,BIZ-1048,3,2,2025-10-12,225400.0,23,9800.0,Bank Transfer,Cancelled
ORD-111190,BIZ-1046,4,3,2025-10-28,235200.0,24,9800.0,Bank Transfer,Delivered
ORD-478526,BIZ-1022,2,4,2025-10-06,235200.0,24,9800.0,POS,Cancelled
ORD-105887,BIZ-1016,2,4,2025-10-16,380000.0,38,10000.0,Cash,Cancelled
ORD-444406,BIZ-1030,2,5,2025-10-18,209000.0,22,9500.0,Cash,Cancelled
ORD-486785,BIZ-1003,4,5,2025-10-03,190000.0,19,10000.0,Cash,Delivered
ORD-627217,BIZ-1021,3,5,2025-10-28,152000.0,16,9500.0,Bank Transfer,Pending
ORD-736249,BIZ-1042,1,3,2025-10-28,110000.0,11,10000.0,Cash,Cancelled
ORD-778657,BIZ-1036,2,3,2025-10-09,240000.0,24,10000.0,Bank Transfer,Delivered
ORD-601989,BIZ-1015,4,5,2025-10-09,346500.0,33,10500.0,Bank Transfer,Delivered
ORD-829283,BIZ-1038,4,4,2025-10-12,210000.0,20,10500.0,POS,Cancelled
ORD-387492,BIZ-1024,4,2,2025-10-22,157500.0,15,10000.0,POS,Pending
ORD-699975,BIZ-1014,3,4,2025-10-19,29400.0,3,9800.0,POS,Pending
ORD-852908,BIZ-1060,4,4,2025-10-25,52500.0,5,10500.0,POS,Pending
ORD-737058,BIZ-1036,4,4,2025-10-28,160000.0,16,10000.0,POS,Delivered
ORD-614117,BIZ-1036,3,2,2025-10-19,73500.0,7,10500.0,POS,Pending
ORD-886364,BIZ-1019,1,4,2025-10-06,10500.0,1,10500.0,Cash,Pending
ORD-887046,BIZ-1017,2,2,2025-10-27,241500.0,23,10500.0,Cash,Pending
ORD-208933,BIZ-1042,1,2,2025-10-17,186200.0,19,9800.0,POS,Pending
ORD-130237,BIZ-1040,3,5,2025-10-02,320000.0,32,10000.0,POS,Delivered
ORD-847960,BIZ-1054,3,5,2025-10-19,294000.0,28,10500.0,Cash,Cancelled
ORD-871957,BIZ-1046,2,5,2025-10-05,285000.0,30,9500.0,Cash,Cancelled
ORD-992278,BIZ-1042,4,3,2025-10-06,256500.0,27,9500.0,POS,Cancelled
ORD-539953,BIZ-1007,1,3,2025-10-04,190000.0,20,9500.0,POS,Delivered
ORD-225228,BIZ-1052,4,4,2025-10-26,250000.0,25,10000.0,Cash,Cancelled
ORD-768444,BIZ-1025,3,3,2025-10-02,240000.0,24,10000.0,Bank Transfer,Delivered
ORD-429500,BIZ-1040,2,3,2025-10-22,147000.0,15,9800.0,Bank Transfer,Delivered
ORD-670512,BIZ-1057,2,4,2025-10-03,90000.0,9,10000.0,POS,Delivered
ORD-993990,BIZ-1034,4,4,2025-10-09,252000.0,24,10500.0,POS,Delivered
ORD-743829,BIZ-1030,4,3,2025-10-06,58800.0,6,9800.0,POS,Pending
ORD-448824,BIZ-1002,4,5,2025-10-23,378000.0,36,10500.0,POS,Pending
ORD-989433,BIZ-1036,1,4,2025-10-26,388500.0,37,10500.0,POS,Pending
ORD-843764,BIZ-1027,2,2,2025-10-27,142500.0,15,9500.0,Cash,Cancelled
ORD-715354,BIZ-1026,1,1,2025-10-06,40000.0,4,10000.0,POS,Delivered
ORD-484047,BIZ-1031,3,3,2025-10-22,120000.0,12,10000.0,Cash,Delivered
ORD-796773,BIZ-1006,3,2,2025-10-16,152000.0,16,9500.0,Cash,Pending
ORD-978409,BIZ-1015,3,3,2025-10-13,247000.0,26,9500.0,Cash,Delivered
ORD-164470,BIZ-1032,4,2,2025-10-21,66500.0,7,9500.0,Cash,Cancelled
ORD-965125,BIZ-1008,2,2,2025-10-02,20000.0,2,10000.0,Cash,Delivered
ORD-254679,BIZ-1049,1,2,2025-10-23,264600.0,27,9800.0,Bank Transfer,Pending
ORD-188047,BIZ-1060,4,3,2025-10-22,130000.0,13,10000.0,Bank Transfer,Cancelled
ORD-146670,BIZ-1050,4,5,2025-10-06,241500.0,23,10500.0,Cash,Cancelled
ORD-308334,BIZ-1055,2,4,2025-10-09,186200.0,19,9800.0,Bank Transfer,Pending
ORD-529131,BIZ-1032,1,2,2025-10-21,9500.0,1,9500.0,Cash,Delivered
ORD-883106,BIZ-1034,1,5,2025-10-06,19600.0,2,9800.0,POS,Delivered
ORD-103381,BIZ-1039,4,2,2025-10-26,290000.0,29,10000.0,POS,Pending
ORD-687789,BIZ-1059,2,3,2025-10-10,88200.0,9,9800.0,Bank Transfer,Delivered
ORD-458038,BIZ-1011,3,2,2025-10-11,352800.0,36,9800.0,POS,Delivered
ORD-976720,BIZ-1028,4,2,2025-10-14,280000.0,28,10000.0,POS,Delivered
ORD-693692,BIZ-1010,1,4,2025-10-21,360000.0,36,10000.0,POS,Delivered
ORD-192444,BIZ-1009,3,3,2025-10-28,68600.0,7,9800.0,Cash,Cancelled
ORD-194960,BIZ-1050,4,3,2025-10-04,19600.0,2,9800.0,Cash,Pending
ORD-190615,BIZ-1045,2,3,2025-10-06,157500.0,15,10500.0,Bank Transfer,Cancelled
ORD-719864,BIZ-1003,1,3,2025-10-06,49000.0,5,9800.0,Cash,Cancelled
ORD-121084,BIZ-1010,2,4,2025-10-19,330000.0,33,10000.0,Bank Transfer,Delivered
ORD-927050,BIZ-1056,1,1,2025-10-24,304000.0,32,9500.0,Bank Transfer,Delivered
ORD-768934,BIZ-1034,1,1,2025-10-01,320000.0,32,10000.0,POS,Cancelled
ORD-185222,BIZ-1025,1,2,2025-10-12,123500.0,13,9500.0,POS,Pending
ORD-358717,BIZ-1053,4,5,2025-10-27,215600.0,22,9800.0,Cash,Pending
ORD-813965,BIZ-1007,3,2,2025-10-10,70000.0,7,10000.0,Bank Transfer,Pending
ORD-300368,BIZ-1039,3,3,2025-10-20,273000.0,26,10500.0,Bank Transfer,Delivered
ORD-873964,BIZ-1046,1,5,2025-10-23,260000.0,26,10000.0,POS,Pending
ORD-155926,BIZ-1013,2,2,2025-10-04,332500.0,35,9500.0,POS,Cancelled
ORD-401021,BIZ-1047,1,4,2025-10-12,323400.0,33,10000.0,POS,Delivered
ORD-247247,BIZ-1045,2,3,2025-10-06,199500.0,21,10000.0,Cash,Pending
ORD-534092,BIZ-1042,3,2,2025-10-17,270000.0,27,10000.0,Cash,Cancelled
ORD-297389,BIZ-1023,2,3,2025-10-07,63000.0,6,10500.0,Cash,Pending
ORD-308902,BIZ-1044,1,3,2025-10-09,88200.0,9,9800.0,Bank Transfer,Cancelled
ORD-409258,BIZ-1048,3,2,2025-10-06,210000.0,21,10000.0,POS,Pending
ORD-560952,BIZ-1010,2,2,2025-10-08,360000.0,36,10000.0,POS,Cancelled
ORD-613682,BIZ-1030,4,3,2025-10-08,170000.0,17,10000.0,Cash,Pending
ORD-481276,BIZ-1061,4,5,2025-10-11,49000.0,5,9800.0,POS,Pending
ORD-773003,BIZ-1050,3,5,2025-10-11,19000.0,2,9500.0,POS,Pending
ORD-969793,BIZ-1001,1,2,2025-10-16,273000.0,26,10000.0,Bank Transfer,Cancelled
ORD-972132,BIZ-1034,4,4,2025-10-19,235200.0,24,9800.0,Bank Transfer,Cancelled
ORD-975271,BIZ-1035,1,3,2025-10-06,180500.0,19,9500.0,Bank Transfer,Pending
ORD-263267,BIZ-1002,2,2,2025-10-18,237500.0,25,9500.0,Cash,Delivered
ORD-320895,BIZ-1044,3,3,2025-10-17,357000.0,34,10500.0,Bank Transfer,Delivered
ORD-554928,BIZ-1040,1,2,2025-10-30,85500.0,9,9500.0,POS,Cancelled
ORD-950299,BIZ-1039,1,4,2025-10-11,66500.0,7,9500.0,POS,Cancelled
ORD-402712,BIZ-1014,4,3,2025-10-21,294000.0,28,10500.0,Bank Transfer,Pending
ORD-833640,BIZ-1031,1,3,2025-10-07,104500.0,11,9500.0,Bank Transfer,Pending
ORD-678406,BIZ-1050,4,5,2025-10-30,166600.0,17,9800.0,Cash,Pending
ORD-932878,BIZ-1031,3,4,2025-10-25,10500.0,1,10500.0,Cash,Pending
ORD-638205,BIZ-1011,2,2,2025-10-09,220500.0,21,10500.0,POS,Pending
ORD-370756,BIZ-1016,3,5,2025-10-24,336000.0,32,10500.0,Cash,Pending
ORD-373516,BIZ-1022,1,4,2025-10-07,284200.0,29,9800.0,Cash,Pending
ORD-220898,BIZ-1014,2,5,2025-10-01,370500.0,39,9500.0,Cash,Cancelled
ORD-761770,BIZ-1008,1,4,2025-10-16,367500.0,35,10500.0,Cash,Cancelled
ORD-246606,BIZ-1053,3,4,2025-10-06,346500.0,33,10500.0,Bank Transfer,Pending
ORD-438680,BIZ-1013,1,2,2025-10-15,133000.0,14,9500.0,Cash,Pending
ORD-496267,BIZ-1007,2,3,2025-10-12,90000.0,9,10000.0,POS,Delivered
ORD-135494,BIZ-1041,3,5,2025-10-20,30000.0,3,10000.0,Bank Transfer,Delivered
ORD-209694,BIZ-1003,3,5,2025-10-10,199500.0,19,10500.0,POS,Pending
ORD-108281,BIZ-1006,3,4,2025-10-19,9500.0,1,9500.0,POS,Cancelled
ORD-598593,BIZ-1000,4,2,2025-10-05,38000.0,4,9500.0,POS,Cancelled
ORD-779352,BIZ-1020,4,3,2025-10-11,210000.0,21,10000.0,POS,Delivered
ORD-296200,BIZ-1059,2,2,2025-10-28,210000.0,20,10500.0,Cash,Cancelled
ORD-421153,BIZ-1012,2,4,2025-10-28,142500.0,15,9500.0,Bank Transfer,Delivered
ORD-673338,BIZ-1022,4,3,2025-10-05,370000.0,37,10000.0,Bank Transfer,Cancelled
ORD-122806,BIZ-1036,3,2,2025-10-06,147000.0,15,9800.0,Bank Transfer,Pending
ORD-746564,BIZ-1047,2,2,2025-10-14,186200.0,19,9800.0,Cash,Cancelled
ORD-703943,BIZ-1009,3,4,2025-10-14,47500.0,5,9500.0,Bank Transfer,Pending
ORD-866461,BIZ-1015,3,5,2025-10-21,390000.0,39,10000.0,Bank Transfer,Cancelled
ORD-974613,BIZ-1019,3,2,2025-10-12,370000.0,37,10000.0,Cash,Cancelled
ORD-858510,BIZ-1038,1,2,2025-10-08,275500.0,29,9500.0,Bank Transfer,Cancelled
ORD-454291,BIZ-1007,4,3,2025-10-12,367500.0,35,10500.0,Cash,Pending
ORD-520639,BIZ-1033,1,5,2025-10-15,31500.0,3,10000.0,Bank Transfer,Delivered
ORD-345684,BIZ-1041,1,1,2025-10-10,190000.0,20,9500.0,POS,Delivered
ORD-631586,BIZ-1048,2,5,2025-10-23,367500.0,35,10500.0,POS,Cancelled
ORD-546582,BIZ-1052,3,2,2025-10-04,123500.0,13,9500.0,Cash,Delivered
ORD-705540,BIZ-1005,4,4,2025-10-24,107800.0,11,9800.0,Bank Transfer,Pending
ORD-129942,BIZ-1034,1,4,2025-10-13,245000.0,25,9800.0,Cash,Delivered
ORD-274467,BIZ-1047,3,5,2025-10-05,230000.0,23,10000.0,Bank Transfer,Delivered
ORD-725843,BIZ-1008,3,3,2025-10-28,142500.0,15,10000.0,POS,Pending
ORD-649543,BIZ-1047,4,3,2025-10-29,40000.0,4,10000.0,Cash,Pending
ORD-695578,BIZ-1033,1,2,2025-10-06,304000.0,32,9500.0,Bank Transfer,Delivered
ORD-236200,BIZ-1031,4,5,2025-10-23,39200.0,4,9800.0,Cash,Pending
ORD-926874,BIZ-1053,1,2,2025-10-20,30000.0,3,10000.0,POS,Delivered
ORD-194789,BIZ-1045,3,3,2025-10-29,147000.0,14,10500.0,Cash,Pending
ORD-903023,BIZ-1030,3,2,2025-10-10,357000.0,34,10500.0,Cash,Cancelled
ORD-462914,BIZ-1033,4,5,2025-10-05,303800.0,31,9800.0,Cash,Pending
ORD-273373,BIZ-1020,4,5,2025-10-14,49000.0,5,9800.0,POS,Pending
ORD-790601,BIZ-1030,2,4,2025-10-14,310000.0,31,10000.0,POS,Cancelled
ORD-280426,BIZ-1023,1,3,2025-10-05,200000.0,20,10000.0,Cash,Delivered
ORD-184279,BIZ-1013,2,5,2025-10-10,241500.0,23,10500.0,POS,Cancelled
ORD-999428,BIZ-1049,2,2,2025-10-06,343000.0,35,9800.0,POS,Pending
ORD-194546,BIZ-1009,3,5,2025-10-07,370500.0,39,10000.0,Bank Transfer,Delivered
ORD-261625,BIZ-1004,4,3,2025-10-22,80000.0,8,10000.0,Bank Transfer,Delivered
ORD-986747,BIZ-1008,3,1,2025-10-21,350000.0,35,10000.0,Cash,Pending
ORD-105184,BIZ-1023,4,4,2025-10-24,199500.0,19,10500.0,POS,Pending
ORD-461456,BIZ-1023,3,2,2025-10-15,42000.0,4,10500.0,POS,Cancelled
ORD-676537,BIZ-1041,1,5,2025-10-03,133000.0,14,9500.0,Cash,Pending
ORD-832723,BIZ-1052,4,5,2025-10-21,39200.0,4,9800.0,POS,Pending
ORD-595248,BIZ-1006,2,5,2025-10-07,39200.0,4,9800.0,Cash,Delivered
ORD-971730,BIZ-1042,1,2,2025-10-21,156800.0,16,9800.0,Cash,Cancelled
ORD-900122,BIZ-1045,2,5,2025-10-14,235200.0,24,9800.0,Cash,Delivered
ORD-506400,BIZ-1052,2,5,2025-10-28,209000.0,22,9500.0,POS,Pending
ORD-900109,BIZ-1020,4,2,2025-10-04,333200.0,34,9800.0,POS,Cancelled
ORD-519308,BIZ-1051,1,5,2025-10-29,9800.0,1,9800.0,POS,Cancelled
ORD-396951,BIZ-1051,3,3,2025-10-24,105000.0,10,10500.0,Bank Transfer,Cancelled
ORD-865850,BIZ-1020,1,1,2025-10-25,357000.0,34,10500.0,POS,Pending
ORD-725935,BIZ-1053,4,2,2025-10-27,178500.0,17,10500.0,Bank Transfer,Cancelled
ORD-175137,BIZ-1011,1,5,2025-10-12,294500.0,31,9500.0,POS,Pending
ORD-802416,BIZ-1014,1,3,2025-10-11,325500.0,31,10500.0,POS,Delivered
ORD-714915,BIZ-1018,3,2,2025-10-23,362600.0,37,9800.0,Bank Transfer,Cancelled
ORD-738081,BIZ-1030,3,2,2025-10-01,370000.0,37,10000.0,POS,Delivered
ORD-346580,BIZ-1009,4,2,2025-10-06,85500.0,9,9500.0,Cash,Delivered
ORD-456359,BIZ-1060,3,5,2025-10-12,380000.0,38,10000.0,Cash,Pending
ORD-101668,BIZ-1054,3,2,2025-10-16,240000.0,24,10000.0,Cash,Cancelled
ORD-888198,BIZ-1030,3,5,2025-10-19,333200.0,34,9800.0,Bank Transfer,Delivered
ORD-181023,BIZ-1049,4,2,2025-10-12,150000.0,15,10000.0,Bank Transfer,Delivered
ORD-244787,BIZ-1046,4,3,2025-10-20,107800.0,11,9800.0,Bank Transfer,Pending
ORD-146397,BIZ-1001,2,3,2025-10-15,190000.0,20,9500.0,POS,Cancelled
ORD-556550,BIZ-1000,4,4,2025-10-07,250000.0,25,10000.0,Cash,Cancelled
ORD-502722,BIZ-1012,1,4,2025-10-03,399000.0,38,10500.0,Bank Transfer,Delivered
ORD-546390,BIZ-1040,4,2,2025-10-20,228000.0,24,9500.0,POS,Pending
ORD-426203,BIZ-1005,4,5,2025-10-05,350000.0,35,10000.0,POS,Delivered
ORD-961169,BIZ-1043,4,4,2025-10-12,210000.0,20,10500.0,POS,Cancelled
ORD-373698,BIZ-1024,1,4,2025-10-15,333200.0,34,9800.0,POS,Delivered
ORD-542223,BIZ-1040,1,5,2025-10-29,252000.0,24,10500.0,Cash,Pending
ORD-517559,BIZ-1036,1,4,2025-10-06,147000.0,14,10500.0,Cash,Delivered
ORD-974756,BIZ-1051,2,3,2025-10-21,152000.0,16,9500.0,Bank Transfer,Delivered
ORD-945392,BIZ-1012,4,2,2025-10-04,303800.0,31,9800.0,POS,Delivered
ORD-819391,BIZ-1053,4,5,2025-10-03,156800.0,16,9800.0,POS,Delivered
ORD-787728,BIZ-1037,4,5,2025-10-22,330000.0,33,10000.0,POS,Delivered
ORD-942583,BIZ-1033,1,5,2025-10-26,63000.0,6,10500.0,POS,Cancelled
ORD-268698,BIZ-1044,1,4,2025-10-25,142500.0,15,9500.0,Bank Transfer,Cancelled
ORD-702597,BIZ-1007,4,1,2025-10-10,73500.0,7,10500.0,Cash,Pending
ORD-819636,BIZ-1024,2,5,2025-10-16,117600.0,12,9800.0,Cash,Pending
ORD-609754,BIZ-1026,3,1,2025-10-14,50000.0,5,10000.0,Cash,Cancelled
ORD-802750,BIZ-1055,1,5,2025-10-20,245000.0,25,9800.0,Bank Transfer,Delivered
ORD-908829,BIZ-1001,4,4,2025-10-13,10000.0,1,10000.0,Bank Transfer,Pending
ORD-545625,BIZ-1046,3,2,2025-10-02,256500.0,27,9500.0,Cash,Delivered
ORD-764920,BIZ-1046,3,4,2025-10-08,199500.0,19,10500.0,Cash,Pending
ORD-946331,BIZ-1026,1,4,2025-10-04,400000.0,40,10000.0,POS,Pending
ORD-572142,BIZ-1011,2,4,2025-10-25,90000.0,9,10000.0,Bank Transfer,Pending
ORD-918941,BIZ-1004,2,5,2025-10-16,262500.0,25,10500.0,Cash,Delivered
ORD-451339,BIZ-1043,4,5,2025-10-15,95000.0,10,9500.0,Bank Transfer,Delivered
ORD-482585,BIZ-1016,1,2,2025-10-26,176400.0,18,10000.0,Cash,Pending
ORD-287526,BIZ-1005,4,4,2025-10-04,161500.0,17,9500.0,Bank Transfer,Cancelled
ORD-657540,BIZ-1001,1,5,2025-10-30,10500.0,1,10500.0,Bank Transfer,Delivered
ORD-807494,BIZ-1049,2,4,2025-10-23,152000.0,16,9500.0,Cash,Pending
ORD-107294,BIZ-1009,2,5,2025-10-03,275500.0,29,9500.0,Bank Transfer,Delivered
ORD-841935,BIZ-1043,4,1,2025-10-11,123500.0,13,10000.0,Cash,Pending
ORD-307212,BIZ-1022,2,5,2025-10-18,370000.0,37,10000.0,POS,Delivered
ORD-744371,BIZ-1039,2,1,2025-10-16,107800.0,11,9800.0,Bank Transfer,Delivered
ORD-577090,BIZ-1037,2,2,2025-10-22,114000.0,12,9500.0,Bank Transfer,Cancelled
ORD-587339,BIZ-1006,1,4,2025-10-14,380000.0,38,10000.0,Cash,Pending
ORD-227455,BIZ-1024,3,1,2025-10-09,342000.0,36,9500.0,Cash,Cancelled
ORD-582607,BIZ-1018,2,4,2025-10-27,274400.0,28,9800.0,Cash,Delivered
ORD-728441,BIZ-1008,1,5,2025-10-12,303800.0,31,9800.0,POS,Cancelled
ORD-364583,BIZ-1046,2,2,2025-10-21,49000.0,5,9800.0,Bank Transfer,Delivered
ORD-807784,BIZ-1047,3,2,2025-10-13,110000.0,11,10000.0,Cash,Pending
ORD-958961,BIZ-1009,1,2,2025-10-09,409500.0,39,10500.0,POS,Delivered
ORD-380216,BIZ-1016,2,4,2025-10-01,330000.0,33,10000.0,POS,Delivered
ORD-474221,BIZ-1016,2,5,2025-10-06,325500.0,31,10500.0,Bank Transfer,Cancelled
ORD-568472,BIZ-1000,1,5,2025-10-13,380000.0,38,10000.0,POS,Cancelled
ORD-766876,BIZ-1055,1,4,2025-10-10,19600.0,2,9800.0,POS,Pending
ORD-217108,BIZ-1060,2,3,2025-10-02,161500.0,17,9500.0,POS,Delivered
ORD-138390,BIZ-1033,2,4,2025-10-11,85500.0,9,9500.0,Cash,Delivered
ORD-515461,BIZ-1018,3,5,2025-10-16,189000.0,18,10500.0,POS,Delivered
ORD-188129,BIZ-1053,1,2,2025-10-08,199500.0,21,9500.0,Cash,Pending
ORD-232177,BIZ-1022,3,4,2025-10-17,104500.0,11,9500.0,Cash,Pending
ORD-763664,BIZ-1040,4,2,2025-10-22,190000.0,19,10000.0,POS,Delivered
ORD-388039,BIZ-1031,3,3,2025-10-15,52500.0,5,10500.0,Cash,Cancelled
ORD-580280,BIZ-1000,1,5,2025-10-11,9500.0,1,9500.0,Cash,Pending
ORD-355958,BIZ-1030,4,5,2025-10-21,340000.0,34,10000.0,POS,Pending
ORD-975474,BIZ-1059,2,5,2025-10-28,147000.0,14,10500.0,POS,Pending
ORD-960341,BIZ-1023,3,3,2025-10-28,273000.0,26,10500.0,Bank Transfer,Delivered
ORD-580687,BIZ-1024,3,5,2025-10-16,273000.0,26,10500.0,Cash,Pending
ORD-442452,BIZ-1014,3,4,2025-10-02,68600.0,7,9800.0,POS,Delivered
ORD-253878,BIZ-1015,1,2,2025-10-12,136500.0,13,10500.0,Cash,Delivered
ORD-858970,BIZ-1037,3,5,2025-10-19,350000.0,35,10000.0,Bank Transfer,Cancelled
ORD-206034,BIZ-1005,3,3,2025-10-20,160000.0,16,10000.0,Bank Transfer,Delivered
ORD-860636,BIZ-1055,4,3,2025-10-12,260000.0,26,10000.0,Cash,Delivered
ORD-767671,BIZ-1011,2,4,2025-10-03,294000.0,28,10000.0,Bank Transfer,Cancelled
ORD-543054,BIZ-1033,1,3,2025-10-23,73500.0,7,10500.0,Cash,Cancelled
ORD-292864,BIZ-1013,2,2,2025-10-13,52500.0,5,10500.0,Cash,Cancelled
ORD-369335,BIZ-1007,1,5,2025-10-29,342000.0,36,9500.0,Bank Transfer,Pending
ORD-878761,BIZ-1017,1,2,2025-10-22,250000.0,25,10000.0,POS,Delivered
ORD-977504,BIZ-1018,2,1,2025-10-27,9800.0,1,9800.0,POS,Pending
ORD-222080,BIZ-1016,3,5,2025-10-28,94500.0,9,10500.0,Bank Transfer,Delivered
ORD-698626,BIZ-1001,1,5,2025-10-24,409500.0,39,10500.0,POS,Delivered
ORD-417929,BIZ-1022,2,3,2025-10-08,57000.0,6,9500.0,POS,Pending
ORD-665347,BIZ-1055,2,3,2025-10-19,300000.0,30,10000.0,Bank Transfer,Cancelled
ORD-355592,BIZ-1012,3,5,2025-10-26,304500.0,29,10500.0,POS,Cancelled
ORD-151203,BIZ-1050,4,4,2025-10-21,31500.0,3,10500.0,POS,Pending
ORD-595890,BIZ-1041,2,3,2025-10-12,252000.0,24,10500.0,Cash,Delivered
ORD-558170,BIZ-1023,3,4,2025-10-07,420000.0,40,10500.0,POS,Delivered
ORD-822325,BIZ-1020,2,3,2025-10-09,161500.0,17,9500.0,Bank Transfer,Pending
ORD-390302,BIZ-1049,3,4,2025-10-24,332500.0,35,9500.0,Cash,Delivered
ORD-147964,BIZ-1009,4,5,2025-10-16,320000.0,32,10000.0,Bank Transfer,Delivered
ORD-290065,BIZ-1019,3,3,2025-10-19,303800.0,31,9800.0,POS,Pending
ORD-385925,BIZ-1060,3,1,2025-10-21,52500.0,5,10500.0,Cash,Cancelled
ORD-317198,BIZ-1038,1,3,2025-10-01,294000.0,30,9800.0,Bank Transfer,Pending
ORD-534451,BIZ-1025,3,5,2025-10-01,47500.0,5,9500.0,POS,Pending
ORD-388115,BIZ-1008,4,4,2025-10-20,304500.0,29,10500.0,Bank Transfer,Pending
ORD-728180,BIZ-1031,1,4,2025-10-09,220500.0,21,10500.0,POS,Delivered
ORD-765695,BIZ-1036,1,3,2025-10-24,361000.0,38,9500.0,POS,Cancelled
ORD-332074,BIZ-1050,1,5,2025-10-10,350000.0,35,10000.0,POS,Cancelled
ORD-843449,BIZ-1017,4,1,2025-10-07,361000.0,38,9500.0,POS,Cancelled
ORD-166817,BIZ-1056,2,5,2025-10-10,180500.0,19,9500.0,Cash,Delivered
ORD-863535,BIZ-1029,3,5,2025-10-19,294000.0,30,9800.0,Bank Transfer,Pending
ORD-967146,BIZ-1039,3,5,2025-10-22,264600.0,27,9800.0,Cash,Cancelled
ORD-541203,BIZ-1045,3,3,2025-10-14,273000.0,26,10500.0,Bank Transfer,Pending
ORD-444721,BIZ-1011,2,4,2025-10-20,400000.0,40,10000.0,Cash,Cancelled
ORD-598705,BIZ-1043,3,4,2025-10-17,190000.0,20,9500.0,POS,Cancelled
ORD-113177,BIZ-1059,4,5,2025-10-28,171000.0,18,9500.0,Cash,Delivered
ORD-435169,BIZ-1039,3,4,2025-10-11,98000.0,10,9800.0,POS,Pending
ORD-565969,BIZ-1027,4,3,2025-10-11,190000.0,20,9500.0,Bank Transfer,Cancelled
ORD-995857,BIZ-1052,1,5,2025-10-05,264600.0,27,9800.0,POS,Pending
ORD-320869,BIZ-1002,1,5,2025-10-23,105000.0,10,10500.0,Cash,Cancelled
ORD-278271,BIZ-1038,2,4,2025-10-16,313600.0,32,9800.0,POS,Cancelled
ORD-368113,BIZ-1051,4,3,2025-10-21,303800.0,31,9800.0,POS,Pending
ORD-792792,BIZ-1037,2,3,2025-10-13,189000.0,18,10500.0,POS,Cancelled
ORD-182427,BIZ-1038,3,4,2025-10-26,168000.0,16,10500.0,POS,Pending
ORD-688592,BIZ-1049,2,4,2025-10-19,127400.0,13,9800.0,Cash,Cancelled
ORD-187128,BIZ-1057,3,5,2025-10-30,336000.0,32,10500.0,Bank Transfer,Cancelled
ORD-655317,BIZ-1051,3,3,2025-10-07,247000.0,26,9500.0,Cash,Delivered
ORD-405998,BIZ-1001,3,1,2025-10-12,20000.0,2,10000.0,Cash,Pending
ORD-573431,BIZ-1029,2,4,2025-10-23,38000.0,4,9500.0,Bank Transfer,Delivered
ORD-131000,BIZ-1055,4,3,2025-10-21,283500.0,27,10500.0,Cash,Delivered
ORD-713350,BIZ-1025,4,4,2025-10-05,294500.0,31,9500.0,Bank Transfer,Pending
ORD-468706,BIZ-1033,3,3,2025-10-06,388500.0,37,10500.0,Cash,Delivered
ORD-535571,BIZ-1051,4,5,2025-10-17,199500.0,21,9500.0,Bank Transfer,Cancelled
ORD-124545,BIZ-1042,3,5,2025-10-30,294000.0,30,9800.0,Bank Transfer,Cancelled
ORD-397677,BIZ-1037,4,3,2025-10-23,342000.0,36,9500.0,Cash,Pending
ORD-614595,BIZ-1012,4,4,2025-10-17,88200.0,9,9800.0,Bank Transfer,Cancelled
ORD-493514,BIZ-1054,1,4,2025-10-30,230000.0,23,10000.0,Cash,Cancelled
ORD-238094,BIZ-1032,2,5,2025-10-28,142500.0,15,9500.0,Cash,Pending
ORD-990941,BIZ-1002,2,3,2025-10-12,303800.0,31,9800.0,Bank Transfer,Pending
ORD-514973,BIZ-1040,1,4,2025-10-04,262500.0,25,10500.0,POS,Delivered
ORD-216006,BIZ-1014,4,4,2025-10-07,266000.0,28,9500.0,Cash,Cancelled
ORD-287299,BIZ-1044,1,1,2025-10-18,218500.0,23,9500.0,Bank Transfer,Delivered
ORD-904126,BIZ-1039,4,2,2025-10-26,161500.0,17,9500.0,Bank Transfer,Delivered
ORD-870137,BIZ-1016,4,3,2025-10-24,95000.0,10,9500.0,Cash,Pending
ORD-676790,BIZ-1058,2,4,2025-10-30,260000.0,26,10000.0,Cash,Delivered
ORD-887775,BIZ-1019,1,4,2025-10-13,120000.0,12,10000.0,POS,Pending
ORD-728357,BIZ-1048,1,5,2025-10-07,370000.0,37,10000.0,Bank Transfer,Cancelled
ORD-907927,BIZ-1012,3,3,2025-10-09,115500.0,11,10500.0,POS,Cancelled
ORD-210770,BIZ-1041,3,2,2025-10-11,10000.0,1,10000.0,POS,Delivered
ORD-820208,BIZ-1000,1,2,2025-10-20,231000.0,22,10500.0,Bank Transfer,Delivered
ORD-898756,BIZ-1008,4,5,2025-10-29,262500.0,25,10500.0,Cash,Pending
ORD-626704,BIZ-1060,4,4,2025-10-20,235200.0,24,9800.0,Cash,Delivered
ORD-511223,BIZ-1018,3,5,2025-10-17,21000.0,2,10500.0,POS,Pending
ORD-523589,BIZ-1031,2,2,2025-10-07,304000.0,32,9500.0,POS,Pending
ORD-586449,BIZ-1043,4,5,2025-10-15,31500.0,3,10500.0,Cash,Delivered
ORD-571288,BIZ-1008,2,3,2025-10-09,88200.0,9,9800.0,POS,Delivered
ORD-286255,BIZ-1048,1,3,2025-10-05,220500.0,21,10500.0,Bank Transfer,Pending
ORD-103499,BIZ-1037,3,3,2025-10-13,266000.0,28,9500.0,POS,Delivered
ORD-450281,BIZ-1012,3,5,2025-10-16,220000.0,22,10000.0,Bank Transfer,Pending
ORD-788065,BIZ-1016,2,4,2025-10-23,399000.0,38,10500.0,POS,Delivered
ORD-203099,BIZ-1004,2,2,2025-10-06,310000.0,31,10000.0,Bank Transfer,Delivered
ORD-784829,BIZ-1000,2,5,2025-10-12,294000.0,30,9800.0,Cash,Cancelled
ORD-538587,BIZ-1032,4,3,2025-10-13,19000.0,2,9500.0,POS,Delivered
ORD-767331,BIZ-1045,2,3,2025-10-13,78400.0,8,9800.0,Bank Transfer,Pending
ORD-335082,BIZ-1041,3,5,2025-10-01,189000.0,18,10500.0,Bank Transfer,Cancelled
ORD-750033,BIZ-1018,1,2,2025-10-05,280000.0,28,10000.0,Bank Transfer,Delivered
ORD-184416,BIZ-1043,3,4,2025-10-16,178500.0,17,10500.0,Bank Transfer,Delivered
ORD-867712,BIZ-1058,1,3,2025-10-18,171000.0,18,9500.0,Bank Transfer,Cancelled
ORD-123942,BIZ-1039,3,5,2025-10-13,360000.0,36,10000.0,Bank Transfer,Pending
ORD-362081,BIZ-1061,1,3,2025-10-10,190000.0,20,9500.0,POS,Delivered
ORD-755879,BIZ-1030,3,4,2025-10-05,313600.0,32,9800.0,POS,Delivered
ORD-195385,BIZ-1046,2,1,2025-10-15,199500.0,21,9500.0,POS,Delivered
ORD-123823,BIZ-1049,1,2,2025-10-29,171000.0,18,9500.0,Cash,Cancelled
ORD-928249,BIZ-1057,3,4,2025-10-23,20000.0,2,10000.0,POS,Cancelled
ORD-678874,BIZ-1037,4,2,2025-10-20,40000.0,4,10000.0,Cash,Cancelled
ORD-302408,BIZ-1024,3,2,2025-10-16,357000.0,34,10500.0,Bank Transfer,Delivered
ORD-269218,BIZ-1026,4,3,2025-10-26,47500.0,5,9500.0,POS,Pending
ORD-858183,BIZ-1017,1,4,2025-10-14,256500.0,27,9500.0,Bank Transfer,Pending
ORD-283722,BIZ-1014,4,5,2025-10-27,294000.0,28,10500.0,Bank Transfer,Cancelled
ORD-847417,BIZ-1021,2,2,2025-10-15,78400.0,8,9800.0,Cash,Delivered
ORD-438400,BIZ-1055,2,5,2025-10-28,42000.0,4,10500.0,POS,Cancelled
ORD-167961,BIZ-1040,1,3,2025-10-04,199500.0,21,9500.0,Bank Transfer,Cancelled
ORD-317062,BIZ-1047,1,2,2025-10-27,95000.0,10,9500.0,Bank Transfer,Cancelled
ORD-581498,BIZ-1003,2,3,2025-10-18,178500.0,17,10500.0,POS,Pending
ORD-732552,BIZ-1003,4,3,2025-10-08,304000.0,32,9500.0,Cash,Pending
ORD-353633,BIZ-1040,1,4,2025-10-14,313500.0,33,9500.0,Cash,Cancelled
ORD-583819,BIZ-1020,3,5,2025-10-24,400000.0,40,10000.0,Bank Transfer,Cancelled
ORD-216556,BIZ-1004,2,4,2025-10-16,388500.0,37,10500.0,Cash,Pending
ORD-978576,BIZ-1028,4,2,2025-10-25,218500.0,23,9500.0,POS,Cancelled
ORD-267003,BIZ-1025,1,2,2025-10-10,370000.0,37,10000.0,Bank Transfer,Delivered
ORD-857120,BIZ-1035,1,5,2025-10-08,21000.0,2,10500.0,POS,Cancelled
ORD-107217,BIZ-1060,2,4,2025-10-29,336000.0,32,10500.0,Bank Transfer,Pending
ORD-815153,BIZ-1055,2,5,2025-10-23,68600.0,7,9800.0,Cash,Pending
ORD-645015,BIZ-1038,3,4,2025-10-21,220500.0,21,10500.0,POS,Pending
ORD-504032,BIZ-1003,1,5,2025-10-30,323400.0,33,9800.0,Bank Transfer,Cancelled
ORD-537350,BIZ-1040,2,5,2025-10-03,150000.0,15,10000.0,Bank Transfer,Cancelled
ORD-850755,BIZ-1017,3,2,2025-10-29,310000.0,31,10000.0,Bank Transfer,Pending
ORD-850565,BIZ-1042,2,3,2025-10-17,420000.0,40,10500.0,POS,Delivered
ORD-778522,BIZ-1020,4,1,2025-10-24,120000.0,12,10000.0,Cash,Pending
ORD-849484,BIZ-1031,1,3,2025-10-30,107800.0,11,9800.0,POS,Delivered
ORD-604163,BIZ-1050,4,5,2025-10-01,58800.0,6,9800.0,Bank Transfer,Pending
ORD-162690,BIZ-1056,2,5,2025-10-25,78400.0,8,9800.0,POS,Pending
ORD-517749,BIZ-1030,1,2,2025-10-09,342000.0,36,9500.0,POS,Delivered
ORD-860375,BIZ-1033,4,4,2025-10-25,63000.0,6,10500.0,POS,Delivered
ORD-481024,BIZ-1030,2,5,2025-10-24,264600.0,27,9800.0,Bank Transfer,Delivered
ORD-636409,BIZ-1024,2,3,2025-10-12,250000.0,25,10000.0,Bank Transfer,Pending
ORD-561421,BIZ-1051,3,5,2025-10-19,140000.0,14,10000.0,POS,Delivered
ORD-230083,BIZ-1008,3,2,2025-10-13,380000.0,40,9500.0,Bank Transfer,Delivered
ORD-988217,BIZ-1018,4,3,2025-10-04,84000.0,8,10500.0,POS,Cancelled
ORD-965314,BIZ-1056,4,3,2025-10-08,42000.0,4,10500.0,POS,Pending
ORD-930072,BIZ-1042,1,4,2025-10-18,325500.0,31,10500.0,POS,Delivered
ORD-277160,BIZ-1036,2,4,2025-10-04,57000.0,6,10000.0,POS,Delivered
ORD-788428,BIZ-1012,1,3,2025-10-11,330000.0,33,10000.0,POS,Delivered
ORD-354875,BIZ-1040,3,3,2025-10-11,247000.0,26,9500.0,Cash,Cancelled
ORD-320290,BIZ-1005,1,2,2025-10-24,310000.0,31,10000.0,POS,Pending
ORD-446057,BIZ-1051,2,2,2025-10-08,98000.0,10,9800.0,POS,Delivered
ORD-177667,BIZ-1044,1,5,2025-10-20,392000.0,40,9800.0,Bank Transfer,Pending
ORD-843527,BIZ-1060,4,2,2025-10-14,336000.0,32,10500.0,Cash,Pending
ORD-356616,BIZ-1044,4,5,2025-10-15,170000.0,17,10000.0,Bank Transfer,Delivered
ORD-459077,BIZ-1028,1,4,2025-10-23,70000.0,7,10000.0,Bank Transfer,Pending
ORD-566272,BIZ-1061,4,4,2025-10-09,340000.0,34,10000.0,Bank Transfer,Cancelled
ORD-572253,BIZ-1004,1,3,2025-10-10,245000.0,25,9800.0,POS,Cancelled
ORD-695833,BIZ-1043,1,4,2025-10-21,320000.0,32,10000.0,POS,Cancelled
ORD-137480,BIZ-1008,2,2,2025-10-09,199500.0,19,10500.0,Cash,Cancelled
ORD-255214,BIZ-1022,4,3,2025-10-23,330000.0,33,10000.0,Bank Transfer,Pending
ORD-127200,BIZ-1060,1,5,2025-10-16,362600.0,37,10000.0,Bank Transfer,Delivered
ORD-488865,BIZ-1041,2,5,2025-10-07,39200.0,4,9800.0,Cash,Delivered
ORD-848476,BIZ-1000,2,3,2025-10-17,283500.0,27,10500.0,POS,Pending
ORD-850609,BIZ-1014,4,2,2025-10-09,275500.0,29,9500.0,POS,Pending
ORD-764686,BIZ-1011,2,5,2025-10-05,58800.0,6,9800.0,POS,Pending
ORD-847717,BIZ-1035,3,4,2025-10-10,372400.0,38,9800.0,POS,Cancelled
ORD-409203,BIZ-1061,1,2,2025-10-14,231000.0,22,10500.0,POS,Pending
ORD-944311,BIZ-1046,2,3,2025-10-05,38000.0,4,9500.0,Bank Transfer,Pending
ORD-253643,BIZ-1000,1,1,2025-10-21,336000.0,32,10500.0,POS,Delivered
ORD-502890,BIZ-1061,2,5,2025-10-19,346500.0,33,10500.0,POS,Cancelled
ORD-338989,BIZ-1014,3,3,2025-10-08,336000.0,32,10500.0,POS,Cancelled
ORD-321943,BIZ-1048,3,4,2025-10-01,98000.0,10,9800.0,POS,Cancelled
ORD-255570,BIZ-1009,3,4,2025-10-18,76000.0,8,9500.0,POS,Pending
ORD-372022,BIZ-1047,4,4,2025-10-18,126000.0,12,10500.0,Cash,Delivered
ORD-633296,BIZ-1004,2,3,2025-10-11,199500.0,21,9500.0,Cash,Cancelled
ORD-525558,BIZ-1051,2,4,2025-10-23,209000.0,22,9500.0,POS,Cancelled
ORD-278687,BIZ-1058,3,4,2025-10-15,273000.0,26,10000.0,POS,Cancelled
ORD-775127,BIZ-1056,2,5,2025-10-30,9500.0,1,9500.0,POS,Cancelled
ORD-994026,BIZ-1046,2,2,2025-10-05,303800.0,31,9800.0,POS,Delivered
ORD-648759,BIZ-1009,4,1,2025-10-16,310000.0,31,10000.0,Cash,Cancelled
ORD-608817,BIZ-1007,1,1,2025-10-12,90000.0,9,10000.0,Cash,Delivered
ORD-650750,BIZ-1028,4,2,2025-10-20,285000.0,30,9500.0,POS,Pending
ORD-607509,BIZ-1046,1,5,2025-10-15,49000.0,5,9800.0,Bank Transfer,Delivered
ORD-114923,BIZ-1038,4,3,2025-10-27,205800.0,21,9800.0,Cash,Cancelled
ORD-167898,BIZ-1058,4,3,2025-10-21,304500.0,29,10500.0,Bank Transfer,Pending
ORD-424333,BIZ-1059,2,3,2025-10-11,94500.0,9,10500.0,Cash,Delivered
ORD-257379,BIZ-1049,3,5,2025-10-07,133000.0,14,9500.0,POS,Cancelled
ORD-915807,BIZ-1029,3,5,2025-10-09,399000.0,38,10500.0,Bank Transfer,Pending
ORD-225400,BIZ-1001,1,1,2025-10-22,294500.0,31,9500.0,Cash,Delivered
ORD-473818,BIZ-1058,4,5,2025-10-20,351500.0,37,9500.0,Cash,Pending
ORD-697067,BIZ-1044,2,3,2025-10-15,283500.0,27,10500.0,Bank Transfer,Cancelled
ORD-112793,BIZ-1009,3,2,2025-10-28,63000.0,6,10500.0,Cash,Delivered
ORD-986828,BIZ-1024,4,2,2025-10-26,252000.0,24,10500.0,POS,Delivered
ORD-925948,BIZ-1052,2,2,2025-10-25,137200.0,14,9800.0,Cash,Cancelled
ORD-339464,BIZ-1046,2,5,2025-10-16,235200.0,24,9800.0,POS,Pending
ORD-481220,BIZ-1029,1,5,2025-10-23,262500.0,25,10500.0,POS,Delivered
ORD-517848,BIZ-1050,3,3,2025-10-20,294500.0,31,9500.0,Bank Transfer,Cancelled
ORD-445521,BIZ-1034,4,3,2025-10-19,150000.0,15,10000.0,Cash,Cancelled
ORD-384660,BIZ-1059,1,3,2025-10-16,256500.0,27,9500.0,Bank Transfer,Pending
ORD-660730,BIZ-1028,4,2,2025-10-17,392000.0,40,9800.0,Bank Transfer,Cancelled
ORD-663849,BIZ-1055,4,5,2025-10-26,254800.0,26,9800.0,Cash,Cancelled
ORD-936677,BIZ-1022,1,4,2025-10-27,200000.0,20,10000.0,POS,Pending
ORD-694230,BIZ-1034,4,3,2025-10-02,50000.0,5,10000.0,Bank Transfer,Delivered
ORD-356578,BIZ-1000,1,1,2025-10-16,42000.0,4,10500.0,Bank Transfer,Cancelled
ORD-875354,BIZ-1014,2,4,2025-10-08,76000.0,8,9500.0,Cash,Pending
ORD-782420,BIZ-1058,4,4,2025-10-06,42000.0,4,10500.0,Cash,Cancelled
ORD-339431,BIZ-1044,1,5,2025-10-26,66500.0,7,9500.0,Bank Transfer,Cancelled
ORD-578219,BIZ-1040,4,5,2025-10-21,303800.0,31,9800.0,Bank Transfer,Pending
ORD-738727,BIZ-1033,4,3,2025-10-06,110000.0,11,10000.0,Cash,Pending
ORD-390955,BIZ-1041,2,5,2025-10-08,40000.0,4,10000.0,POS,Cancelled
ORD-299244,BIZ-1013,4,4,2025-10-03,361000.0,38,9500.0,Bank Transfer,Cancelled
ORD-166761,BIZ-1049,3,5,2025-10-23,399000.0,38,10500.0,Cash,Cancelled
ORD-238987,BIZ-1053,4,4,2025-10-28,352800.0,36,9800.0,Bank Transfer,Cancelled
ORD-163821,BIZ-1015,1,4,2025-10-16,88200.0,9,9800.0,Bank Transfer,Delivered
ORD-355790,BIZ-1032,4,5,2025-10-07,254800.0,26,9800.0,Cash,Delivered
ORD-709506,BIZ-1057,1,3,2025-10-18,104500.0,11,9500.0,POS,Cancelled
ORD-203043,BIZ-1059,2,3,2025-10-15,180500.0,19,9500.0,Cash,Delivered
ORD-919370,BIZ-1009,2,2,2025-10-17,85500.0,9,9500.0,POS,Cancelled
ORD-928391,BIZ-1050,2,3,2025-10-02,228000.0,24,9500.0,Bank Transfer,Pending
ORD-305967,BIZ-1024,2,2,2025-10-20,280000.0,28,10000.0,Bank Transfer,Delivered
ORD-563363,BIZ-1047,1,5,2025-10-15,240000.0,24,10000.0,POS,Pending
ORD-306984,BIZ-1016,1,4,2025-10-03,21000.0,2,10500.0,POS,Delivered
ORD-718005,BIZ-1032,1,2,2025-10-03,98000.0,10,9800.0,Cash,Delivered
ORD-610898,BIZ-1037,4,4,2025-10-07,367500.0,35,10500.0,Cash,Cancelled
ORD-110068,BIZ-1025,4,5,2025-10-09,130000.0,13,10000.0,Cash,Delivered
ORD-216941,BIZ-1054,4,5,2025-10-18,270000.0,27,10000.0,Cash,Pending
ORD-564143,BIZ-1046,3,3,2025-10-22,240000.0,24,10000.0,POS,Delivered
ORD-304261,BIZ-1008,3,4,2025-10-24,333200.0,34,9800.0,Bank Transfer,Cancelled
ORD-765775,BIZ-1014,3,3,2025-10-18,218500.0,23,9500.0,Cash,Pending
ORD-578417,BIZ-1019,3,5,2025-10-19,200000.0,20,10000.0,POS,Delivered
ORD-363976,BIZ-1019,3,4,2025-10-30,10000.0,1,10000.0,Bank Transfer,Cancelled
ORD-730565,BIZ-1009,4,3,2025-10-23,378000.0,36,10500.0,Cash,Pending
ORD-761785,BIZ-1047,3,2,2025-10-09,336000.0,32,10500.0,Cash,Cancelled
ORD-631935,BIZ-1025,4,2,2025-10-06,378000.0,36,10500.0,Cash,Cancelled
ORD-397539,BIZ-1048,2,2,2025-10-15,199500.0,19,10500.0,Bank Transfer,Delivered
ORD-414192,BIZ-1055,4,5,2025-10-29,210000.0,20,10500.0,POS,Cancelled
ORD-658041,BIZ-1059,1,3,2025-10-08,264600.0,27,9800.0,POS,Delivered
ORD-388660,BIZ-1002,1,4,2025-10-08,105000.0,10,10000.0,POS,Delivered
ORD-627499,BIZ-1044,1,2,2025-10-21,218500.0,23,9500.0,Cash,Pending
ORD-561419,BIZ-1034,1,5,2025-10-10,147000.0,14,10500.0,Cash,Delivered
ORD-893365,BIZ-1008,3,5,2025-10-04,205800.0,21,9800.0,Bank Transfer,Pending
ORD-611265,BIZ-1035,4,2,2025-10-29,10000.0,1,10000.0,Cash,Delivered
ORD-634299,BIZ-1048,4,2,2025-10-01,420000.0,40,10500.0,POS,Delivered
ORD-271055,BIZ-1041,4,3,2025-10-15,180000.0,18,10000.0,Bank Transfer,Pending
ORD-897376,BIZ-1016,2,4,2025-10-06,237500.0,25,9500.0,POS,Cancelled
ORD-419439,BIZ-1046,2,3,2025-10-13,63000.0,6,10500.0,POS,Delivered
ORD-564727,BIZ-1036,2,2,2025-10-03,262500.0,25,10500.0,POS,Pending
ORD-820328,BIZ-1022,4,5,2025-10-11,340000.0,34,10000.0,POS,Cancelled
ORD-291528,BIZ-1031,2,3,2025-10-17,390000.0,39,10000.0,Bank Transfer,Delivered
ORD-213992,BIZ-1005,2,5,2025-10-06,80000.0,8,10000.0,POS,Cancelled
ORD-323573,BIZ-1060,4,2,2025-10-23,237500.0,25,9500.0,POS,Pending
ORD-420218,BIZ-1013,4,5,2025-10-10,120000.0,12,10000.0,Cash,Pending
ORD-656164,BIZ-1053,1,3,2025-10-10,310000.0,31,10000.0,POS,Delivered
ORD-818008,BIZ-1046,1,5,2025-10-15,58800.0,6,9800.0,POS,Pending
ORD-739135,BIZ-1037,4,4,2025-10-10,290000.0,29,10000.0,POS,Delivered
ORD-804524,BIZ-1030,2,5,2025-10-07,378000.0,36,10500.0,Cash,Cancelled
ORD-263984,BIZ-1041,1,2,2025-10-05,343000.0,35,9800.0,POS,Delivered
ORD-515487,BIZ-1023,2,4,2025-10-06,19000.0,2,9500.0,Cash,Pending
ORD-993761,BIZ-1056,4,2,2025-10-24,218500.0,23,9500.0,Cash,Pending
ORD-794776,BIZ-1031,2,4,2025-10-05,360000.0,36,10000.0,Cash,Cancelled
ORD-641554,BIZ-1014,1,5,2025-10-05,351500.0,37,9500.0,Cash,Delivered
ORD-785234,BIZ-1042,1,3,2025-10-30,199500.0,19,10500.0,Bank Transfer,Delivered
ORD-537160,BIZ-1054,1,4,2025-10-18,127400.0,13,10000.0,Cash,Pending
ORD-382468,BIZ-1017,2,2,2025-10-24,156800.0,16,9800.0,POS,Pending
ORD-375623,BIZ-1042,2,4,2025-10-07,420000.0,40,10500.0,POS,Pending
ORD-997830,BIZ-1016,3,3,2025-10-15,107800.0,11,9800.0,Bank Transfer,Cancelled
ORD-488802,BIZ-1034,2,3,2025-10-26,336000.0,32,10500.0,POS,Cancelled
ORD-449933,BIZ-1017,4,2,2025-10-05,352800.0,36,9800.0,Cash,Pending
ORD-969512,BIZ-1053,4,3,2025-10-22,152000.0,16,9500.0,Bank Transfer,Cancelled
ORD-571552,BIZ-1052,4,3,2025-10-23,323400.0,33,9800.0,Cash,Delivered
ORD-690648,BIZ-1026,4,5,2025-10-10,388500.0,37,10500.0,Cash,Delivered
ORD-537385,BIZ-1007,2,5,2025-10-12,40000.0,4,10000.0,POS,Delivered
ORD-523709,BIZ-1049,4,2,2025-10-01,284200.0,29,9800.0,POS,Cancelled
ORD-528645,BIZ-1049,3,3,2025-10-02,19000.0,2,9500.0,POS,Delivered
ORD-944492,BIZ-1053,4,5,2025-10-11,117600.0,12,9800.0,Bank Transfer,Pending
ORD-579083,BIZ-1025,2,5,2025-10-05,333200.0,34,9800.0,Cash,Delivered
ORD-120425,BIZ-1031,2,4,2025-10-24,20000.0,2,10000.0,POS,Pending
ORD-312035,BIZ-1034,3,4,2025-10-25,294000.0,28,10500.0,Cash,Pending
ORD-851485,BIZ-1026,4,2,2025-10-07,205800.0,21,9800.0,Cash,Cancelled
ORD-972993,BIZ-1021,4,4,2025-10-08,199500.0,21,9500.0,POS,Cancelled
ORD-437479,BIZ-1059,3,3,2025-10-12,330000.0,33,10000.0,Cash,Cancelled
ORD-500982,BIZ-1010,3,5,2025-10-13,205800.0,21,9800.0,Bank Transfer,Cancelled
ORD-687173,BIZ-1004,4,2,2025-10-10,260000.0,26,10000.0,Cash,Cancelled
ORD-936212,BIZ-1036,3,1,2025-10-23,140000.0,14,10000.0,POS,Cancelled
ORD-627374,BIZ-1057,3,2,2025-10-07,20000.0,2,10000.0,Bank Transfer,Pending
ORD-387271,BIZ-1044,4,2,2025-10-14,409500.0,39,10500.0,Bank Transfer,Delivered
ORD-354948,BIZ-1015,2,3,2025-10-04,332500.0,35,9500.0,POS,Delivered
ORD-857962,BIZ-1054,3,2,2025-10-05,378000.0,36,10500.0,Cash,Cancelled
ORD-856300,BIZ-1012,4,2,2025-10-15,215600.0,22,9800.0,Bank Transfer,Pending
ORD-148234,BIZ-1050,2,1,2025-10-18,362600.0,37,9800.0,Bank Transfer,Pending
ORD-509010,BIZ-1052,1,4,2025-10-24,73500.0,7,10500.0,Cash,Cancelled
ORD-840807,BIZ-1052,2,2,2025-10-21,123500.0,13,9500.0,Bank Transfer,Pending
ORD-393750,BIZ-1047,1,3,2025-10-15,360000.0,36,10000.0,POS,Delivered
ORD-714585,BIZ-1060,1,2,2025-10-30,294000.0,28,10500.0,POS,Pending
ORD-206367,BIZ-1039,4,4,2025-10-12,280000.0,28,10000.0,Cash,Pending
ORD-459338,BIZ-1043,2,5,2025-10-02,310000.0,31,10000.0,Cash,Delivered
ORD-487395,BIZ-1053,3,4,2025-10-09,210000.0,21,10000.0,Cash,Cancelled
ORD-398042,BIZ-1048,1,5,2025-10-14,304500.0,29,10500.0,Bank Transfer,Pending
ORD-240807,BIZ-1041,2,1,2025-10-04,29400.0,3,9800.0,Bank Transfer,Cancelled
ORD-177582,BIZ-1007,2,3,2025-10-27,350000.0,35,10000.0,Bank Transfer,Delivered
ORD-912901,BIZ-1038,2,5,2025-10-10,231000.0,22,10500.0,Cash,Cancelled
ORD-964352,BIZ-1028,3,2,2025-10-22,95000.0,10,9500.0,Cash,Delivered
ORD-257726,BIZ-1011,3,5,2025-10-05,20000.0,2,10000.0,Bank Transfer,Pending
ORD-701975,BIZ-1031,3,3,2025-10-18,196000.0,20,9800.0,Cash,Delivered
ORD-192280,BIZ-1023,4,4,2025-10-06,323000.0,34,9500.0,Bank Transfer,Pending
ORD-443767,BIZ-1007,4,4,2025-10-14,252000.0,24,10500.0,Bank Transfer,Cancelled
ORD-899840,BIZ-1010,2,3,2025-10-18,180500.0,19,9500.0,POS,Cancelled
ORD-683715,BIZ-1052,3,4,2025-10-20,218500.0,23,9500.0,Cash,Pending
ORD-405575,BIZ-1041,3,2,2025-10-16,360000.0,36,10000.0,Bank Transfer,Cancelled
ORD-247290,BIZ-1005,4,4,2025-10-21,294500.0,31,9500.0,POS,Pending
ORD-171307,BIZ-1031,1,5,2025-10-24,200000.0,20,10000.0,Cash,Cancelled
ORD-833218,BIZ-1036,1,3,2025-10-27,218500.0,23,9500.0,Bank Transfer,Cancelled
ORD-429212,BIZ-1026,2,3,2025-10-22,147000.0,14,10500.0,Bank Transfer,Delivered
ORD-478776,BIZ-1015,2,4,2025-10-29,200000.0,20,10000.0,Cash,Delivered
ORD-567497,BIZ-1045,1,1,2025-10-28,333200.0,34,9800.0,Bank Transfer,Pending
ORD-325247,BIZ-1008,2,3,2025-10-23,120000.0,12,10000.0,Cash,Cancelled
ORD-591075,BIZ-1030,3,4,2025-10-06,152000.0,16,9500.0,Cash,Pending
ORD-479798,BIZ-1044,2,3,2025-10-07,133000.0,14,9500.0,Cash,Cancelled
ORD-810587,BIZ-1005,3,5,2025-10-10,110000.0,11,10000.0,Bank Transfer,Cancelled
ORD-371608,BIZ-1024,3,3,2025-10-30,388500.0,37,10500.0,Bank Transfer,Cancelled
ORD-883968,BIZ-1028,1,1,2025-10-08,399000.0,38,10500.0,Cash,Delivered
ORD-247083,BIZ-1002,4,3,2025-10-28,361000.0,38,9500.0,POS,Cancelled
ORD-530732,BIZ-1055,3,2,2025-10-04,68600.0,7,9800.0,POS,Cancelled
ORD-945220,BIZ-1004,3,2,2025-10-13,199500.0,19,10500.0,POS,Delivered
ORD-150364,BIZ-1043,3,3,2025-10-15,228000.0,24,9500.0,Cash,Pending
ORD-163214,BIZ-1020,4,2,2025-10-25,178500.0,17,10500.0,Cash,Pending
ORD-491616,BIZ-1030,1,5,2025-10-28,142500.0,15,9500.0,Bank Transfer,Pending
ORD-558444,BIZ-1017,4,3,2025-10-01,68600.0,7,10000.0,POS,Cancelled
ORD-628704,BIZ-1038,1,2,2025-10-30,304500.0,29,10500.0,POS,Pending
ORD-442957,BIZ-1050,4,5,2025-10-27,320000.0,32,10000.0,Cash,Delivered
ORD-615909,BIZ-1016,4,4,2025-10-24,342000.0,36,9500.0,Cash,Delivered
ORD-449964,BIZ-1011,2,3,2025-10-09,142500.0,15,10000.0,Bank Transfer,Pending
ORD-870109,BIZ-1013,1,3,2025-10-20,30000.0,3,10000.0,Bank Transfer,Pending
ORD-196619,BIZ-1041,3,3,2025-10-03,178500.0,17,10500.0,Cash,Delivered
ORD-918506,BIZ-1024,3,5,2025-10-30,170000.0,17,10000.0,Bank Transfer,Pending
ORD-265909,BIZ-1004,2,2,2025-10-04,170000.0,17,10000.0,POS,Pending
ORD-987409,BIZ-1011,2,1,2025-10-24,390000.0,39,10000.0,Bank Transfer,Cancelled
ORD-701804,BIZ-1009,1,3,2025-10-26,351500.0,37,10000.0,POS,Delivered
ORD-739664,BIZ-1042,4,2,2025-10-28,178500.0,17,10500.0,Bank Transfer,Cancelled
ORD-300160,BIZ-1042,4,2,2025-10-20,127400.0,13,9800.0,POS,Pending
ORD-904378,BIZ-1006,2,2,2025-10-23,205800.0,21,9800.0,Cash,Cancelled
ORD-957479,BIZ-1032,4,5,2025-10-21,256500.0,27,9500.0,POS,Cancelled
ORD-573210,BIZ-1025,4,5,2025-10-09,80000.0,8,10000.0,Cash,Delivered
ORD-874831,BIZ-1040,3,2,2025-10-27,115500.0,11,10500.0,Cash,Delivered
ORD-446480,BIZ-1054,2,5,2025-10-05,186200.0,19,10000.0,Cash,Pending
ORD-779309,BIZ-1008,1,3,2025-10-03,58800.0,6,9800.0,POS,Delivered
ORD-576102,BIZ-1013,2,4,2025-10-18,58800.0,6,10000.0,POS,Pending
ORD-826229,BIZ-1002,3,5,2025-10-16,218500.0,23,9500.0,Cash,Delivered
ORD-553401,BIZ-1036,4,5,2025-10-23,235200.0,24,9800.0,Bank Transfer,Pending
ORD-520967,BIZ-1050,2,2,2025-10-27,247000.0,26,9500.0,POS,Delivered
ORD-106662,BIZ-1039,4,4,2025-10-18,284200.0,29,9800.0,Bank Transfer,Pending
ORD-508889,BIZ-1058,2,4,2025-10-19,127400.0,13,10000.0,POS,Cancelled
ORD-336170,BIZ-1053,4,4,2025-10-01,117600.0,12,9800.0,POS,Delivered
ORD-257805,BIZ-1014,4,2,2025-10-10,105000.0,10,10500.0,Cash,Delivered
ORD-333717,BIZ-1009,4,2,2025-10-08,156800.0,16,9800.0,Cash,Pending
ORD-905074,BIZ-1028,2,3,2025-10-18,294000.0,28,10500.0,POS,Pending
ORD-579989,BIZ-1023,2,3,2025-10-10,313500.0,33,9500.0,POS,Pending
ORD-310062,BIZ-1007,1,5,2025-10-20,300000.0,30,10000.0,Cash,Cancelled
ORD-702342,BIZ-1053,3,2,2025-10-24,392000.0,40,9800.0,Cash,Pending
ORD-849631,BIZ-1014,1,3,2025-10-28,241500.0,23,10500.0,Cash,Cancelled
ORD-260017,BIZ-1045,2,2,2025-10-27,161500.0,17,9500.0,Cash,Cancelled
ORD-255486,BIZ-1033,1,2,2025-10-06,294000.0,28,10500.0,Bank Transfer,Delivered
ORD-290407,BIZ-1022,3,2,2025-10-07,52500.0,5,10500.0,Bank Transfer,Pending
ORD-659333,BIZ-1028,2,2,2025-10-04,275500.0,29,9500.0,Cash,Delivered
ORD-985730,BIZ-1004,1,2,2025-10-19,137200.0,14,9800.0,Bank Transfer,Cancelled
ORD-233508,BIZ-1023,3,4,2025-10-02,199500.0,21,9500.0,Cash,Pending
ORD-172631,BIZ-1051,1,2,2025-10-17,171000.0,18,9500.0,Cash,Delivered
ORD-430654,BIZ-1044,3,2,2025-10-10,332500.0,35,9500.0,POS,Cancelled
ORD-790138,BIZ-1034,1,4,2025-10-28,400000.0,40,10000.0,Bank Transfer,Pending
ORD-417644,BIZ-1043,4,1,2025-10-07,176400.0,18,9800.0,Cash,Pending
ORD-384245,BIZ-1034,3,5,2025-10-05,160000.0,16,10000.0,POS,Delivered
ORD-327788,BIZ-1033,4,4,2025-10-07,21000.0,2,10500.0,POS,Pending
ORD-128622,BIZ-1029,4,5,2025-10-24,117600.0,12,9800.0,Bank Transfer,Pending
ORD-560996,BIZ-1056,1,1,2025-10-05,247000.0,26,9500.0,POS,Delivered
ORD-493335,BIZ-1012,4,2,2025-10-04,100000.0,10,10000.0,Bank Transfer,Pending
ORD-880080,BIZ-1016,4,4,2025-10-01,68600.0,7,9800.0,Bank Transfer,Pending
ORD-318716,BIZ-1041,1,4,2025-10-26,31500.0,3,10500.0,Bank Transfer,Cancelled
ORD-568516,BIZ-1012,3,5,2025-10-12,180500.0,19,9500.0,Cash,Cancelled
ORD-308286,BIZ-1053,3,3,2025-10-14,399000.0,38,10500.0,Bank Transfer,Cancelled
ORD-498988,BIZ-1053,3,3,2025-10-07,380000.0,40,9500.0,POS,Pending
ORD-230704,BIZ-1022,4,3,2025-10-18,126000.0,12,10500.0,Cash,Delivered
ORD-283602,BIZ-1046,4,1,2025-10-03,343000.0,35,9800.0,Cash,Cancelled
ORD-706395,BIZ-1047,2,4,2025-10-16,104500.0,11,9500.0,Cash,Delivered
ORD-227615,BIZ-1009,3,3,2025-10-22,303800.0,31,9800.0,Bank Transfer,Pending
ORD-319821,BIZ-1053,1,4,2025-10-05,123500.0,13,9500.0,POS,Delivered
ORD-612867,BIZ-1045,2,3,2025-10-04,19000.0,2,9500.0,Bank Transfer,Pending
ORD-475799,BIZ-1054,3,2,2025-10-23,31500.0,3,10500.0,POS,Pending
ORD-432272,BIZ-1035,2,3,2025-10-23,320000.0,32,10000.0,POS,Cancelled
ORD-320544,BIZ-1055,3,2,2025-10-13,343000.0,35,9800.0,Bank Transfer,Pending
ORD-938641,BIZ-1052,2,2,2025-10-30,142500.0,15,9500.0,Bank Transfer,Cancelled
ORD-601197,BIZ-1043,1,3,2025-10-16,137200.0,14,9800.0,POS,Cancelled
ORD-217432,BIZ-1050,2,4,2025-10-08,120000.0,12,10000.0,Bank Transfer,Pending
ORD-116929,BIZ-1054,2,3,2025-10-29,372400.0,38,9800.0,Cash,Pending
ORD-942438,BIZ-1056,4,5,2025-10-01,152000.0,16,9500.0,Cash,Cancelled
ORD-999146,BIZ-1005,3,4,2025-10-13,189000.0,18,10500.0,Cash,Cancelled
ORD-477898,BIZ-1057,2,3,2025-10-04,362600.0,37,9800.0,Bank Transfer,Pending
ORD-977170,BIZ-1006,4,5,2025-10-29,264600.0,27,9800.0,Cash,Cancelled
ORD-988991,BIZ-1048,2,5,2025-10-02,228000.0,24,9500.0,POS,Delivered
ORD-340500,BIZ-1027,2,4,2025-10-20,367500.0,35,10500.0,Bank Transfer,Cancelled
ORD-188553,BIZ-1058,3,4,2025-10-30,336000.0,32,10500.0,POS,Delivered
ORD-949524,BIZ-1041,1,4,2025-10-20,84000.0,8,10500.0,POS,Delivered
ORD-594258,BIZ-1053,3,5,2025-10-12,150000.0,15,10000.0,Bank Transfer,Delivered
ORD-388060,BIZ-1014,2,1,2025-10-01,152000.0,16,9500.0,POS,Pending
ORD-438974,BIZ-1023,3,4,2025-10-22,161500.0,17,9500.0,Bank Transfer,Pending
ORD-988578,BIZ-1038,3,2,2025-10-02,247000.0,26,9500.0,Bank Transfer,Pending
ORD-692004,BIZ-1043,4,2,2025-10-08,114000.0,12,9500.0,Bank Transfer,Pending
ORD-643814,BIZ-1057,3,3,2025-10-01,39200.0,4,9800.0,POS,Pending
ORD-828833,BIZ-1041,4,2,2025-10-05,94500.0,9,10500.0,Bank Transfer,Delivered
ORD-140884,BIZ-1041,2,1,2025-10-15,237500.0,25,9500.0,POS,Delivered
ORD-941356,BIZ-1022,3,4,2025-10-02,123500.0,13,9500.0,Cash,Delivered
ORD-875788,BIZ-1045,2,5,2025-10-07,275500.0,29,9500.0,Cash,Cancelled
ORD-489759,BIZ-1031,2,1,2025-10-20,161500.0,17,9500.0,POS,Cancelled
ORD-963240,BIZ-1041,3,4,2025-10-19,370000.0,37,10000.0,POS,Cancelled
ORD-280795,BIZ-1001,2,3,2025-10-05,9500.0,1,9500.0,Cash,Delivered
ORD-643791,BIZ-1034,4,2,2025-10-06,225400.0,23,9800.0,Cash,Cancelled
ORD-878008,BIZ-1012,4,3,2025-10-29,228000.0,24,9500.0,Bank Transfer,Pending
ORD-801149,BIZ-1034,3,2,2025-10-25,120000.0,12,10000.0,POS,Delivered
ORD-214705,BIZ-1041,4,3,2025-10-06,98000.0,10,9800.0,Bank Transfer,Delivered
ORD-131436,BIZ-1025,2,3,2025-10-24,273000.0,26,10500.0,Bank Transfer,Delivered
ORD-420932,BIZ-1048,1,5,2025-10-15,186200.0,19,9800.0,Cash,Pending
ORD-491311,BIZ-1024,3,5,2025-10-13,290000.0,29,10000.0,POS,Delivered
ORD-378062,BIZ-1029,3,3,2025-10-28,252000.0,24,10500.0,Cash,Delivered
ORD-129861,BIZ-1025,4,3,2025-10-19,98000.0,10,9800.0,POS,Cancelled
ORD-447688,BIZ-1002,4,4,2025-10-24,225400.0,23,9800.0,Cash,Cancelled
ORD-593357,BIZ-1010,4,2,2025-10-01,285000.0,30,9500.0,Bank Transfer,Pending
ORD-251352,BIZ-1026,3,4,2025-10-02,70000.0,7,10000.0,Bank Transfer,Pending
ORD-148758,BIZ-1033,3,2,2025-10-28,110000.0,11,10000.0,Cash,Cancelled
ORD-899541,BIZ-1033,2,5,2025-10-17,330000.0,33,10000.0,Cash,Pending
ORD-650716,BIZ-1035,1,3,2025-10-18,133000.0,14,9500.0,Bank Transfer,Cancelled
ORD-204978,BIZ-1014,3,4,2025-10-06,310000.0,31,10000.0,POS,Pending
ORD-333517,BIZ-1030,2,5,2025-10-01,260000.0,26,10000.0,POS,Delivered
ORD-169547,BIZ-1024,4,4,2025-10-03,350000.0,35,10000.0,Bank Transfer,Pending
ORD-598796,BIZ-1032,3,3,2025-10-04,9500.0,1,9500.0,Cash,Delivered
ORD-535239,BIZ-1052,4,4,2025-10-14,285000.0,30,9500.0,Bank Transfer,Cancelled
ORD-662799,BIZ-1039,3,2,2025-10-26,28500.0,3,9500.0,Cash,Delivered
ORD-998541,BIZ-1035,3,4,2025-10-14,343000.0,35,9800.0,Cash,Delivered
ORD-767791,BIZ-1032,2,3,2025-10-19,19600.0,2,9800.0,POS,Pending
ORD-599377,BIZ-1005,2,1,2025-10-01,241500.0,23,10500.0,Bank Transfer,Delivered
ORD-369338,BIZ-1005,2,5,2025-10-15,351500.0,37,9500.0,Bank Transfer,Pending
ORD-788258,BIZ-1024,1,5,2025-10-04,42000.0,4,10500.0,Bank Transfer,Delivered
ORD-743416,BIZ-1054,1,5,2025-10-17,270000.0,27,10000.0,POS,Delivered
ORD-201080,BIZ-1018,3,5,2025-10-21,190000.0,20,10000.0,Cash,Pending
ORD-885088,BIZ-1052,4,2,2025-10-15,199500.0,19,10500.0,Cash,Cancelled
ORD-698988,BIZ-1012,1,4,2025-10-25,98000.0,10,9800.0,POS,Pending
ORD-329964,BIZ-1056,3,4,2025-10-06,186200.0,19,9800.0,Cash,Cancelled
ORD-944572,BIZ-1010,3,2,2025-10-16,178500.0,17,10500.0,POS,Cancelled
ORD-336508,BIZ-1025,2,2,2025-10-29,218500.0,23,9500.0,Bank Transfer,Pending
ORD-879286,BIZ-1016,2,2,2025-10-20,294000.0,28,10500.0,Bank Transfer,Pending
ORD-523455,BIZ-1018,2,5,2025-10-03,199500.0,19,10500.0,Bank Transfer,Delivered
ORD-744889,BIZ-1061,2,5,2025-10-09,73500.0,7,10500.0,Bank Transfer,Pending
ORD-337212,BIZ-1015,2,4,2025-10-04,30000.0,3,10000.0,Bank Transfer,Cancelled
ORD-865492,BIZ-1011,3,2,2025-10-08,147000.0,14,10500.0,POS,Cancelled
ORD-444589,BIZ-1002,1,4,2025-10-20,199500.0,19,10500.0,POS,Delivered
ORD-584598,BIZ-1055,4,3,2025-10-22,304000.0,32,9500.0,POS,Cancelled
ORD-645172,BIZ-1012,4,4,2025-10-21,220500.0,21,10500.0,Bank Transfer,Cancelled
ORD-379682,BIZ-1020,3,5,2025-10-16,333200.0,34,9800.0,Bank Transfer,Cancelled
ORD-238104,BIZ-1016,2,3,2025-10-23,210000.0,21,10000.0,Cash,Pending
ORD-492975,BIZ-1004,2,2,2025-10-10,156800.0,16,9800.0,Cash,Cancelled
ORD-707511,BIZ-1003,1,1,2025-10-20,409500.0,39,10500.0,POS,Pending
ORD-992074,BIZ-1007,4,5,2025-10-23,28500.0,3,9500.0,Bank Transfer,Pending
ORD-938621,BIZ-1049,4,5,2025-10-02,152000.0,16,9500.0,Bank Transfer,Pending
ORD-150350,BIZ-1049,4,4,2025-10-12,9800.0,1,9800.0,Bank Transfer,Cancelled
ORD-291021,BIZ-1036,4,3,2025-10-24,80000.0,8,10000.0,Cash,Cancelled
ORD-765458,BIZ-1044,1,4,2025-10-01,20000.0,2,10000.0,Cash,Cancelled
ORD-933379,BIZ-1029,2,3,2025-10-02,218500.0,23,9500.0,POS,Delivered
ORD-516036,BIZ-1018,2,3,2025-10-08,313500.0,33,9500.0,POS,Delivered
ORD-699876,BIZ-1051,3,3,2025-10-10,262500.0,25,10500.0,Bank Transfer,Cancelled
ORD-999343,BIZ-1040,2,4,2025-10-15,382200.0,39,9800.0,Cash,Cancelled
ORD-759253,BIZ-1014,2,5,2025-10-11,66500.0,7,9500.0,Bank Transfer,Cancelled
ORD-705239,BIZ-1024,4,4,2025-10-27,245000.0,25,9800.0,POS,Cancelled
ORD-325272,BIZ-1054,1,4,2025-10-13,42000.0,4,10500.0,Bank Transfer,Delivered
ORD-375570,BIZ-1037,2,2,2025-10-14,84000.0,8,10500.0,POS,Delivered
ORD-223542,BIZ-1017,1,4,2025-10-17,107800.0,11,9800.0,Bank Transfer,Pending
ORD-787300,BIZ-1015,4,2,2025-10-23,262500.0,25,10000.0,Cash,Delivered
ORD-453737,BIZ-1014,4,4,2025-10-24,140000.0,14,10000.0,Cash,Delivered
ORD-295370,BIZ-1008,2,4,2025-10-11,285000.0,30,9500.0,Bank Transfer,Pending
ORD-946188,BIZ-1005,4,2,2025-10-08,126000.0,12,10500.0,Bank Transfer,Delivered
ORD-909508,BIZ-1042,1,3,2025-10-27,220500.0,21,10500.0,Cash,Delivered
ORD-795466,BIZ-1021,1,4,2025-10-17,70000.0,7,10000.0,POS,Pending
ORD-997805,BIZ-1022,4,1,2025-10-03,114000.0,12,9500.0,Cash,Pending
ORD-644287,BIZ-1003,4,4,2025-10-11,80000.0,8,10000.0,POS,Cancelled
ORD-919938,BIZ-1036,1,5,2025-10-08,400000.0,40,10000.0,Bank Transfer,Cancelled
ORD-773492,BIZ-1033,2,2,2025-10-11,215600.0,22,9800.0,POS,Delivered
ORD-669711,BIZ-1053,2,3,2025-10-01,370000.0,37,10000.0,Cash,Cancelled
ORD-338157,BIZ-1005,4,5,2025-10-04,382200.0,39,9800.0,POS,Delivered
ORD-970399,BIZ-1025,4,5,2025-10-30,313600.0,32,9800.0,Cash,Delivered
ORD-677204,BIZ-1002,4,4,2025-10-04,142500.0,15,9500.0,Bank Transfer,Cancelled
ORD-232434,BIZ-1055,1,5,2025-10-22,95000.0,10,9500.0,Bank Transfer,Delivered
ORD-421944,BIZ-1032,1,4,2025-10-27,49000.0,5,9800.0,Bank Transfer,Delivered
ORD-680175,BIZ-1052,1,5,2025-10-14,310000.0,31,10000.0,POS,Delivered
ORD-186997,BIZ-1032,4,5,2025-10-30,120000.0,12,10000.0,POS,Pending
ORD-629241,BIZ-1012,1,2,2025-10-29,68600.0,7,9800.0,POS,Delivered
ORD-959860,BIZ-1037,1,1,2025-10-06,117600.0,12,9800.0,POS,Pending
ORD-635722,BIZ-1001,4,4,2025-10-29,160000.0,16,10000.0,POS,Cancelled
ORD-980817,BIZ-1036,3,2,2025-10-06,196000.0,20,9800.0,Cash,Delivered
ORD-913602,BIZ-1055,4,2,2025-10-21,340000.0,34,10000.0,Cash,Cancelled
ORD-869038,BIZ-1041,1,4,2025-10-01,104500.0,11,10000.0,Cash,Cancelled
ORD-651105,BIZ-1053,1,3,2025-10-23,352800.0,36,9800.0,POS,Delivered
ORD-259143,BIZ-1003,1,3,2025-10-19,323000.0,34,9500.0,Bank Transfer,Pending
ORD-656334,BIZ-1051,3,3,2025-10-17,68600.0,7,9800.0,POS,Pending
ORD-939133,BIZ-1013,3,2,2025-10-16,176400.0,18,9800.0,Cash,Cancelled
ORD-665661,BIZ-1038,1,4,2025-10-16,189000.0,18,10500.0,Bank Transfer,Delivered
ORD-656657,BIZ-1055,3,5,2025-10-07,147000.0,14,10500.0,POS,Pending
ORD-266461,BIZ-1043,2,5,2025-10-06,254800.0,26,9800.0,Cash,Pending
ORD-273681,BIZ-1017,4,4,2025-10-04,21000.0,2,10500.0,Bank Transfer,Pending
ORD-748213,BIZ-1003,2,2,2025-10-20,150000.0,15,10000.0,Bank Transfer,Pending
ORD-887589,BIZ-1053,3,4,2025-10-07,342000.0,36,9500.0,POS,Cancelled
ORD-667092,BIZ-1001,2,4,2025-10-22,117600.0,12,9800.0,Bank Transfer,Cancelled
ORD-739280,BIZ-1051,4,3,2025-10-29,350000.0,35,10000.0,POS,Cancelled
ORD-312018,BIZ-1029,4,5,2025-10-13,110000.0,11,10000.0,Bank Transfer,Pending
ORD-520345,BIZ-1004,4,5,2025-10-09,50000.0,5,10000.0,Bank Transfer,Pending
ORD-647093,BIZ-1005,3,3,2025-10-09,156800.0,16,9800.0,Bank Transfer,Pending
ORD-599694,BIZ-1059,4,4,2025-10-30,283500.0,27,10000.0,POS,Cancelled
ORD-242732,BIZ-1054,1,4,2025-10-15,254800.0,26,9800.0,Bank Transfer,Cancelled
ORD-414565,BIZ-1030,3,4,2025-10-22,52500.0,5,10500.0,POS,Pending
ORD-363537,BIZ-1046,3,2,2025-10-01,215600.0,22,9800.0,Cash,Delivered
ORD-800574,BIZ-1014,2,4,2025-10-22,78400.0,8,9800.0,Bank Transfer,Pending
ORD-869089,BIZ-1031,4,4,2025-10-10,304000.0,32,9500.0,Bank Transfer,Pending
ORD-170060,BIZ-1009,3,3,2025-10-19,362600.0,37,9800.0,Bank Transfer,Cancelled
ORD-530309,BIZ-1041,3,4,2025-10-02,372400.0,38,10000.0,Cash,Pending
ORD-604293,BIZ-1058,3,3,2025-10-05,333200.0,34,9800.0,Bank Transfer,Delivered
ORD-901733,BIZ-1052,2,3,2025-10-25,254800.0,26,9800.0,POS,Pending
ORD-354240,BIZ-1033,4,5,2025-10-30,90000.0,9,10000.0,Cash,Delivered
ORD-267188,BIZ-1002,2,4,2025-10-12,100000.0,10,10000.0,Cash,Pending
ORD-509992,BIZ-1006,2,2,2025-10-20,85500.0,9,9500.0,Cash,Pending
ORD-360647,BIZ-1051,1,4,2025-10-18,380000.0,40,9500.0,Cash,Delivered
ORD-173957,BIZ-1029,4,4,2025-10-26,30000.0,3,10000.0,Bank Transfer,Pending
ORD-389635,BIZ-1003,3,3,2025-10-07,199500.0,21,9500.0,POS,Cancelled
ORD-520940,BIZ-1010,2,3,2025-10-05,170000.0,17,10000.0,Cash,Cancelled
ORD-875584,BIZ-1024,4,5,2025-10-04,275500.0,29,9500.0,Cash,Delivered
ORD-804975,BIZ-1035,2,4,2025-10-18,30000.0,3,10000.0,POS,Pending
ORD-564919,BIZ-1042,2,3,2025-10-05,60000.0,6,10000.0,Cash,Pending
ORD-388851,BIZ-1060,3,4,2025-10-05,9800.0,1,9800.0,POS,Pending
ORD-111292,BIZ-1013,1,4,2025-10-23,320000.0,32,10000.0,Bank Transfer,Delivered
ORD-645909,BIZ-1048,3,5,2025-10-20,150000.0,15,10000.0,Bank Transfer,Pending
ORD-207596,BIZ-1055,4,3,2025-10-10,332500.0,35,9500.0,Bank Transfer,Cancelled
ORD-727516,BIZ-1005,2,3,2025-10-24,50000.0,5,10000.0,Cash,Pending
ORD-792502,BIZ-1035,3,4,2025-10-15,340000.0,34,10000.0,Bank Transfer,Delivered
ORD-962181,BIZ-1020,3,5,2025-10-14,180500.0,19,9500.0,POS,Pending
ORD-878999,BIZ-1030,2,3,2025-10-04,170000.0,17,10000.0,Cash,Cancelled
ORD-261141,BIZ-1024,4,5,2025-10-19,140000.0,14,10000.0,Bank Transfer,Pending
ORD-890888,BIZ-1024,2,2,2025-10-03,256500.0,27,10000.0,Cash,Pending
ORD-457959,BIZ-1049,2,3,2025-10-28,274400.0,28,9800.0,Cash,Delivered
ORD-142961,BIZ-1011,3,3,2025-10-27,58800.0,6,10000.0,POS,Pending
ORD-367861,BIZ-1012,3,2,2025-10-12,57000.0,6,9500.0,POS,Delivered
ORD-589187,BIZ-1002,1,5,2025-10-04,250000.0,25,10000.0,Bank Transfer,Cancelled
ORD-276638,BIZ-1045,2,4,2025-10-13,80000.0,8,10000.0,Cash,Delivered
ORD-825024,BIZ-1042,3,3,2025-10-27,70000.0,7,10000.0,Bank Transfer,Pending
ORD-610975,BIZ-1004,4,5,2025-10-26,161500.0,17,9500.0,Cash,Pending
ORD-335545,BIZ-1001,3,4,2025-10-23,245000.0,25,9800.0,POS,Delivered
ORD-192875,BIZ-1015,3,3,2025-10-16,107800.0,11,9800.0,Cash,Pending
ORD-732622,BIZ-1004,2,5,2025-10-30,39200.0,4,9800.0,Cash,Delivered
ORD-480160,BIZ-1025,2,5,2025-10-29,270000.0,27,10000.0,Cash,Cancelled
ORD-991253,BIZ-1052,2,2,2025-10-08,270000.0,27,10000.0,Cash,Cancelled
ORD-977353,BIZ-1018,1,2,2025-10-20,190000.0,20,9500.0,POS,Delivered
ORD-553485,BIZ-1028,4,1,2025-10-22,58800.0,6,9800.0,Cash,Cancelled
ORD-769054,BIZ-1051,1,3,2025-10-13,189000.0,18,10500.0,POS,Cancelled
ORD-907346,BIZ-1011,2,1,2025-10-04,199500.0,21,9500.0,POS,Cancelled
ORD-859223,BIZ-1056,3,5,2025-10-09,190000.0,20,9500.0,Cash,Pending
ORD-363895,BIZ-1005,4,2,2025-10-22,350000.0,35,10000.0,POS,Delivered
ORD-444802,BIZ-1035,3,1,2025-10-20,199500.0,19,10000.0,Bank Transfer,Pending
ORD-976920,BIZ-1012,4,5,2025-10-13,273000.0,26,10000.0,POS,Pending
ORD-473986,BIZ-1002,3,5,2025-10-08,147000.0,14,10500.0,Bank Transfer,Pending
ORD-206043,BIZ-1046,3,4,2025-10-03,100000.0,10,10000.0,POS,Pending
ORD-609134,BIZ-1056,1,3,2025-10-22,84000.0,8,10500.0,Cash,Pending
ORD-619020,BIZ-1052,4,3,2025-10-08,294000.0,28,10500.0,POS,Pending
ORD-554837,BIZ-1013,3,2,2025-10-07,38000.0,4,9500.0,Cash,Delivered
ORD-209015,BIZ-1012,1,5,2025-10-20,250000.0,25,10000.0,POS,Cancelled
ORD-966397,BIZ-1059,3,3,2025-10-30,392000.0,40,9800.0,Cash,Cancelled
ORD-687905,BIZ-1055,2,3,2025-10-22,304000.0,32,9500.0,Cash,Pending
ORD-693095,BIZ-1036,3,5,2025-10-19,351500.0,37,9500.0,POS,Pending
ORD-644176,BIZ-1057,4,4,2025-10-12,147000.0,14,10500.0,POS,Pending
ORD-799984,BIZ-1030,4,3,2025-10-27,189000.0,18,10000.0,Bank Transfer,Pending
ORD-730888,BIZ-1012,4,3,2025-10-12,30000.0,3,10000.0,Bank Transfer,Delivered
ORD-978922,BIZ-1058,3,5,2025-10-04,228000.0,24,9500.0,Cash,Pending
ORD-203365,BIZ-1003,3,5,2025-10-24,170000.0,17,10000.0,Cash,Pending
ORD-223179,BIZ-1045,4,1,2025-10-18,90000.0,9,10000.0,Cash,Pending
ORD-350205,BIZ-1038,2,5,2025-10-30,180000.0,18,10000.0,POS,Pending
ORD-805282,BIZ-1022,4,2,2025-10-11,325500.0,31,10500.0,Bank Transfer,Pending
ORD-733136,BIZ-1041,3,5,2025-10-22,176400.0,18,9800.0,Bank Transfer,Cancelled
ORD-512871,BIZ-1028,3,3,2025-10-13,215600.0,22,9800.0,Bank Transfer,Pending
ORD-141801,BIZ-1042,1,3,2025-10-22,303800.0,31,9800.0,Cash,Cancelled
ORD-926420,BIZ-1039,3,5,2025-10-11,220500.0,21,10500.0,Bank Transfer,Cancelled
ORD-583124,BIZ-1007,3,2,2025-10-14,294000.0,28,10500.0,Cash,Pending
ORD-648159,BIZ-1032,1,3,2025-10-18,380000.0,40,9500.0,Cash,Cancelled
ORD-518059,BIZ-1021,1,5,2025-10-02,200000.0,20,10000.0,Bank Transfer,Cancelled
ORD-758629,BIZ-1043,3,1,2025-10-25,228000.0,24,9500.0,POS,Pending
ORD-552772,BIZ-1055,2,1,2025-10-23,73500.0,7,10500.0,Cash,Pending
ORD-126886,BIZ-1058,1,5,2025-10-21,300000.0,30,10000.0,Cash,Delivered
ORD-289517,BIZ-1046,3,4,2025-10-07,270000.0,27,10000.0,Cash,Delivered
ORD-444941,BIZ-1036,3,3,2025-10-01,280000.0,28,10000.0,Bank Transfer,Pending
ORD-532164,BIZ-1025,2,4,2025-10-03,382200.0,39,9800.0,Bank Transfer,Pending
ORD-864472,BIZ-1023,2,3,2025-10-25,370500.0,39,9500.0,POS,Pending
ORD-365828,BIZ-1020,4,2,2025-10-14,323000.0,34,10000.0,Bank Transfer,Delivered
ORD-816189,BIZ-1018,3,4,2025-10-11,294500.0,31,9500.0,Bank Transfer,Delivered
ORD-360781,BIZ-1027,1,1,2025-10-11,190000.0,20,9500.0,Cash,Pending
ORD-921779,BIZ-1053,4,2,2025-10-09,147000.0,15,9800.0,Cash,Cancelled
ORD-580462,BIZ-1025,3,1,2025-10-02,180500.0,19,9500.0,POS,Pending
ORD-765643,BIZ-1059,3,4,2025-10-21,370000.0,37,10000.0,POS,Cancelled
ORD-932192,BIZ-1028,4,5,2025-10-08,120000.0,12,10000.0,Bank Transfer,Delivered
ORD-685606,BIZ-1000,1,3,2025-10-05,47500.0,5,9500.0,POS,Delivered
ORD-673862,BIZ-1040,2,5,2025-10-24,178500.0,17,10500.0,Bank Transfer,Delivered
ORD-876685,BIZ-1026,1,2,2025-10-20,95000.0,10,9500.0,POS,Cancelled
ORD-465469,BIZ-1037,4,3,2025-10-13,40000.0,4,10000.0,POS,Pending
ORD-280415,BIZ-1024,1,2,2025-10-24,380000.0,38,10000.0,POS,Pending
ORD-998258,BIZ-1054,4,5,2025-10-26,127400.0,13,9800.0,POS,Cancelled
ORD-468893,BIZ-1006,2,3,2025-10-03,186200.0,19,9800.0,Bank Transfer,Pending
ORD-875798,BIZ-1013,2,5,2025-10-19,303800.0,31,9800.0,Bank Transfer,Cancelled
ORD-338625,BIZ-1022,1,3,2025-10-25,152000.0,16,9500.0,Cash,Delivered
ORD-420691,BIZ-1038,1,4,2025-10-10,63000.0,6,10500.0,Cash,Delivered
ORD-857009,BIZ-1032,2,5,2025-10-04,218500.0,23,9500.0,Bank Transfer,Delivered
ORD-525790,BIZ-1007,1,5,2025-10-03,294000.0,28,10500.0,POS,Cancelled
ORD-621344,BIZ-1045,4,2,2025-10-10,196000.0,20,9800.0,Cash,Cancelled
ORD-893315,BIZ-1061,1,1,2025-10-20,315000.0,30,10500.0,POS,Delivered
ORD-377537,BIZ-1060,4,2,2025-10-12,115500.0,11,10500.0,POS,Pending
ORD-609021,BIZ-1047,4,3,2025-10-26,310000.0,31,10000.0,POS,Delivered
ORD-945044,BIZ-1058,3,3,2025-10-11,40000.0,4,10000.0,Cash,Cancelled
ORD-479021,BIZ-1028,4,5,2025-10-14,115500.0,11,10500.0,Bank Transfer,Cancelled
ORD-276730,BIZ-1029,2,3,2025-10-23,180500.0,19,9500.0,Bank Transfer,Delivered
ORD-216895,BIZ-1020,1,4,2025-10-10,313500.0,33,9500.0,Cash,Delivered
ORD-425611,BIZ-1014,3,3,2025-10-06,161500.0,17,9500.0,Bank Transfer,Cancelled
ORD-834242,BIZ-1008,2,2,2025-10-28,49000.0,5,9800.0,POS,Delivered
ORD-410592,BIZ-1056,1,3,2025-10-20,285000.0,30,9500.0,Cash,Pending
ORD-664400,BIZ-1040,2,3,2025-10-23,323000.0,34,9500.0,Bank Transfer,Pending
ORD-748513,BIZ-1058,3,2,2025-10-06,199500.0,21,9500.0,Cash,Delivered
ORD-308267,BIZ-1020,3,4,2025-10-21,47500.0,5,9500.0,POS,Pending
ORD-846235,BIZ-1039,2,3,2025-10-03,330000.0,33,10000.0,Cash,Delivered
ORD-795405,BIZ-1060,4,4,2025-10-18,58800.0,6,9800.0,POS,Delivered
ORD-376163,BIZ-1014,2,2,2025-10-13,52500.0,5,10500.0,Bank Transfer,Pending
ORD-456687,BIZ-1061,3,3,2025-10-05,252000.0,24,10500.0,Bank Transfer,Delivered
ORD-516029,BIZ-1045,4,2,2025-10-16,114000.0,12,9500.0,Cash,Delivered
ORD-503953,BIZ-1027,3,4,2025-10-04,168000.0,16,10500.0,Bank Transfer,Delivered
ORD-872048,BIZ-1027,4,2,2025-10-04,186200.0,19,9800.0,Bank Transfer,Cancelled
ORD-937274,BIZ-1026,1,5,2025-10-25,392000.0,40,9800.0,Bank Transfer,Delivered
ORD-697800,BIZ-1037,1,3,2025-10-09,256500.0,27,9500.0,Cash,Pending
ORD-439566,BIZ-1035,4,4,2025-10-30,399000.0,38,10500.0,Bank Transfer,Cancelled
ORD-564032,BIZ-1039,2,2,2025-10-30,199500.0,21,9500.0,Cash,Cancelled
ORD-357848,BIZ-1020,4,4,2025-10-25,30000.0,3,10000.0,Bank Transfer,Cancelled
ORD-799946,BIZ-1002,2,5,2025-10-17,19000.0,2,9500.0,Bank Transfer,Delivered
ORD-127639,BIZ-1006,3,4,2025-10-30,205800.0,21,9800.0,POS,Pending
ORD-973723,BIZ-1003,3,2,2025-10-15,420000.0,40,10500.0,Cash,Pending
ORD-329612,BIZ-1035,2,3,2025-10-21,382200.0,39,9800.0,Cash,Cancelled
ORD-336802,BIZ-1016,3,5,2025-10-08,294000.0,28,10500.0,Cash,Cancelled
ORD-950945,BIZ-1015,1,5,2025-10-14,231000.0,22,10500.0,Cash,Pending
ORD-113021,BIZ-1036,1,2,2025-10-07,10000.0,1,10000.0,Cash,Pending
ORD-121783,BIZ-1010,4,5,2025-10-09,161500.0,17,9500.0,POS,Cancelled
ORD-606748,BIZ-1021,3,3,2025-10-26,346500.0,33,10500.0,Cash,Pending
ORD-534661,BIZ-1053,4,3,2025-10-26,68600.0,7,9800.0,Bank Transfer,Delivered
ORD-695681,BIZ-1015,4,4,2025-10-17,190000.0,20,9500.0,Cash,Cancelled
ORD-295095,BIZ-1034,4,5,2025-10-06,19000.0,2,9500.0,Cash,Pending
ORD-709113,BIZ-1043,4,3,2025-10-26,29400.0,3,9800.0,POS,Cancelled
ORD-703410,BIZ-1028,3,5,2025-10-12,250000.0,25,10000.0,Cash,Cancelled
ORD-505907,BIZ-1030,2,5,2025-10-27,180500.0,19,9500.0,POS,Delivered
ORD-841076,BIZ-1026,1,3,2025-10-23,400000.0,40,10000.0,Cash,Cancelled
ORD-481649,BIZ-1041,2,4,2025-10-24,19000.0,2,9500.0,Bank Transfer,Pending
ORD-376359,BIZ-1022,4,3,2025-10-25,78400.0,8,10000.0,Bank Transfer,Pending
ORD-482221,BIZ-1020,4,4,2025-10-13,330000.0,33,10000.0,Cash,Delivered
ORD-346106,BIZ-1061,4,4,2025-10-28,161500.0,17,9500.0,Cash,Delivered
ORD-474419,BIZ-1048,4,4,2025-10-10,10500.0,1,10500.0,Cash,Cancelled
ORD-826871,BIZ-1049,4,4,2025-10-03,9500.0,1,9500.0,Cash,Delivered
ORD-967641,BIZ-1020,4,2,2025-10-05,280000.0,28,10000.0,POS,Delivered
ORD-358888,BIZ-1041,4,3,2025-10-30,409500.0,39,10500.0,POS,Delivered
ORD-707081,BIZ-1056,2,4,2025-10-24,40000.0,4,10000.0,Cash,Delivered
ORD-922312,BIZ-1002,3,3,2025-10-04,199500.0,21,9500.0,Cash,Delivered
ORD-842762,BIZ-1024,2,4,2025-10-30,63000.0,6,10500.0,POS,Cancelled
ORD-428712,BIZ-1047,3,3,2025-10-15,332500.0,35,9500.0,Cash,Cancelled
ORD-966431,BIZ-1013,2,5,2025-10-04,166600.0,17,9800.0,Cash,Pending
ORD-855086,BIZ-1010,4,3,2025-10-19,266000.0,28,9500.0,Cash,Delivered
ORD-836251,BIZ-1029,4,2,2025-10-11,294000.0,28,10500.0,POS,Delivered
ORD-680987,BIZ-1036,1,2,2025-10-20,382200.0,39,9800.0,Cash,Cancelled
ORD-334843,BIZ-1023,1,4,2025-10-25,80000.0,8,10000.0,POS,Cancelled
ORD-702154,BIZ-1031,2,2,2025-10-14,95000.0,10,9500.0,Cash,Delivered
ORD-582595,BIZ-1052,1,2,2025-10-26,252000.0,24,10500.0,Cash,Pending
ORD-621281,BIZ-1026,3,2,2025-10-19,171000.0,18,9500.0,POS,Delivered
ORD-167798,BIZ-1046,2,3,2025-10-18,230000.0,23,10000.0,POS,Pending
ORD-279664,BIZ-1052,3,2,2025-10-29,361000.0,38,9500.0,POS,Delivered
ORD-570253,BIZ-1004,1,4,2025-10-01,231000.0,22,10500.0,POS,Delivered
ORD-160341,BIZ-1000,3,4,2025-10-17,256500.0,27,9500.0,Bank Transfer,Pending
ORD-599779,BIZ-1005,3,3,2025-10-27,304000.0,32,9500.0,POS,Delivered
ORD-255063,BIZ-1047,1,3,2025-10-27,42000.0,4,10500.0,Bank Transfer,Delivered
ORD-471628,BIZ-1056,2,4,2025-10-02,240000.0,24,10000.0,Cash,Delivered
ORD-853788,BIZ-1035,4,4,2025-10-02,273000.0,26,10500.0,Cash,Cancelled
ORD-364253,BIZ-1036,4,5,2025-10-09,264600.0,27,9800.0,POS,Pending
ORD-863112,BIZ-1000,3,2,2025-10-29,136500.0,13,10500.0,Cash,Delivered
ORD-726774,BIZ-1017,1,2,2025-10-01,262500.0,25,10500.0,Bank Transfer,Cancelled
ORD-838425,BIZ-1041,2,5,2025-10-15,98000.0,10,9800.0,Cash,Delivered
ORD-239834,BIZ-1003,4,5,2025-10-23,342000.0,36,9500.0,Bank Transfer,Cancelled
ORD-325657,BIZ-1045,1,3,2025-10-30,304500.0,29,10500.0,Bank Transfer,Cancelled
ORD-424875,BIZ-1037,3,4,2025-10-20,130000.0,13,10000.0,Bank Transfer,Cancelled
ORD-807440,BIZ-1045,4,5,2025-10-17,10500.0,1,10500.0,POS,Pending
ORD-343861,BIZ-1047,1,2,2025-10-10,330000.0,33,10000.0,Bank Transfer,Delivered
ORD-632629,BIZ-1032,3,2,2025-10-18,189000.0,18,10000.0,POS,Pending
ORD-251239,BIZ-1037,4,4,2025-10-29,256500.0,27,9500.0,Cash,Pending
ORD-814417,BIZ-1019,4,5,2025-10-23,362600.0,37,9800.0,POS,Delivered
ORD-107104,BIZ-1055,4,4,2025-10-18,190000.0,19,10000.0,POS,Pending
ORD-155544,BIZ-1040,3,5,2025-10-30,352800.0,36,9800.0,Cash,Delivered
ORD-475756,BIZ-1004,3,2,2025-10-22,94500.0,9,10500.0,Cash,Pending
ORD-912248,BIZ-1032,3,2,2025-10-18,170000.0,17,10000.0,Bank Transfer,Cancelled
ORD-743668,BIZ-1014,3,4,2025-10-30,40000.0,4,10000.0,POS,Cancelled
ORD-533807,BIZ-1010,2,5,2025-10-02,220500.0,21,10500.0,Cash,Delivered
ORD-868140,BIZ-1049,2,2,2025-10-22,332500.0,35,9500.0,Cash,Pending
ORD-730745,BIZ-1033,1,2,2025-10-06,21000.0,2,10500.0,POS,Pending
ORD-288052,BIZ-1000,1,5,2025-10-24,10500.0,1,10500.0,Cash,Delivered
ORD-130919,BIZ-1035,2,2,2025-10-26,114000.0,12,10000.0,POS,Pending
ORD-619018,BIZ-1029,2,4,2025-10-20,50000.0,5,10000.0,Bank Transfer,Delivered
ORD-447907,BIZ-1051,2,3,2025-10-22,215600.0,22,9800.0,Bank Transfer,Delivered
ORD-523158,BIZ-1061,2,4,2025-10-03,304500.0,29,10000.0,POS,Pending
ORD-818644,BIZ-1047,3,5,2025-10-18,78400.0,8,9800.0,Bank Transfer,Cancelled
ORD-527372,BIZ-1038,3,5,2025-10-12,20000.0,2,10000.0,Bank Transfer,Delivered
ORD-597452,BIZ-1040,4,5,2025-10-12,19000.0,2,9500.0,POS,Delivered
ORD-459971,BIZ-1022,3,5,2025-10-05,180000.0,18,10000.0,Cash,Cancelled
ORD-426312,BIZ-1008,1,2,2025-10-06,382200.0,39,9800.0,Cash,Pending
ORD-841618,BIZ-1053,4,5,2025-10-11,392000.0,40,9800.0,Cash,Delivered
ORD-364255,BIZ-1031,1,4,2025-10-13,346500.0,33,10500.0,POS,Delivered
ORD-293531,BIZ-1030,1,4,2025-10-15,235200.0,24,9800.0,Cash,Delivered
ORD-310351,BIZ-1031,1,3,2025-10-08,252000.0,24,10500.0,Bank Transfer,Pending
ORD-778664,BIZ-1031,2,4,2025-10-07,58800.0,6,9800.0,Bank Transfer,Pending
ORD-456222,BIZ-1044,3,2,2025-10-19,140000.0,14,10000.0,POS,Pending
ORD-198595,BIZ-1042,1,3,2025-10-14,332500.0,35,10000.0,Cash,Cancelled
ORD-121391,BIZ-1007,4,5,2025-10-16,186200.0,19,9800.0,Bank Transfer,Pending
ORD-163859,BIZ-1061,3,5,2025-10-27,225400.0,23,9800.0,POS,Pending
ORD-162019,BIZ-1038,2,3,2025-10-30,390000.0,39,10000.0,POS,Delivered
ORD-200128,BIZ-1052,2,4,2025-10-21,228000.0,24,9500.0,Cash,Pending
ORD-654823,BIZ-1039,4,3,2025-10-06,142500.0,15,9500.0,Cash,Delivered
ORD-442737,BIZ-1053,1,2,2025-10-01,152000.0,16,9500.0,Bank Transfer,Pending
ORD-128996,BIZ-1039,1,2,2025-10-12,98000.0,10,9800.0,POS,Cancelled
ORD-695673,BIZ-1032,3,3,2025-10-25,333200.0,34,9800.0,Bank Transfer,Delivered
ORD-172759,BIZ-1012,1,3,2025-10-17,199500.0,21,9500.0,Bank Transfer,Pending
ORD-297637,BIZ-1053,2,2,2025-10-29,9500.0,1,9500.0,POS,Pending
ORD-622401,BIZ-1032,2,3,2025-10-20,262500.0,25,10500.0,Bank Transfer,Pending
ORD-328981,BIZ-1053,3,2,2025-10-06,105000.0,10,10500.0,Cash,Pending
ORD-201675,BIZ-1014,4,2,2025-10-30,325500.0,31,10500.0,Cash,Cancelled
ORD-262184,BIZ-1020,1,3,2025-10-27,20000.0,2,10000.0,Bank Transfer,Cancelled
ORD-701866,BIZ-1010,1,2,2025-10-18,39200.0,4,9800.0,Bank Transfer,Cancelled
ORD-562104,BIZ-1061,3,2,2025-10-06,285000.0,30,10000.0,Cash,Pending
ORD-909483,BIZ-1011,4,5,2025-10-22,304000.0,32,9500.0,Bank Transfer,Cancelled
ORD-256080,BIZ-1014,3,4,2025-10-06,254800.0,26,10000.0,POS,Cancelled
ORD-566727,BIZ-1029,4,3,2025-10-25,264600.0,27,9800.0,POS,Cancelled
ORD-140657,BIZ-1061,4,3,2025-10-01,114000.0,12,9500.0,Bank Transfer,Delivered
ORD-932199,BIZ-1005,3,2,2025-10-29,262500.0,25,10500.0,Cash,Cancelled
ORD-946415,BIZ-1048,1,5,2025-10-29,40000.0,4,10000.0,Bank Transfer,Cancelled
ORD-405587,BIZ-1059,2,1,2025-10-29,189000.0,18,10500.0,Cash,Cancelled
ORD-816211,BIZ-1019,1,2,2025-10-04,52500.0,5,10500.0,POS,Pending
ORD-643674,BIZ-1034,4,4,2025-10-06,73500.0,7,10500.0,Bank Transfer,Delivered
ORD-204565,BIZ-1016,1,5,2025-10-06,28500.0,3,9500.0,POS,Cancelled
ORD-732819,BIZ-1012,2,5,2025-10-15,10000.0,1,10000.0,POS,Pending
ORD-742978,BIZ-1055,2,2,2025-10-05,342000.0,36,9500.0,Bank Transfer,Pending
ORD-576752,BIZ-1005,4,3,2025-10-28,270000.0,27,10000.0,POS,Cancelled
ORD-674599,BIZ-1039,3,2,2025-10-28,94500.0,9,10500.0,Bank Transfer,Delivered
ORD-922149,BIZ-1013,4,3,2025-10-25,47500.0,5,9500.0,POS,Cancelled
ORD-222034,BIZ-1045,3,5,2025-10-14,270000.0,27,10000.0,POS,Cancelled
ORD-168643,BIZ-1056,2,2,2025-10-21,388500.0,37,10500.0,POS,Delivered
ORD-483457,BIZ-1012,3,2,2025-10-11,357000.0,34,10500.0,Cash,Cancelled
ORD-957300,BIZ-1015,1,3,2025-10-05,120000.0,12,10000.0,Bank Transfer,Delivered
ORD-932625,BIZ-1044,3,5,2025-10-15,283500.0,27,10500.0,Bank Transfer,Pending
ORD-475727,BIZ-1017,3,2,2025-10-13,220500.0,21,10500.0,POS,Cancelled
ORD-603760,BIZ-1006,3,5,2025-10-02,284200.0,29,9800.0,Bank Transfer,Delivered
ORD-791703,BIZ-1022,4,2,2025-10-25,310000.0,31,10000.0,Cash,Pending
ORD-979820,BIZ-1044,2,2,2025-10-22,390000.0,39,10000.0,Bank Transfer,Delivered
ORD-988955,BIZ-1059,4,2,2025-10-18,313600.0,32,9800.0,POS,Delivered
ORD-795743,BIZ-1016,4,3,2025-10-16,241500.0,23,10500.0,Bank Transfer,Delivered
ORD-652953,BIZ-1000,3,3,2025-10-20,340000.0,34,10000.0,POS,Pending
ORD-836316,BIZ-1036,3,4,2025-10-17,260000.0,26,10000.0,Cash,Pending
ORD-513332,BIZ-1018,4,3,2025-10-16,290000.0,29,10000.0,Bank Transfer,Delivered
ORD-774442,BIZ-1022,2,3,2025-10-23,409500.0,39,10500.0,Cash,Cancelled
ORD-435876,BIZ-1045,2,5,2025-10-07,90000.0,9,10000.0,Bank Transfer,Pending
ORD-900611,BIZ-1011,4,3,2025-10-05,231000.0,22,10500.0,Bank Transfer,Cancelled
ORD-756764,BIZ-1032,4,2,2025-10-06,114000.0,12,9500.0,Bank Transfer,Cancelled
ORD-556276,BIZ-1005,2,4,2025-10-13,283500.0,27,10500.0,Cash,Cancelled
ORD-124991,BIZ-1030,2,5,2025-10-12,19000.0,2,9500.0,Bank Transfer,Delivered
ORD-437132,BIZ-1037,4,2,2025-10-15,333200.0,34,9800.0,POS,Pending
ORD-739278,BIZ-1061,1,2,2025-10-17,343000.0,35,9800.0,Bank Transfer,Cancelled
ORD-621786,BIZ-1060,1,2,2025-10-12,409500.0,39,10500.0,Cash,Cancelled
ORD-908180,BIZ-1000,4,2,2025-10-30,178500.0,17,10500.0,POS,Pending
ORD-817280,BIZ-1043,3,2,2025-10-09,266000.0,28,9500.0,Cash,Pending
ORD-653176,BIZ-1041,2,4,2025-10-21,252000.0,24,10500.0,POS,Pending
ORD-297215,BIZ-1001,3,5,2025-10-25,136500.0,13,10000.0,POS,Delivered
ORD-422038,BIZ-1049,4,2,2025-10-29,264600.0,27,9800.0,POS,Pending
ORD-884179,BIZ-1031,3,4,2025-10-27,10500.0,1,10500.0,POS,Delivered
ORD-669153,BIZ-1005,4,5,2025-10-28,105000.0,10,10500.0,Cash,Cancelled
ORD-428889,BIZ-1060,3,5,2025-10-06,31500.0,3,10500.0,POS,Delivered
ORD-660245,BIZ-1035,3,4,2025-10-23,351500.0,37,9500.0,POS,Delivered
ORD-417661,BIZ-1037,2,5,2025-10-01,294000.0,28,10500.0,Cash,Pending
ORD-468852,BIZ-1054,3,4,2025-10-12,196000.0,20,9800.0,Bank Transfer,Pending
ORD-154982,BIZ-1048,4,2,2025-10-29,340000.0,34,10000.0,POS,Cancelled
ORD-817399,BIZ-1046,1,4,2025-10-25,320000.0,32,10000.0,POS,Pending
ORD-874415,BIZ-1056,2,3,2025-10-27,117600.0,12,9800.0,POS,Delivered
ORD-990472,BIZ-1011,1,2,2025-10-16,42000.0,4,10500.0,Bank Transfer,Pending
ORD-488837,BIZ-1055,4,4,2025-10-06,260000.0,26,10000.0,Bank Transfer,Cancelled
ORD-146893,BIZ-1015,4,1,2025-10-21,275500.0,29,9500.0,Bank Transfer,Pending
ORD-203442,BIZ-1011,2,4,2025-10-28,58800.0,6,9800.0,POS,Delivered
ORD-294726,BIZ-1026,3,3,2025-10-14,218500.0,23,9500.0,Cash,Delivered
ORD-847016,BIZ-1012,4,5,2025-10-27,105000.0,10,10500.0,Bank Transfer,Pending
ORD-848719,BIZ-1020,4,5,2025-10-10,370000.0,37,10000.0,Bank Transfer,Pending
ORD-316779,BIZ-1059,2,2,2025-10-07,218500.0,23,9500.0,Cash,Pending
ORD-742794,BIZ-1048,3,4,2025-10-18,320000.0,32,10000.0,Cash,Delivered
ORD-500019,BIZ-1061,2,2,2025-10-01,110000.0,11,10000.0,POS,Cancelled
ORD-822877,BIZ-1017,2,5,2025-10-07,367500.0,35,10500.0,POS,Cancelled
ORD-404550,BIZ-1043,2,2,2025-10-04,378000.0,36,10500.0,Bank Transfer,Pending
ORD-352064,BIZ-1045,2,2,2025-10-01,50000.0,5,10000.0,POS,Cancelled
ORD-971685,BIZ-1058,3,4,2025-10-20,107800.0,11,9800.0,Cash,Pending
ORD-285658,BIZ-1020,1,2,2025-10-10,142500.0,15,9500.0,POS,Pending
ORD-966723,BIZ-1011,2,5,2025-10-30,300000.0,30,10000.0,Bank Transfer,Delivered
ORD-978483,BIZ-1045,2,3,2025-10-07,100000.0,10,10000.0,POS,Pending
ORD-263503,BIZ-1016,3,5,2025-10-13,320000.0,32,10000.0,Cash,Pending
ORD-358131,BIZ-1045,4,5,2025-10-05,90000.0,9,10000.0,POS,Pending
ORD-370726,BIZ-1047,2,4,2025-10-19,98000.0,10,9800.0,POS,Delivered
ORD-543380,BIZ-1061,3,4,2025-10-27,283500.0,27,10500.0,Bank Transfer,Cancelled
ORD-844669,BIZ-1008,2,5,2025-10-21,388500.0,37,10500.0,Bank Transfer,Cancelled
ORD-756608,BIZ-1061,1,4,2025-10-26,323400.0,33,9800.0,Cash,Cancelled
ORD-785072,BIZ-1007,3,2,2025-10-10,166600.0,17,9800.0,POS,Delivered
ORD-385857,BIZ-1040,2,3,2025-10-23,280000.0,28,10000.0,Bank Transfer,Delivered
ORD-110724,BIZ-1022,3,5,2025-10-13,180500.0,19,9500.0,POS,Pending
ORD-533732,BIZ-1057,2,5,2025-10-13,294500.0,31,9500.0,Bank Transfer,Pending
ORD-983566,BIZ-1014,2,4,2025-10-12,241500.0,23,10500.0,POS,Delivered
ORD-956397,BIZ-1025,1,5,2025-10-28,150000.0,15,10000.0,Cash,Delivered
ORD-365735,BIZ-1044,3,3,2025-10-24,285000.0,30,9500.0,POS,Delivered
ORD-756971,BIZ-1031,2,5,2025-10-19,49000.0,5,9800.0,Bank Transfer,Pending
ORD-143829,BIZ-1010,2,4,2025-10-21,290000.0,29,10000.0,POS,Pending
ORD-570945,BIZ-1007,1,2,2025-10-21,133000.0,14,9500.0,Bank Transfer,Cancelled
ORD-822992,BIZ-1028,1,3,2025-10-04,66500.0,7,10000.0,Cash,Cancelled
ORD-768568,BIZ-1004,3,5,2025-10-07,95000.0,10,9500.0,Cash,Pending
ORD-266643,BIZ-1020,4,3,2025-10-04,313600.0,32,9800.0,Bank Transfer,Pending
ORD-612267,BIZ-1011,3,3,2025-10-28,40000.0,4,10000.0,Bank Transfer,Cancelled
ORD-663022,BIZ-1038,4,2,2025-10-02,228000.0,24,9500.0,Cash,Cancelled
ORD-876043,BIZ-1048,4,3,2025-10-10,137200.0,14,9800.0,Bank Transfer,Pending
ORD-813981,BIZ-1016,4,5,2025-10-08,127400.0,13,9800.0,Cash,Delivered
ORD-828780,BIZ-1023,3,5,2025-10-22,10500.0,1,10500.0,POS,Pending
ORD-662309,BIZ-1002,1,3,2025-10-12,31500.0,3,10500.0,POS,Cancelled
ORD-997065,BIZ-1033,2,2,2025-10-09,336000.0,32,10500.0,POS,Cancelled
ORD-213762,BIZ-1004,1,3,2025-10-18,136500.0,13,10500.0,POS,Delivered
ORD-514089,BIZ-1014,2,5,2025-10-23,340000.0,34,10000.0,Cash,Delivered
ORD-311944,BIZ-1051,2,3,2025-10-25,372400.0,38,9800.0,POS,Cancelled
ORD-681697,BIZ-1037,4,2,2025-10-29,98000.0,10,9800.0,POS,Cancelled
ORD-310541,BIZ-1009,4,5,2025-10-26,19000.0,2,9500.0,Bank Transfer,Pending
ORD-137429,BIZ-1034,1,3,2025-10-04,390000.0,39,10000.0,Cash,Pending
ORD-214655,BIZ-1054,3,5,2025-10-15,367500.0,35,10500.0,POS,Pending
ORD-139878,BIZ-1019,1,4,2025-10-04,147000.0,15,9800.0,POS,Pending
ORD-293439,BIZ-1002,3,2,2025-10-25,362600.0,37,9800.0,POS,Pending
ORD-827309,BIZ-1001,4,4,2025-10-03,320000.0,32,10000.0,POS,Pending
ORD-353495,BIZ-1035,4,5,2025-10-25,73500.0,7,10500.0,POS,Delivered
ORD-488918,BIZ-1009,3,4,2025-10-14,95000.0,10,9500.0,Bank Transfer,Delivered
ORD-249693,BIZ-1037,2,5,2025-10-14,336000.0,32,10500.0,POS,Cancelled
ORD-906487,BIZ-1019,3,5,2025-10-14,285000.0,30,9500.0,Bank Transfer,Cancelled
ORD-628083,BIZ-1044,1,1,2025-10-02,90000.0,9,10000.0,POS,Pending
ORD-298148,BIZ-1036,3,5,2025-10-24,123500.0,13,9500.0,Bank Transfer,Pending
ORD-860123,BIZ-1031,1,3,2025-10-24,245000.0,25,9800.0,POS,Cancelled
ORD-696431,BIZ-1004,2,3,2025-10-10,115500.0,11,10500.0,Bank Transfer,Delivered
ORD-260128,BIZ-1057,2,2,2025-10-01,273000.0,26,10500.0,Bank Transfer,Delivered
ORD-362985,BIZ-1034,2,2,2025-10-11,225400.0,23,9800.0,POS,Pending
ORD-467124,BIZ-1034,4,5,2025-10-28,85500.0,9,9500.0,Cash,Cancelled
ORD-775424,BIZ-1040,2,5,2025-10-14,123500.0,13,9500.0,Cash,Cancelled
ORD-498494,BIZ-1011,3,3,2025-10-02,390000.0,39,10000.0,POS,Pending
ORD-405980,BIZ-1037,1,5,2025-10-05,220500.0,21,10500.0,POS,Delivered
ORD-336176,BIZ-1042,3,2,2025-10-16,360000.0,36,10000.0,Cash,Pending
ORD-303779,BIZ-1049,4,2,2025-10-06,50000.0,5,10000.0,POS,Cancelled
ORD-856213,BIZ-1030,3,3,2025-10-11,270000.0,27,10000.0,Bank Transfer,Pending
ORD-561929,BIZ-1022,2,4,2025-10-14,78400.0,8,9800.0,POS,Delivered
ORD-357714,BIZ-1041,3,3,2025-10-03,19600.0,2,9800.0,Cash,Delivered
ORD-401787,BIZ-1023,2,4,2025-10-19,21000.0,2,10500.0,Cash,Pending
ORD-250327,BIZ-1030,4,4,2025-10-17,252000.0,24,10500.0,POS,Pending
ORD-432979,BIZ-1002,4,4,2025-10-17,273000.0,26,10500.0,Bank Transfer,Cancelled
ORD-818025,BIZ-1051,2,2,2025-10-02,209000.0,22,9500.0,Cash,Delivered
ORD-643211,BIZ-1034,1,3,2025-10-02,57000.0,6,9500.0,POS,Pending
ORD-748634,BIZ-1033,4,5,2025-10-17,231000.0,22,10500.0,Cash,Pending
ORD-859252,BIZ-1055,2,3,2025-10-22,283500.0,27,10500.0,Bank Transfer,Cancelled
ORD-488363,BIZ-1024,4,5,2025-10-28,94500.0,9,10500.0,Bank Transfer,Delivered
ORD-208834,BIZ-1002,4,5,2025-10-02,209000.0,22,9500.0,POS,Delivered
ORD-106188,BIZ-1004,1,4,2025-10-21,98000.0,10,9800.0,POS,Pending
ORD-690045,BIZ-1021,3,5,2025-10-12,274400.0,28,9800.0,POS,Pending
ORD-506351,BIZ-1000,3,3,2025-10-02,21000.0,2,10500.0,Cash,Delivered
ORD-225453,BIZ-1058,3,5,2025-10-24,294000.0,30,9800.0,Bank Transfer,Pending
ORD-899199,BIZ-1058,4,1,2025-10-26,104500.0,11,9500.0,POS,Pending
ORD-691018,BIZ-1034,3,3,2025-10-19,98000.0,10,9800.0,Bank Transfer,Pending
ORD-120754,BIZ-1006,3,4,2025-10-17,42000.0,4,10500.0,Cash,Pending
ORD-599571,BIZ-1061,3,2,2025-10-20,84000.0,8,10500.0,Cash,Pending
ORD-776111,BIZ-1032,3,1,2025-10-29,40000.0,4,10000.0,Bank Transfer,Delivered
ORD-818914,BIZ-1058,4,3,2025-10-12,315000.0,30,10500.0,POS,Delivered
ORD-571514,BIZ-1059,4,3,2025-10-19,70000.0,7,10000.0,Bank Transfer,Cancelled
ORD-349214,BIZ-1054,3,3,2025-10-28,420000.0,40,10500.0,Cash,Cancelled
ORD-742366,BIZ-1008,1,2,2025-10-21,256500.0,27,9500.0,POS,Cancelled
ORD-767625,BIZ-1044,4,5,2025-10-08,142500.0,15,9500.0,POS,Pending
ORD-260576,BIZ-1048,2,2,2025-10-14,284200.0,29,9800.0,Cash,Pending
ORD-477629,BIZ-1048,4,3,2025-10-14,420000.0,40,10500.0,Bank Transfer,Pending
ORD-400798,BIZ-1060,1,4,2025-10-07,166600.0,17,9800.0,Bank Transfer,Cancelled
ORD-282822,BIZ-1033,2,5,2025-10-20,275500.0,29,9500.0,Cash,Pending
ORD-507321,BIZ-1045,3,4,2025-10-29,380000.0,38,10000.0,Bank Transfer,Delivered
ORD-268104,BIZ-1011,1,4,2025-10-30,262500.0,25,10500.0,Bank Transfer,Pending
ORD-121954,BIZ-1055,3,5,2025-10-12,262500.0,25,10000.0,Bank Transfer,Cancelled
ORD-414423,BIZ-1022,2,3,2025-10-13,107800.0,11,9800.0,Cash,Cancelled
ORD-582273,BIZ-1002,4,4,2025-10-05,78400.0,8,9800.0,Cash,Pending
ORD-667802,BIZ-1047,1,2,2025-10-13,40000.0,4,10000.0,POS,Delivered
ORD-521769,BIZ-1022,1,3,2025-10-26,252000.0,24,10500.0,POS,Delivered
ORD-756932,BIZ-1031,3,5,2025-10-04,142500.0,15,9500.0,Bank Transfer,Cancelled
ORD-525504,BIZ-1019,4,4,2025-10-11,49000.0,5,9800.0,Bank Transfer,Pending
ORD-538017,BIZ-1034,2,3,2025-10-13,275500.0,29,9500.0,POS,Pending
ORD-574283,BIZ-1036,3,5,2025-10-14,190000.0,19,10000.0,POS,Cancelled
ORD-507311,BIZ-1042,3,1,2025-10-14,50000.0,5,10000.0,POS,Pending
ORD-454210,BIZ-1002,3,4,2025-10-14,105000.0,10,10500.0,POS,Cancelled
ORD-518259,BIZ-1047,3,4,2025-10-10,115500.0,11,10500.0,POS,Cancelled
ORD-655678,BIZ-1022,4,4,2025-10-04,266000.0,28,9500.0,Cash,Pending
ORD-327498,BIZ-1039,4,1,2025-10-07,63000.0,6,10500.0,Bank Transfer,Delivered
ORD-695996,BIZ-1038,1,5,2025-10-22,325500.0,31,10500.0,Bank Transfer,Delivered
ORD-864733,BIZ-1034,3,4,2025-10-06,283500.0,27,10500.0,Cash,Cancelled
ORD-748938,BIZ-1037,1,5,2025-10-20,340000.0,34,10000.0,POS,Delivered
ORD-585884,BIZ-1052,4,5,2025-10-11,178500.0,17,10500.0,POS,Pending
ORD-901087,BIZ-1023,3,4,2025-10-17,120000.0,12,10000.0,Bank Transfer,Delivered
ORD-493023,BIZ-1014,2,4,2025-10-24,123500.0,13,9500.0,POS,Cancelled
ORD-323885,BIZ-1050,4,5,2025-10-20,256500.0,27,9500.0,POS,Cancelled
ORD-593074,BIZ-1053,1,2,2025-10-12,409500.0,39,10500.0,POS,Pending
ORD-783920,BIZ-1046,4,3,2025-10-04,400000.0,40,10000.0,Cash,Cancelled
ORD-973346,BIZ-1051,2,2,2025-10-14,70000.0,7,10000.0,Bank Transfer,Pending
ORD-753887,BIZ-1010,3,4,2025-10-29,47500.0,5,9500.0,Bank Transfer,Pending
ORD-309096,BIZ-1042,2,2,2025-10-13,147000.0,15,9800.0,Bank Transfer,Pending
ORD-678492,BIZ-1026,3,5,2025-10-07,336000.0,32,10500.0,POS,Pending
ORD-791694,BIZ-1010,1,2,2025-10-27,115500.0,11,10500.0,POS,Cancelled
ORD-642638,BIZ-1028,2,2,2025-10-12,240000.0,24,10000.0,POS,Pending
ORD-564498,BIZ-1046,3,2,2025-10-13,166600.0,17,9800.0,POS,Cancelled
ORD-316481,BIZ-1037,3,5,2025-10-01,9500.0,1,9500.0,POS,Pending
ORD-799393,BIZ-1036,2,4,2025-10-12,325500.0,31,10500.0,POS,Pending
ORD-882208,BIZ-1055,2,5,2025-10-06,68600.0,7,10000.0,Bank Transfer,Delivered
ORD-906606,BIZ-1032,2,4,2025-10-21,147000.0,14,10500.0,POS,Delivered
ORD-521398,BIZ-1051,1,4,2025-10-05,420000.0,40,10500.0,Cash,Pending
ORD-939738,BIZ-1037,1,2,2025-10-18,110000.0,11,10000.0,Bank Transfer,Pending
ORD-531268,BIZ-1041,1,4,2025-10-06,160000.0,16,10000.0,POS,Delivered
ORD-357633,BIZ-1026,4,3,2025-10-10,370000.0,37,10000.0,Cash,Pending
ORD-236896,BIZ-1026,4,2,2025-10-27,104500.0,11,10000.0,Bank Transfer,Pending
ORD-610326,BIZ-1020,4,5,2025-10-23,19000.0,2,9500.0,POS,Pending
ORD-900475,BIZ-1032,2,2,2025-10-10,199500.0,21,9500.0,POS,Pending
ORD-871036,BIZ-1023,1,3,2025-10-19,31500.0,3,10500.0,Bank Transfer,Pending
ORD-137016,BIZ-1019,1,2,2025-10-19,241500.0,23,10500.0,POS,Cancelled
ORD-925189,BIZ-1002,4,2,2025-10-21,275500.0,29,10000.0,POS,Cancelled
ORD-122508,BIZ-1020,1,3,2025-10-02,252000.0,24,10500.0,Bank Transfer,Cancelled
ORD-155315,BIZ-1007,2,2,2025-10-01,40000.0,4,10000.0,POS,Delivered
ORD-194316,BIZ-1058,1,4,2025-10-10,264600.0,27,9800.0,Cash,Pending
ORD-474023,BIZ-1042,3,4,2025-10-10,228000.0,24,9500.0,Cash,Delivered
ORD-257918,BIZ-1039,3,2,2025-10-07,94500.0,9,10500.0,Cash,Delivered
ORD-422501,BIZ-1057,4,5,2025-10-29,199500.0,19,10500.0,Cash,Cancelled
ORD-480570,BIZ-1030,1,3,2025-10-26,367500.0,35,10500.0,Bank Transfer,Delivered
ORD-430825,BIZ-1032,3,4,2025-10-19,304500.0,29,10500.0,POS,Pending
ORD-968487,BIZ-1000,3,2,2025-10-18,156800.0,16,9800.0,POS,Delivered
ORD-455069,BIZ-1006,2,3,2025-10-14,157500.0,15,10500.0,POS,Cancelled
ORD-403815,BIZ-1026,4,3,2025-10-22,235200.0,24,9800.0,Cash,Pending
ORD-941310,BIZ-1049,1,5,2025-10-10,209000.0,22,9500.0,Cash,Delivered
ORD-259401,BIZ-1055,3,2,2025-10-17,107800.0,11,9800.0,Cash,Pending
ORD-224193,BIZ-1041,1,1,2025-10-05,170000.0,17,10000.0,Bank Transfer,Delivered
ORD-748322,BIZ-1041,4,4,2025-10-16,323000.0,34,9500.0,POS,Cancelled
ORD-688947,BIZ-1033,4,2,2025-10-13,237500.0,25,9500.0,POS,Cancelled
ORD-592377,BIZ-1006,3,4,2025-10-17,170000.0,17,10000.0,Cash,Cancelled
ORD-394895,BIZ-1041,1,1,2025-10-21,333200.0,34,9800.0,Bank Transfer,Pending
ORD-361504,BIZ-1053,3,5,2025-10-21,105000.0,10,10500.0,POS,Delivered
ORD-796117,BIZ-1044,4,4,2025-10-30,320000.0,32,10000.0,Bank Transfer,Delivered
ORD-566515,BIZ-1001,3,5,2025-10-29,264600.0,27,9800.0,Cash,Cancelled
ORD-141291,BIZ-1050,1,5,2025-10-03,231000.0,22,10500.0,POS,Delivered
ORD-499454,BIZ-1025,2,4,2025-10-05,399000.0,38,10500.0,Bank Transfer,Delivered
ORD-600044,BIZ-1060,3,3,2025-10-15,205800.0,21,9800.0,Bank Transfer,Cancelled
ORD-120923,BIZ-1046,3,3,2025-10-06,47500.0,5,9500.0,Bank Transfer,Pending
ORD-957684,BIZ-1019,1,3,2025-10-18,382200.0,39,9800.0,Bank Transfer,Delivered
ORD-562355,BIZ-1036,2,5,2025-10-11,256500.0,27,9500.0,Cash,Pending
ORD-290666,BIZ-1043,1,4,2025-10-18,147000.0,14,10500.0,Bank Transfer,Delivered
ORD-120821,BIZ-1032,4,3,2025-10-14,294000.0,28,10500.0,Bank Transfer,Cancelled
ORD-804393,BIZ-1039,3,1,2025-10-30,142500.0,15,9500.0,Cash,Delivered
ORD-456281,BIZ-1007,1,4,2025-10-18,330000.0,33,10000.0,POS,Pending
ORD-487939,BIZ-1043,2,3,2025-10-30,388500.0,37,10500.0,POS,Cancelled
ORD-241498,BIZ-1018,3,4,2025-10-03,166600.0,17,9800.0,POS,Delivered
ORD-810277,BIZ-1020,2,3,2025-10-19,52500.0,5,10500.0,Bank Transfer,Cancelled
ORD-256747,BIZ-1041,3,4,2025-10-12,58800.0,6,9800.0,Bank Transfer,Pending
ORD-929389,BIZ-1030,2,3,2025-10-04,241500.0,23,10500.0,Bank Transfer,Delivered
ORD-306707,BIZ-1015,1,4,2025-10-29,39200.0,4,9800.0,Bank Transfer,Delivered
ORD-436276,BIZ-1057,4,4,2025-10-29,304000.0,32,9500.0,Cash,Delivered
ORD-931292,BIZ-1048,4,5,2025-10-09,156800.0,16,9800.0,POS,Cancelled
ORD-187108,BIZ-1055,3,5,2025-10-29,342000.0,36,9500.0,POS,Delivered
ORD-938145,BIZ-1049,1,4,2025-10-11,21000.0,2,10500.0,Cash,Delivered
ORD-752069,BIZ-1027,1,3,2025-10-15,250000.0,25,10000.0,Bank Transfer,Pending
ORD-538030,BIZ-1025,3,5,2025-10-27,57000.0,6,9500.0,Bank Transfer,Delivered
ORD-482956,BIZ-1014,3,3,2025-10-30,28500.0,3,9500.0,POS,Cancelled
ORD-301350,BIZ-1036,3,2,2025-10-26,120000.0,12,10000.0,Cash,Cancelled
ORD-645712,BIZ-1045,1,4,2025-10-16,107800.0,11,9800.0,Bank Transfer,Delivered
ORD-124583,BIZ-1046,1,4,2025-10-28,275500.0,29,9500.0,POS,Cancelled
ORD-274988,BIZ-1024,2,4,2025-10-15,342000.0,36,9500.0,Bank Transfer,Pending
ORD-350404,BIZ-1060,3,2,2025-10-02,262500.0,25,10500.0,Cash,Delivered
ORD-375894,BIZ-1008,1,3,2025-10-22,315000.0,30,10500.0,Bank Transfer,Delivered
ORD-553980,BIZ-1036,3,4,2025-10-14,190000.0,19,10000.0,Cash,Cancelled
ORD-386089,BIZ-1032,1,2,2025-10-11,140000.0,14,10000.0,Bank Transfer,Pending
ORD-896671,BIZ-1022,4,2,2025-10-23,19000.0,2,9500.0,Cash,Delivered
ORD-184142,BIZ-1056,3,1,2025-10-20,199500.0,21,9500.0,POS,Pending
ORD-132897,BIZ-1044,4,2,2025-10-10,237500.0,25,9500.0,Bank Transfer,Pending
ORD-754489,BIZ-1032,3,2,2025-10-04,50000.0,5,10000.0,Bank Transfer,Cancelled
ORD-701518,BIZ-1036,4,3,2025-10-01,85500.0,9,9500.0,Bank Transfer,Delivered
ORD-499162,BIZ-1056,2,4,2025-10-01,372400.0,38,9800.0,Cash,Pending
ORD-592957,BIZ-1058,2,1,2025-10-06,58800.0,6,9800.0,Cash,Pending
ORD-137731,BIZ-1038,3,2,2025-10-12,156800.0,16,9800.0,Cash,Delivered
ORD-383412,BIZ-1030,4,1,2025-10-21,340000.0,34,10000.0,Bank Transfer,Delivered
ORD-451938,BIZ-1059,2,4,2025-10-21,370500.0,39,9500.0,POS,Delivered
ORD-637483,BIZ-1061,3,3,2025-10-12,20000.0,2,10000.0,Bank Transfer,Cancelled
ORD-922209,BIZ-1049,2,4,2025-10-26,262500.0,25,10500.0,Bank Transfer,Cancelled
ORD-841637,BIZ-1011,1,4,2025-10-13,210000.0,20,10500.0,Cash,Pending
ORD-463058,BIZ-1024,3,2,2025-10-11,228000.0,24,9500.0,POS,Pending
ORD-679215,BIZ-1032,2,3,2025-10-22,240000.0,24,10000.0,POS,Pending
ORD-395322,BIZ-1023,3,4,2025-10-06,104500.0,11,9500.0,POS,Cancelled
ORD-571727,BIZ-1030,1,2,2025-10-09,19600.0,2,9800.0,Bank Transfer,Delivered
ORD-188914,BIZ-1018,3,4,2025-10-28,250000.0,25,10000.0,Cash,Cancelled
ORD-434090,BIZ-1061,4,5,2025-10-25,19000.0,2,9500.0,Bank Transfer,Pending
ORD-219039,BIZ-1060,1,3,2025-10-26,209000.0,22,9500.0,Cash,Pending
ORD-234769,BIZ-1053,2,3,2025-10-01,218500.0,23,10000.0,Bank Transfer,Pending
ORD-212249,BIZ-1041,2,2,2025-10-25,107800.0,11,9800.0,POS,Cancelled
ORD-285710,BIZ-1041,4,3,2025-10-08,280000.0,28,10000.0,Bank Transfer,Delivered
ORD-261487,BIZ-1022,2,3,2025-10-12,95000.0,10,9500.0,Bank Transfer,Delivered
ORD-916711,BIZ-1041,2,2,2025-10-18,157500.0,15,10500.0,Cash,Pending
ORD-179074,BIZ-1039,3,5,2025-10-03,250000.0,25,10000.0,Cash,Delivered
ORD-114100,BIZ-1016,4,5,2025-10-01,294500.0,31,9500.0,Cash,Delivered
ORD-457705,BIZ-1041,2,5,2025-10-23,50000.0,5,10000.0,Cash,Delivered
ORD-747454,BIZ-1026,3,2,2025-10-27,342000.0,36,9500.0,POS,Cancelled
ORD-711062,BIZ-1029,2,1,2025-10-03,21000.0,2,10500.0,Cash,Delivered
ORD-583145,BIZ-1020,2,2,2025-10-19,220500.0,21,10500.0,Cash,Cancelled
ORD-446974,BIZ-1010,1,3,2025-10-19,90000.0,9,10000.0,POS,Delivered
ORD-210973,BIZ-1055,1,5,2025-10-24,28500.0,3,9500.0,Cash,Delivered
ORD-158894,BIZ-1051,2,3,2025-10-19,323000.0,34,9500.0,POS,Pending
ORD-309213,BIZ-1014,1,1,2025-10-22,275500.0,29,9500.0,Cash,Delivered
ORD-185097,BIZ-1015,3,3,2025-10-28,290000.0,29,10000.0,Bank Transfer,Pending
ORD-853144,BIZ-1061,1,5,2025-10-06,9800.0,1,9800.0,Bank Transfer,Pending
ORD-104027,BIZ-1047,3,2,2025-10-29,205800.0,21,9800.0,Cash,Cancelled
ORD-818904,BIZ-1050,4,2,2025-10-13,63000.0,6,10500.0,Bank Transfer,Cancelled
ORD-152427,BIZ-1003,2,4,2025-10-07,20000.0,2,10000.0,Cash,Pending
ORD-505695,BIZ-1054,3,3,2025-10-22,171000.0,18,9500.0,Bank Transfer,Pending
ORD-655046,BIZ-1055,2,5,2025-10-10,380000.0,40,9500.0,POS,Delivered
ORD-957264,BIZ-1002,4,2,2025-10-06,342000.0,36,9500.0,POS,Delivered
ORD-619360,BIZ-1058,3,4,2025-10-06,147000.0,14,10500.0,POS,Delivered
ORD-295103,BIZ-1012,2,3,2025-10-19,399000.0,38,10500.0,Bank Transfer,Delivered
ORD-867101,BIZ-1006,2,3,2025-10-15,42000.0,4,10500.0,Cash,Cancelled
ORD-164242,BIZ-1029,4,5,2025-10-21,283500.0,27,10500.0,Cash,Cancelled
ORD-632240,BIZ-1052,1,5,2025-10-14,241500.0,23,10500.0,Bank Transfer,Cancelled
ORD-284393,BIZ-1008,3,4,2025-10-01,170000.0,17,10000.0,POS,Pending
ORD-376049,BIZ-1006,2,3,2025-10-30,156800.0,16,9800.0,Bank Transfer,Cancelled
ORD-668326,BIZ-1022,4,4,2025-10-05,372400.0,38,9800.0,Bank Transfer,Delivered
ORD-298543,BIZ-1017,2,4,2025-10-18,340000.0,34,10000.0,Cash,Delivered
ORD-837010,BIZ-1034,2,5,2025-10-21,333200.0,34,9800.0,Bank Transfer,Delivered
ORD-297340,BIZ-1048,4,5,2025-10-23,156800.0,16,9800.0,POS,Delivered
ORD-437018,BIZ-1055,3,5,2025-10-06,332500.0,35,9500.0,Bank Transfer,Cancelled
ORD-338777,BIZ-1058,2,2,2025-10-23,133000.0,14,10000.0,Bank Transfer,Pending
ORD-766157,BIZ-1024,3,2,2025-10-05,313600.0,32,9800.0,Bank Transfer,Delivered
ORD-411132,BIZ-1012,3,4,2025-10-26,360000.0,36,10000.0,POS,Pending
ORD-631265,BIZ-1018,4,2,2025-10-19,325500.0,31,10500.0,POS,Cancelled
ORD-328860,BIZ-1025,3,5,2025-10-20,47500.0,5,9500.0,Bank Transfer,Pending
ORD-964517,BIZ-1039,3,5,2025-10-13,73500.0,7,10500.0,Cash,Pending
ORD-352466,BIZ-1031,2,1,2025-10-11,200000.0,20,10000.0,Cash,Cancelled
ORD-786651,BIZ-1004,1,1,2025-10-16,80000.0,8,10000.0,Cash,Pending
ORD-816734,BIZ-1013,1,4,2025-10-27,140000.0,14,10000.0,POS,Cancelled
ORD-890937,BIZ-1024,4,3,2025-10-08,210000.0,21,10000.0,Cash,Cancelled
ORD-164612,BIZ-1010,1,3,2025-10-05,220500.0,21,10000.0,Bank Transfer,Cancelled
ORD-460944,BIZ-1019,1,3,2025-10-02,264600.0,27,9800.0,Bank Transfer,Delivered
ORD-163338,BIZ-1016,4,4,2025-10-28,166600.0,17,9800.0,Bank Transfer,Cancelled
ORD-957424,BIZ-1020,3,5,2025-10-19,380000.0,40,10000.0,Cash,Pending
ORD-806776,BIZ-1042,2,4,2025-10-13,199500.0,21,9500.0,POS,Delivered
ORD-850895,BIZ-1027,3,3,2025-10-23,196000.0,20,9800.0,Cash,Cancelled
ORD-880422,BIZ-1042,4,3,2025-10-14,147000.0,15,9800.0,POS,Cancelled
ORD-433864,BIZ-1019,3,5,2025-10-21,63000.0,6,10500.0,POS,Cancelled
ORD-479039,BIZ-1040,4,4,2025-10-18,57000.0,6,9500.0,Bank Transfer,Cancelled
ORD-734919,BIZ-1001,1,3,2025-10-21,176400.0,18,9800.0,POS,Delivered
ORD-169078,BIZ-1007,1,3,2025-10-21,290000.0,29,10000.0,Bank Transfer,Cancelled
ORD-862470,BIZ-1025,1,4,2025-10-18,28500.0,3,10000.0,POS,Pending
ORD-572684,BIZ-1049,3,1,2025-10-26,130000.0,13,10000.0,Cash,Cancelled
ORD-950358,BIZ-1011,4,2,2025-10-11,294500.0,31,10000.0,Cash,Delivered
ORD-623968,BIZ-1021,2,3,2025-10-15,47500.0,5,9500.0,Cash,Delivered
ORD-612845,BIZ-1043,1,5,2025-10-10,21000.0,2,10500.0,Cash,Cancelled
ORD-881156,BIZ-1046,2,5,2025-10-10,303800.0,31,9800.0,Bank Transfer,Pending
ORD-715754,BIZ-1028,4,1,2025-10-06,210000.0,21,10000.0,Cash,Delivered
ORD-824424,BIZ-1042,4,5,2025-10-06,47500.0,5,9500.0,POS,Delivered
ORD-587529,BIZ-1048,1,1,2025-10-11,273000.0,26,10500.0,POS,Cancelled
ORD-440124,BIZ-1018,2,2,2025-10-27,19000.0,2,9500.0,POS,Delivered
ORD-987600,BIZ-1048,2,5,2025-10-28,28500.0,3,9500.0,Cash,Cancelled
ORD-522829,BIZ-1048,2,3,2025-10-29,73500.0,7,10500.0,Bank Transfer,Cancelled
ORD-586950,BIZ-1036,2,4,2025-10-14,323000.0,34,9500.0,POS,Cancelled
ORD-248984,BIZ-1045,1,5,2025-10-14,380000.0,40,9500.0,Cash,Pending
ORD-504293,BIZ-1025,4,4,2025-10-23,117600.0,12,9800.0,Cash,Delivered
ORD-125668,BIZ-1023,3,1,2025-10-13,178500.0,17,10500.0,Bank Transfer,Pending
ORD-926556,BIZ-1013,2,1,2025-10-27,123500.0,13,9500.0,POS,Delivered
ORD-762902,BIZ-1045,1,3,2025-10-10,323000.0,34,9500.0,Bank Transfer,Delivered
ORD-483474,BIZ-1055,3,5,2025-10-05,372400.0,38,9800.0,Cash,Delivered
ORD-929816,BIZ-1015,1,5,2025-10-01,142500.0,15,9500.0,POS,Delivered
ORD-281172,BIZ-1007,2,3,2025-10-25,63000.0,6,10500.0,Cash,Pending
ORD-292843,BIZ-1054,4,2,2025-10-05,372400.0,38,9800.0,POS,Cancelled
ORD-117185,BIZ-1001,1,2,2025-10-07,256500.0,27,9500.0,POS,Pending
ORD-257181,BIZ-1043,4,4,2025-10-12,88200.0,9,9800.0,POS,Delivered
ORD-307362,BIZ-1025,1,2,2025-10-09,240000.0,24,10000.0,Cash,Cancelled
ORD-511284,BIZ-1007,3,2,2025-10-01,323400.0,33,9800.0,Bank Transfer,Delivered
ORD-970085,BIZ-1018,3,3,2025-10-05,273000.0,26,10500.0,Bank Transfer,Cancelled
ORD-676012,BIZ-1019,2,4,2025-10-29,156800.0,16,9800.0,POS,Pending
ORD-299172,BIZ-1050,4,4,2025-10-09,357000.0,34,10500.0,Bank Transfer,Cancelled
ORD-858885,BIZ-1016,3,3,2025-10-15,320000.0,32,10000.0,Bank Transfer,Pending
ORD-556243,BIZ-1034,3,1,2025-10-15,161500.0,17,10000.0,POS,Delivered
ORD-267584,BIZ-1001,4,3,2025-10-29,152000.0,16,9500.0,POS,Delivered
ORD-798130,BIZ-1043,4,2,2025-10-15,117600.0,12,9800.0,POS,Cancelled
ORD-211161,BIZ-1047,1,4,2025-10-02,350000.0,35,10000.0,POS,Delivered
ORD-438986,BIZ-1041,3,5,2025-10-03,126000.0,12,10500.0,Cash,Cancelled
ORD-737343,BIZ-1017,2,2,2025-10-22,225400.0,23,9800.0,Cash,Cancelled
ORD-346575,BIZ-1048,1,2,2025-10-09,333200.0,34,9800.0,Bank Transfer,Pending
ORD-618239,BIZ-1043,4,4,2025-10-16,110000.0,11,10000.0,POS,Delivered
ORD-536569,BIZ-1011,1,2,2025-10-25,231000.0,22,10500.0,Bank Transfer,Cancelled
ORD-422969,BIZ-1009,3,4,2025-10-15,262500.0,25,10500.0,POS,Cancelled
ORD-455027,BIZ-1016,4,4,2025-10-19,189000.0,18,10500.0,Bank Transfer,Pending
ORD-817286,BIZ-1048,3,5,2025-10-19,49000.0,5,9800.0,Cash,Pending
ORD-741337,BIZ-1007,3,2,2025-10-19,68600.0,7,9800.0,Cash,Delivered
ORD-235715,BIZ-1053,2,5,2025-10-04,199500.0,19,10500.0,Cash,Delivered
ORD-457666,BIZ-1015,4,4,2025-10-16,147000.0,14,10500.0,Cash,Delivered
ORD-821959,BIZ-1053,4,3,2025-10-22,94500.0,9,10500.0,Bank Transfer,Cancelled
ORD-487519,BIZ-1023,2,4,2025-10-26,264600.0,27,9800.0,POS,Delivered
ORD-596524,BIZ-1051,4,5,2025-10-17,256500.0,27,9500.0,Cash,Pending
ORD-568795,BIZ-1046,2,2,2025-10-02,52500.0,5,10500.0,Cash,Pending
ORD-358064,BIZ-1035,4,5,2025-10-12,156800.0,16,9800.0,Cash,Delivered
ORD-442046,BIZ-1024,2,2,2025-10-07,330000.0,33,10000.0,Cash,Pending
ORD-427718,BIZ-1007,4,5,2025-10-21,304500.0,29,10500.0,POS,Delivered
ORD-599318,BIZ-1000,2,2,2025-10-20,400000.0,40,10000.0,Cash,Delivered
ORD-681955,BIZ-1033,4,5,2025-10-24,343000.0,35,9800.0,Cash,Cancelled
ORD-932378,BIZ-1003,1,3,2025-10-11,362600.0,37,9800.0,Bank Transfer,Pending
ORD-303819,BIZ-1052,2,5,2025-10-10,90000.0,9,10000.0,Bank Transfer,Delivered
ORD-437466,BIZ-1048,4,4,2025-10-28,241500.0,23,10500.0,Bank Transfer,Delivered
ORD-700073,BIZ-1015,2,4,2025-10-24,303800.0,31,9800.0,Cash,Delivered
ORD-340047,BIZ-1013,4,3,2025-10-30,9800.0,1,9800.0,Bank Transfer,Delivered
ORD-738988,BIZ-1010,3,2,2025-10-22,380000.0,38,10000.0,POS,Cancelled
ORD-959472,BIZ-1014,1,3,2025-10-08,20000.0,2,10000.0,Cash,Delivered
ORD-690660,BIZ-1040,3,3,2025-10-08,115500.0,11,10500.0,Cash,Pending
ORD-120339,BIZ-1010,4,4,2025-10-15,76000.0,8,9500.0,POS,Cancelled
ORD-200225,BIZ-1006,4,2,2025-10-10,285000.0,30,9500.0,POS,Delivered
ORD-255561,BIZ-1024,1,5,2025-10-12,58800.0,6,10000.0,Bank Transfer,Delivered
ORD-185257,BIZ-1051,2,2,2025-10-19,310000.0,31,10000.0,Cash,Delivered
ORD-585164,BIZ-1019,2,3,2025-10-16,52500.0,5,10500.0,Cash,Pending
ORD-863181,BIZ-1049,2,3,2025-10-19,220500.0,21,10500.0,Bank Transfer,Cancelled
ORD-571319,BIZ-1001,3,3,2025-10-08,95000.0,10,9500.0,POS,Cancelled
ORD-302565,BIZ-1018,4,1,2025-10-12,10000.0,1,10000.0,Cash,Pending
ORD-389627,BIZ-1010,2,4,2025-10-24,303800.0,31,9800.0,Bank Transfer,Cancelled
ORD-481453,BIZ-1040,3,3,2025-10-22,247000.0,26,9500.0,Cash,Delivered
ORD-161888,BIZ-1022,2,2,2025-10-26,256500.0,27,9500.0,Bank Transfer,Pending
ORD-334181,BIZ-1038,3,2,2025-10-15,262500.0,25,10500.0,Cash,Pending
ORD-443109,BIZ-1030,4,4,2025-10-19,252000.0,24,10500.0,POS,Delivered
ORD-750801,BIZ-1005,1,3,2025-10-11,186200.0,19,9800.0,POS,Pending
ORD-253218,BIZ-1010,2,5,2025-10-15,231000.0,22,10500.0,Cash,Pending
ORD-435581,BIZ-1061,1,5,2025-10-24,21000.0,2,10500.0,Bank Transfer,Pending
ORD-429429,BIZ-1009,1,2,2025-10-15,20000.0,2,10000.0,POS,Cancelled
ORD-662361,BIZ-1042,4,3,2025-10-19,110000.0,11,10000.0,Cash,Cancelled
ORD-950110,BIZ-1019,4,5,2025-10-07,38000.0,4,10000.0,POS,Cancelled
ORD-726615,BIZ-1009,3,5,2025-10-20,30000.0,3,10000.0,POS,Delivered
ORD-409979,BIZ-1036,1,5,2025-10-19,136500.0,13,10500.0,POS,Pending
ORD-871222,BIZ-1022,3,2,2025-10-23,170000.0,17,10000.0,POS,Pending
ORD-648931,BIZ-1016,4,4,2025-10-27,78400.0,8,9800.0,Bank Transfer,Delivered
ORD-396176,BIZ-1038,3,5,2025-10-24,382200.0,39,9800.0,Cash,Delivered
ORD-494273,BIZ-1042,3,2,2025-10-08,49000.0,5,9800.0,Cash,Cancelled
ORD-958350,BIZ-1022,4,4,2025-10-13,210000.0,21,10000.0,Bank Transfer,Pending
ORD-412661,BIZ-1011,4,1,2025-10-26,120000.0,12,10000.0,POS,Pending
ORD-251057,BIZ-1010,3,3,2025-10-08,88200.0,9,9800.0,POS,Delivered
ORD-130221,BIZ-1019,4,2,2025-10-09,270000.0,27,10000.0,Cash,Cancelled
ORD-899406,BIZ-1051,3,4,2025-10-20,50000.0,5,10000.0,Cash,Delivered
ORD-486538,BIZ-1038,4,3,2025-10-13,168000.0,16,10500.0,Cash,Pending
ORD-254785,BIZ-1028,1,2,2025-10-14,320000.0,32,10000.0,POS,Delivered
ORD-500576,BIZ-1015,4,1,2025-10-14,189000.0,18,10500.0,Cash,Delivered
ORD-722691,BIZ-1023,4,5,2025-10-17,399000.0,38,10500.0,Cash,Pending
ORD-429344,BIZ-1030,1,1,2025-10-14,361000.0,38,9500.0,POS,Pending
ORD-386840,BIZ-1030,3,2,2025-10-04,220000.0,22,10000.0,POS,Cancelled
ORD-307388,BIZ-1009,2,2,2025-10-14,400000.0,40,10000.0,POS,Cancelled
ORD-575354,BIZ-1008,4,3,2025-10-22,333200.0,34,9800.0,Cash,Cancelled
ORD-714969,BIZ-1022,1,3,2025-10-09,171000.0,18,9500.0,Cash,Pending
ORD-117779,BIZ-1006,4,4,2025-10-04,189000.0,18,10500.0,POS,Pending
ORD-442399,BIZ-1029,1,4,2025-10-04,357000.0,34,10500.0,Cash,Delivered
ORD-486737,BIZ-1053,2,4,2025-10-17,343000.0,35,9800.0,POS,Cancelled
ORD-972210,BIZ-1001,3,5,2025-10-05,400000.0,40,10000.0,Cash,Pending
ORD-676850,BIZ-1033,1,3,2025-10-22,300000.0,30,10000.0,Bank Transfer,Pending
ORD-555354,BIZ-1054,2,5,2025-10-01,90000.0,9,10000.0,Cash,Cancelled
ORD-514751,BIZ-1008,4,4,2025-10-20,105000.0,10,10500.0,Bank Transfer,Cancelled
ORD-742863,BIZ-1032,4,2,2025-10-06,220000.0,22,10000.0,POS,Pending
ORD-136211,BIZ-1034,4,5,2025-10-26,171000.0,18,10000.0,Bank Transfer,Cancelled
ORD-439753,BIZ-1042,2,3,2025-10-20,152000.0,16,9500.0,Bank Transfer,Delivered
ORD-696146,BIZ-1007,3,2,2025-10-17,284200.0,29,9800.0,Cash,Pending
ORD-636565,BIZ-1009,3,5,2025-10-02,323000.0,34,9500.0,POS,Pending
ORD-852112,BIZ-1005,3,3,2025-10-02,325500.0,31,10000.0,Cash,Delivered
ORD-620803,BIZ-1056,1,2,2025-10-22,68600.0,7,10000.0,Cash,Pending
ORD-171192,BIZ-1050,2,3,2025-10-02,304500.0,29,10500.0,Bank Transfer,Delivered
ORD-207220,BIZ-1055,3,3,2025-10-05,325500.0,31,10500.0,Bank Transfer,Pending
ORD-848529,BIZ-1009,4,1,2025-10-16,283500.0,27,10500.0,Cash,Delivered
ORD-891317,BIZ-1046,1,4,2025-10-08,157500.0,15,10500.0,Bank Transfer,Delivered
ORD-474426,BIZ-1006,4,2,2025-10-11,127400.0,13,9800.0,Cash,Cancelled
ORD-532686,BIZ-1006,2,4,2025-10-11,420000.0,40,10500.0,POS,Pending
ORD-172956,BIZ-1028,2,5,2025-10-11,273000.0,26,10500.0,POS,Pending
ORD-671590,BIZ-1009,2,2,2025-10-15,275500.0,29,9500.0,Cash,Pending
ORD-536577,BIZ-1006,2,5,2025-10-02,176400.0,18,9800.0,Cash,Delivered
ORD-515225,BIZ-1010,4,3,2025-10-20,85500.0,9,9500.0,Bank Transfer,Delivered
ORD-674721,BIZ-1032,3,2,2025-10-21,332500.0,35,9500.0,POS,Cancelled
ORD-953922,BIZ-1024,1,4,2025-10-25,160000.0,16,10000.0,Bank Transfer,Cancelled
ORD-266786,BIZ-1041,3,5,2025-10-07,372400.0,38,9800.0,Bank Transfer,Pending
ORD-373421,BIZ-1035,2,5,2025-10-04,199500.0,21,9500.0,Cash,Cancelled
ORD-159259,BIZ-1059,3,4,2025-10-07,294000.0,28,10500.0,Bank Transfer,Cancelled
ORD-684774,BIZ-1033,1,4,2025-10-20,107800.0,11,9800.0,Cash,Delivered
ORD-774132,BIZ-1043,2,4,2025-10-01,190000.0,20,9500.0,Cash,Cancelled
ORD-336474,BIZ-1051,2,2,2025-10-26,300000.0,30,10000.0,Cash,Pending
ORD-144224,BIZ-1043,3,2,2025-10-15,357000.0,34,10500.0,Cash,Pending
ORD-343967,BIZ-1046,1,2,2025-10-07,362600.0,37,9800.0,Bank Transfer,Pending
ORD-244360,BIZ-1035,1,4,2025-10-29,280000.0,28,10000.0,Bank Transfer,Cancelled
ORD-438637,BIZ-1030,2,3,2025-10-16,180000.0,18,10000.0,Cash,Pending
ORD-765143,BIZ-1020,1,5,2025-10-12,63000.0,6,10500.0,Bank Transfer,Cancelled
ORD-120191,BIZ-1003,3,4,2025-10-21,270000.0,27,10000.0,Bank Transfer,Delivered
ORD-403708,BIZ-1050,3,3,2025-10-16,350000.0,35,10000.0,Bank Transfer,Cancelled
ORD-802170,BIZ-1028,2,1,2025-10-15,126000.0,12,10500.0,Bank Transfer,Pending
ORD-535094,BIZ-1009,2,5,2025-10-22,280000.0,28,10000.0,Cash,Cancelled
ORD-142079,BIZ-1034,3,2,2025-10-17,49000.0,5,9800.0,POS,Pending
ORD-137754,BIZ-1051,1,3,2025-10-07,283500.0,27,10500.0,Cash,Pending
ORD-711046,BIZ-1052,1,4,2025-10-07,38000.0,4,9500.0,Cash,Cancelled
ORD-466353,BIZ-1037,1,5,2025-10-15,140000.0,14,10000.0,POS,Pending
ORD-709834,BIZ-1036,4,2,2025-10-22,120000.0,12,10000.0,POS,Cancelled
ORD-633881,BIZ-1053,4,1,2025-10-27,266000.0,28,9500.0,Bank Transfer,Cancelled
ORD-272154,BIZ-1016,2,4,2025-10-27,199500.0,19,10500.0,Bank Transfer,Cancelled
ORD-259651,BIZ-1054,4,5,2025-10-12,161500.0,17,9500.0,POS,Delivered
ORD-758169,BIZ-1002,3,5,2025-10-17,330000.0,33,10000.0,POS,Cancelled
ORD-395087,BIZ-1028,3,5,2025-10-23,90000.0,9,10000.0,POS,Pending
ORD-492482,BIZ-1003,2,1,2025-10-08,189000.0,18,10500.0,Bank Transfer,Delivered
ORD-267628,BIZ-1017,4,4,2025-10-16,247000.0,26,9500.0,Bank Transfer,Cancelled
ORD-890806,BIZ-1045,1,3,2025-10-26,241500.0,23,10500.0,Bank Transfer,Pending
ORD-450733,BIZ-1034,1,1,2025-10-19,152000.0,16,9500.0,Cash,Cancelled
ORD-372988,BIZ-1013,2,2,2025-10-06,189000.0,18,10500.0,POS,Pending
ORD-782059,BIZ-1021,3,5,2025-10-12,176400.0,18,9800.0,Cash,Cancelled
ORD-130217,BIZ-1054,1,2,2025-10-09,19000.0,2,9500.0,Bank Transfer,Cancelled
ORD-783051,BIZ-1003,4,3,2025-10-14,218500.0,23,9500.0,Bank Transfer,Delivered
ORD-907420,BIZ-1012,3,4,2025-10-21,215600.0,22,9800.0,Bank Transfer,Pending
ORD-293810,BIZ-1002,1,3,2025-10-13,137200.0,14,9800.0,Bank Transfer,Delivered
ORD-506272,BIZ-1060,2,5,2025-10-04,220000.0,22,10000.0,POS,Pending
ORD-878896,BIZ-1008,4,5,2025-10-25,100000.0,10,10000.0,Cash,Pending
ORD-315569,BIZ-1044,1,2,2025-10-28,284200.0,29,9800.0,POS,Cancelled
ORD-697905,BIZ-1013,3,4,2025-10-07,186200.0,19,9800.0,POS,Cancelled
ORD-413115,BIZ-1019,2,3,2025-10-23,218500.0,23,9500.0,POS,Pending
ORD-806956,BIZ-1047,3,5,2025-10-25,333200.0,34,9800.0,Cash,Delivered
ORD-722076,BIZ-1028,4,2,2025-10-07,323400.0,33,9800.0,Bank Transfer,Cancelled
ORD-478471,BIZ-1002,2,5,2025-10-25,52500.0,5,10500.0,Cash,Cancelled
ORD-779299,BIZ-1034,2,5,2025-10-14,21000.0,2,10500.0,Cash,Delivered
ORD-694381,BIZ-1047,4,4,2025-10-19,220500.0,21,10500.0,Bank Transfer,Delivered
ORD-984539,BIZ-1036,4,5,2025-10-27,275500.0,29,9500.0,POS,Pending
ORD-635926,BIZ-1010,3,2,2025-10-08,209000.0,22,9500.0,Bank Transfer,Pending
ORD-112960,BIZ-1034,3,5,2025-10-01,215600.0,22,9800.0,Cash,Cancelled
ORD-289707,BIZ-1014,2,2,2025-10-07,42000.0,4,10500.0,POS,Delivered
ORD-316376,BIZ-1006,2,3,2025-10-26,260000.0,26,10000.0,Cash,Delivered
ORD-507446,BIZ-1023,3,2,2025-10-15,392000.0,40,9800.0,Cash,Cancelled
ORD-580126,BIZ-1061,3,3,2025-10-22,170000.0,17,10000.0,Bank Transfer,Cancelled
ORD-731046,BIZ-1019,3,4,2025-10-30,73500.0,7,10500.0,Bank Transfer,Delivered
ORD-615566,BIZ-1009,1,3,2025-10-23,114000.0,12,9500.0,Cash,Delivered
ORD-725727,BIZ-1034,4,5,2025-10-15,380000.0,40,9500.0,Bank Transfer,Pending
ORD-799425,BIZ-1011,4,3,2025-10-09,63000.0,6,10500.0,Cash,Pending
ORD-360590,BIZ-1054,4,2,2025-10-26,47500.0,5,9500.0,Cash,Delivered
ORD-212471,BIZ-1052,4,5,2025-10-03,290000.0,29,10000.0,Bank Transfer,Cancelled
ORD-994101,BIZ-1049,3,2,2025-10-27,19600.0,2,9800.0,Bank Transfer,Cancelled
ORD-152458,BIZ-1014,4,4,2025-10-01,9500.0,1,9500.0,POS,Cancelled
ORD-387552,BIZ-1029,3,5,2025-10-26,147000.0,15,9800.0,Bank Transfer,Cancelled
ORD-418186,BIZ-1036,4,5,2025-10-28,28500.0,3,9500.0,Bank Transfer,Cancelled
ORD-864147,BIZ-1049,2,1,2025-10-14,262500.0,25,10500.0,Bank Transfer,Cancelled
ORD-267234,BIZ-1044,2,1,2025-10-18,237500.0,25,9500.0,POS,Cancelled
ORD-485928,BIZ-1046,4,3,2025-10-03,152000.0,16,9500.0,Bank Transfer,Delivered
ORD-300053,BIZ-1006,4,5,2025-10-07,90000.0,9,10000.0,Cash,Pending
ORD-877882,BIZ-1034,4,4,2025-10-30,76000.0,8,9500.0,Cash,Delivered
ORD-179796,BIZ-1060,1,3,2025-10-27,294000.0,28,10500.0,Cash,Cancelled
ORD-785376,BIZ-1053,3,5,2025-10-09,343000.0,35,9800.0,Bank Transfer,Cancelled
ORD-907868,BIZ-1035,3,3,2025-10-01,76000.0,8,9500.0,Bank Transfer,Cancelled
ORD-225909,BIZ-1016,4,4,2025-10-02,20000.0,2,10000.0,POS,Delivered
ORD-375487,BIZ-1035,3,5,2025-10-10,73500.0,7,10500.0,Cash,Pending
ORD-939444,BIZ-1020,2,5,2025-10-14,315000.0,30,10000.0,Cash,Pending
ORD-226169,BIZ-1055,1,2,2025-10-28,275500.0,29,9500.0,Cash,Cancelled
ORD-880413,BIZ-1043,2,3,2025-10-28,300000.0,30,10000.0,POS,Delivered
ORD-931271,BIZ-1038,4,5,2025-10-29,19600.0,2,9800.0,POS,Cancelled
ORD-599651,BIZ-1020,1,2,2025-10-01,260000.0,26,10000.0,Bank Transfer,Cancelled
ORD-218055,BIZ-1007,2,2,2025-10-06,10000.0,1,10000.0,Bank Transfer,Pending
ORD-346208,BIZ-1008,2,2,2025-10-03,133000.0,14,9500.0,Bank Transfer,Pending
ORD-707940,BIZ-1032,3,2,2025-10-14,28500.0,3,9500.0,Cash,Pending
ORD-386402,BIZ-1049,2,3,2025-10-21,230000.0,23,10000.0,Cash,Delivered
ORD-837019,BIZ-1005,2,4,2025-10-09,420000.0,40,10500.0,Cash,Delivered
ORD-166357,BIZ-1045,2,4,2025-10-17,333200.0,34,9800.0,Bank Transfer,Pending
ORD-260741,BIZ-1039,3,2,2025-10-22,98000.0,10,9800.0,Cash,Cancelled
ORD-516849,BIZ-1002,4,2,2025-10-07,104500.0,11,9500.0,Cash,Delivered
ORD-131350,BIZ-1061,3,5,2025-10-21,152000.0,16,9500.0,POS,Cancelled
ORD-553496,BIZ-1010,3,4,2025-10-02,10500.0,1,10500.0,Bank Transfer,Pending
ORD-532458,BIZ-1028,2,5,2025-10-25,313500.0,33,9500.0,POS,Delivered
ORD-113913,BIZ-1032,2,3,2025-10-06,42000.0,4,10500.0,Cash,Delivered
ORD-146172,BIZ-1001,1,3,2025-10-18,57000.0,6,10000.0,Bank Transfer,Cancelled
ORD-906913,BIZ-1057,3,4,2025-10-20,247000.0,26,9500.0,POS,Pending
ORD-844385,BIZ-1040,1,5,2025-10-27,283500.0,27,10500.0,Bank Transfer,Delivered
ORD-602447,BIZ-1030,4,3,2025-10-09,215600.0,22,9800.0,Bank Transfer,Cancelled
ORD-380268,BIZ-1053,3,4,2025-10-07,275500.0,29,9500.0,Cash,Delivered
ORD-385173,BIZ-1044,4,5,2025-10-01,273000.0,26,10500.0,Cash,Cancelled
ORD-297205,BIZ-1025,2,3,2025-10-29,190000.0,20,9500.0,Bank Transfer,Pending
ORD-569750,BIZ-1052,4,5,2025-10-08,390000.0,39,10000.0,Bank Transfer,Cancelled
ORD-781765,BIZ-1049,1,5,2025-10-25,300000.0,30,10000.0,Bank Transfer,Pending
ORD-690570,BIZ-1018,4,3,2025-10-02,315000.0,30,10500.0,POS,Pending
ORD-556491,BIZ-1029,3,3,2025-10-26,150000.0,15,10000.0,POS,Pending
ORD-837093,BIZ-1001,1,1,2025-10-17,29400.0,3,9800.0,POS,Pending
ORD-342767,BIZ-1038,2,4,2025-10-15,19000.0,2,9500.0,POS,Pending
ORD-878594,BIZ-1057,3,5,2025-10-22,42000.0,4,10500.0,POS,Delivered
ORD-481718,BIZ-1044,1,2,2025-10-02,420000.0,40,10500.0,Bank Transfer,Delivered
ORD-485138,BIZ-1044,4,2,2025-10-03,210000.0,20,10500.0,Cash,Cancelled
ORD-595426,BIZ-1011,3,4,2025-10-14,399000.0,38,10500.0,Cash,Cancelled
ORD-491399,BIZ-1039,1,2,2025-10-17,390000.0,39,10000.0,POS,Pending
ORD-489307,BIZ-1005,1,4,2025-10-20,63000.0,6,10500.0,Cash,Delivered
ORD-667035,BIZ-1042,2,3,2025-10-22,342000.0,36,9500.0,Cash,Delivered
ORD-870907,BIZ-1061,3,5,2025-10-05,123500.0,13,9500.0,Bank Transfer,Cancelled
ORD-526772,BIZ-1031,2,2,2025-10-20,333200.0,34,9800.0,Cash,Cancelled
ORD-521296,BIZ-1030,1,5,2025-10-06,147000.0,14,10000.0,Cash,Cancelled
ORD-464314,BIZ-1005,4,1,2025-10-12,42000.0,4,10500.0,Cash,Pending
ORD-254804,BIZ-1009,2,4,2025-10-24,100000.0,10,10000.0,POS,Pending
ORD-888171,BIZ-1046,1,4,2025-10-25,315000.0,30,10500.0,POS,Pending
ORD-808534,BIZ-1002,3,3,2025-10-27,186200.0,19,9800.0,Cash,Pending
ORD-477832,BIZ-1053,1,2,2025-10-17,196000.0,20,10000.0,Cash,Cancelled
ORD-190644,BIZ-1019,4,4,2025-10-29,160000.0,16,10000.0,POS,Cancelled
ORD-244327,BIZ-1026,3,1,2025-10-19,120000.0,12,10000.0,POS,Delivered
ORD-476091,BIZ-1002,2,5,2025-10-10,342000.0,36,9500.0,Cash,Cancelled
ORD-572665,BIZ-1003,1,3,2025-10-20,105000.0,10,10500.0,Cash,Delivered
ORD-813385,BIZ-1014,1,5,2025-10-23,142500.0,15,9500.0,POS,Delivered
ORD-144832,BIZ-1006,4,1,2025-10-05,94500.0,9,10500.0,Bank Transfer,Pending
ORD-755425,BIZ-1028,3,3,2025-10-11,10000.0,1,10000.0,POS,Pending
ORD-458245,BIZ-1047,4,1,2025-10-05,178500.0,17,10500.0,POS,Delivered
ORD-972428,BIZ-1039,4,3,2025-10-17,90000.0,9,10000.0,POS,Pending
ORD-992440,BIZ-1040,1,4,2025-10-23,84000.0,8,10500.0,Cash,Pending
ORD-246298,BIZ-1030,3,2,2025-10-24,52500.0,5,10500.0,Cash,Cancelled
ORD-930763,BIZ-1055,2,5,2025-10-30,100000.0,10,10000.0,POS,Pending
ORD-826888,BIZ-1005,3,4,2025-10-07,20000.0,2,10000.0,Cash,Pending
ORD-963442,BIZ-1032,3,1,2025-10-12,170000.0,17,10000.0,Cash,Pending
ORD-217314,BIZ-1021,2,1,2025-10-13,210000.0,20,10500.0,Bank Transfer,Cancelled
ORD-670421,BIZ-1061,1,3,2025-10-30,152000.0,16,9500.0,Cash,Delivered
ORD-208858,BIZ-1028,1,5,2025-10-02,313600.0,32,9800.0,POS,Pending
ORD-367090,BIZ-1013,1,5,2025-10-18,343000.0,35,9800.0,Cash,Delivered
ORD-796922,BIZ-1059,4,4,2025-10-29,180500.0,19,9500.0,POS,Delivered
ORD-875643,BIZ-1022,2,4,2025-10-29,235200.0,24,9800.0,Cash,Pending
ORD-844229,BIZ-1019,4,4,2025-10-07,230000.0,23,10000.0,Cash,Delivered
ORD-612942,BIZ-1032,3,4,2025-10-24,66500.0,7,9500.0,Cash,Cancelled
ORD-867405,BIZ-1015,3,2,2025-10-04,294000.0,30,9800.0,POS,Cancelled
ORD-491456,BIZ-1038,2,5,2025-10-26,160000.0,16,10000.0,POS,Cancelled
ORD-514146,BIZ-1001,1,3,2025-10-17,9500.0,1,9500.0,Cash,Delivered
ORD-959162,BIZ-1049,4,4,2025-10-16,94500.0,9,10500.0,Cash,Pending
ORD-705048,BIZ-1049,1,4,2025-10-12,330000.0,33,10000.0,POS,Delivered
ORD-527817,BIZ-1004,2,3,2025-10-11,290000.0,29,10000.0,POS,Pending
ORD-211596,BIZ-1040,1,4,2025-10-21,9500.0,1,9500.0,POS,Cancelled
ORD-775180,BIZ-1003,3,3,2025-10-07,107800.0,11,9800.0,Cash,Delivered
ORD-974878,BIZ-1005,2,5,2025-10-14,409500.0,39,10500.0,Bank Transfer,Delivered
ORD-889912,BIZ-1059,4,3,2025-10-21,362600.0,37,9800.0,Cash,Pending
ORD-100625,BIZ-1035,2,3,2025-10-06,94500.0,9,10500.0,Bank Transfer,Cancelled
ORD-629018,BIZ-1025,1,3,2025-10-27,9800.0,1,9800.0,Cash,Pending
ORD-619257,BIZ-1014,3,4,2025-10-24,126000.0,12,10000.0,POS,Delivered
ORD-175714,BIZ-1035,3,4,2025-10-05,228000.0,24,9500.0,Bank Transfer,Cancelled
ORD-421447,BIZ-1036,3,5,2025-10-21,152000.0,16,9500.0,Bank Transfer,Pending
ORD-525847,BIZ-1039,4,3,2025-10-08,343000.0,35,9800.0,POS,Delivered
ORD-319408,BIZ-1015,1,4,2025-10-10,95000.0,10,9500.0,Cash,Delivered
ORD-201279,BIZ-1006,4,1,2025-10-17,38000.0,4,9500.0,Bank Transfer,Delivered
ORD-300284,BIZ-1000,4,3,2025-10-29,399000.0,38,10500.0,Bank Transfer,Delivered
ORD-132608,BIZ-1012,3,5,2025-10-01,240000.0,24,10000.0,POS,Delivered
ORD-317146,BIZ-1034,4,4,2025-10-09,361000.0,38,9500.0,POS,Delivered
ORD-913766,BIZ-1045,1,5,2025-10-06,294000.0,30,9800.0,Bank Transfer,Cancelled
ORD-170277,BIZ-1056,1,5,2025-10-21,378000.0,36,10500.0,POS,Delivered
ORD-224731,BIZ-1012,4,1,2025-10-08,196000.0,20,9800.0,POS,Cancelled
ORD-474880,BIZ-1031,2,5,2025-10-13,367500.0,35,10500.0,Cash,Cancelled
ORD-111081,BIZ-1057,1,1,2025-10-20,57000.0,6,9500.0,Bank Transfer,Pending
ORD-414798,BIZ-1048,4,1,2025-10-21,240000.0,24,10000.0,POS,Cancelled
ORD-493127,BIZ-1041,4,2,2025-10-11,150000.0,15,10000.0,POS,Cancelled
ORD-549339,BIZ-1041,4,4,2025-10-07,370500.0,39,9500.0,POS,Cancelled
ORD-601680,BIZ-1023,2,3,2025-10-19,20000.0,2,10000.0,Cash,Delivered
ORD-722158,BIZ-1008,4,4,2025-10-20,19600.0,2,9800.0,Cash,Cancelled
ORD-615200,BIZ-1054,2,4,2025-10-02,361000.0,38,9500.0,Cash,Pending
ORD-624282,BIZ-1045,1,4,2025-10-30,370000.0,37,10000.0,Bank Transfer,Pending
ORD-132548,BIZ-1007,2,5,2025-10-10,370500.0,39,9500.0,Cash,Cancelled
ORD-596602,BIZ-1030,3,3,2025-10-08,57000.0,6,10000.0,POS,Delivered
ORD-502396,BIZ-1024,2,5,2025-10-26,330000.0,33,10000.0,POS,Cancelled
ORD-907180,BIZ-1040,2,4,2025-10-23,310000.0,31,10000.0,Bank Transfer,Cancelled
ORD-715644,BIZ-1050,1,3,2025-10-03,126000.0,12,10000.0,Cash,Cancelled
ORD-468107,BIZ-1001,4,2,2025-10-19,332500.0,35,9500.0,Bank Transfer,Delivered
ORD-818115,BIZ-1036,2,3,2025-10-29,342000.0,36,9500.0,Bank Transfer,Delivered
ORD-128655,BIZ-1045,2,2,2025-10-15,388500.0,37,10500.0,POS,Cancelled
ORD-611126,BIZ-1046,2,2,2025-10-12,220500.0,21,10500.0,POS,Cancelled
ORD-191046,BIZ-1013,2,5,2025-10-23,90000.0,9,10000.0,POS,Pending
ORD-670147,BIZ-1009,2,3,2025-10-15,313500.0,33,9500.0,POS,Cancelled
ORD-357309,BIZ-1040,3,5,2025-10-03,9500.0,1,9500.0,POS,Cancelled
ORD-850369,BIZ-1042,1,2,2025-10-22,342000.0,36,9500.0,Cash,Delivered
ORD-198572,BIZ-1024,2,5,2025-10-19,176400.0,18,9800.0,Cash,Cancelled
ORD-885438,BIZ-1044,1,5,2025-10-14,28500.0,3,9500.0,Bank Transfer,Cancelled
ORD-732929,BIZ-1003,4,2,2025-10-11,31500.0,3,10500.0,Cash,Cancelled
ORD-136010,BIZ-1013,3,5,2025-10-30,189000.0,18,10500.0,Cash,Cancelled
ORD-679470,BIZ-1012,2,3,2025-10-10,313600.0,32,9800.0,Cash,Pending
ORD-996157,BIZ-1049,1,4,2025-10-24,315000.0,30,10500.0,POS,Cancelled
ORD-743529,BIZ-1018,4,2,2025-10-14,140000.0,14,10000.0,POS,Cancelled
ORD-110793,BIZ-1050,3,4,2025-10-13,370500.0,39,9500.0,Bank Transfer,Cancelled
ORD-722255,BIZ-1010,2,3,2025-10-21,264600.0,27,9800.0,Cash,Cancelled
ORD-918764,BIZ-1035,2,2,2025-10-26,57000.0,6,9500.0,Bank Transfer,Cancelled
ORD-630888,BIZ-1017,1,4,2025-10-01,98000.0,10,9800.0,Cash,Cancelled
ORD-626461,BIZ-1031,4,2,2025-10-14,310000.0,31,10000.0,Bank Transfer,Pending
ORD-830994,BIZ-1017,4,3,2025-10-06,352800.0,36,10000.0,Cash,Pending
ORD-940231,BIZ-1018,2,2,2025-10-17,240000.0,24,10000.0,Cash,Cancelled
ORD-785456,BIZ-1017,4,5,2025-10-28,270000.0,27,10000.0,Bank Transfer,Cancelled
ORD-365503,BIZ-1060,2,3,2025-10-22,294000.0,28,10500.0,POS,Delivered
ORD-832133,BIZ-1016,4,4,2025-10-18,260000.0,26,10000.0,Bank Transfer,Delivered
ORD-282366,BIZ-1028,1,5,2025-10-16,38000.0,4,9500.0,Cash,Pending
ORD-407641,BIZ-1059,2,2,2025-10-28,260000.0,26,10000.0,Bank Transfer,Pending
ORD-141750,BIZ-1022,1,5,2025-10-26,290000.0,29,10000.0,POS,Cancelled
ORD-447514,BIZ-1015,2,3,2025-10-09,330000.0,33,10000.0,Bank Transfer,Pending
ORD-820169,BIZ-1042,2,4,2025-10-13,80000.0,8,10000.0,Cash,Cancelled
ORD-978050,BIZ-1029,1,3,2025-10-05,245000.0,25,9800.0,Bank Transfer,Pending
ORD-605566,BIZ-1017,3,4,2025-10-03,390000.0,39,10000.0,POS,Delivered
ORD-105969,BIZ-1058,3,2,2025-10-15,399000.0,38,10500.0,POS,Cancelled
ORD-880697,BIZ-1002,2,5,2025-10-12,290000.0,29,10000.0,POS,Pending
ORD-285211,BIZ-1058,3,2,2025-10-25,107800.0,11,9800.0,Bank Transfer,Cancelled
ORD-146005,BIZ-1053,3,3,2025-10-24,100000.0,10,10000.0,Cash,Cancelled
ORD-334275,BIZ-1032,3,4,2025-10-10,57000.0,6,9500.0,POS,Cancelled
ORD-816212,BIZ-1048,4,5,2025-10-11,262500.0,25,10500.0,Bank Transfer,Pending
ORD-617316,BIZ-1018,3,5,2025-10-18,40000.0,4,10000.0,POS,Delivered
ORD-566266,BIZ-1038,2,2,2025-10-07,275500.0,29,9500.0,POS,Pending
ORD-221728,BIZ-1014,4,5,2025-10-25,370000.0,37,10000.0,POS,Delivered
ORD-245967,BIZ-1054,4,2,2025-10-04,210000.0,20,10500.0,POS,Cancelled
ORD-734604,BIZ-1042,4,4,2025-10-04,256500.0,27,9500.0,POS,Cancelled
ORD-559378,BIZ-1026,4,1,2025-10-17,325500.0,31,10500.0,POS,Pending
ORD-932923,BIZ-1061,2,2,2025-10-15,323000.0,34,9500.0,Bank Transfer,Cancelled
ORD-121535,BIZ-1036,1,4,2025-10-21,270000.0,27,10000.0,POS,Pending
ORD-827514,BIZ-1001,3,5,2025-10-22,351500.0,37,9500.0,Bank Transfer,Cancelled
ORD-669884,BIZ-1006,4,4,2025-10-12,49000.0,5,9800.0,Cash,Pending
ORD-596666,BIZ-1061,3,2,2025-10-04,320000.0,32,10000.0,POS,Cancelled
ORD-557484,BIZ-1017,2,3,2025-10-02,200000.0,20,10000.0,Cash,Cancelled
ORD-542766,BIZ-1000,3,1,2025-10-17,210000.0,21,10000.0,Cash,Cancelled
ORD-191480,BIZ-1018,3,3,2025-10-03,58800.0,6,9800.0,POS,Delivered
ORD-796990,BIZ-1032,3,2,2025-10-08,284200.0,29,10000.0,Cash,Cancelled
ORD-520821,BIZ-1061,1,2,2025-10-11,190000.0,20,9500.0,POS,Pending
ORD-355047,BIZ-1000,1,2,2025-10-16,205800.0,21,9800.0,Cash,Cancelled
ORD-244207,BIZ-1046,1,5,2025-10-28,323000.0,34,9500.0,Cash,Pending
ORD-269864,BIZ-1024,3,3,2025-10-04,304000.0,32,9500.0,Bank Transfer,Cancelled
ORD-295864,BIZ-1000,1,5,2025-10-03,300000.0,30,10000.0,Bank Transfer,Pending
ORD-567771,BIZ-1057,4,2,2025-10-20,382200.0,39,9800.0,Bank Transfer,Pending
ORD-672437,BIZ-1044,1,4,2025-10-20,39200.0,4,9800.0,Cash,Pending
ORD-375782,BIZ-1038,3,4,2025-10-12,29400.0,3,9800.0,Cash,Delivered
ORD-928373,BIZ-1001,1,5,2025-10-15,336000.0,32,10500.0,Cash,Delivered
ORD-710397,BIZ-1047,4,4,2025-10-20,140000.0,14,10000.0,Bank Transfer,Cancelled
ORD-686852,BIZ-1035,1,5,2025-10-13,245000.0,25,9800.0,Cash,Pending
ORD-312281,BIZ-1032,1,3,2025-10-02,52500.0,5,10500.0,Bank Transfer,Delivered
ORD-239685,BIZ-1011,3,5,2025-10-05,215600.0,22,9800.0,POS,Cancelled
ORD-509688,BIZ-1023,1,5,2025-10-23,60000.0,6,10000.0,Bank Transfer,Pending
ORD-162908,BIZ-1040,4,5,2025-10-01,88200.0,9,9800.0,Bank Transfer,Pending
ORD-112756,BIZ-1003,1,3,2025-10-16,200000.0,20,10000.0,Bank Transfer,Cancelled
ORD-798258,BIZ-1009,2,5,2025-10-04,98000.0,10,9800.0,POS,Pending
ORD-656289,BIZ-1017,2,4,2025-10-08,98000.0,10,9800.0,Cash,Cancelled
ORD-950879,BIZ-1059,3,3,2025-10-01,235200.0,24,9800.0,Bank Transfer,Delivered
ORD-355512,BIZ-1035,3,5,2025-10-05,142500.0,15,10000.0,Cash,Cancelled
ORD-940145,BIZ-1002,4,5,2025-10-26,333200.0,34,9800.0,POS,Delivered
ORD-796292,BIZ-1050,3,3,2025-10-07,130000.0,13,10000.0,Bank Transfer,Pending
ORD-324523,BIZ-1010,1,5,2025-10-15,264600.0,27,9800.0,Cash,Pending
ORD-506698,BIZ-1033,2,4,2025-10-03,254800.0,26,9800.0,POS,Delivered
ORD-757488,BIZ-1018,1,3,2025-10-17,360000.0,36,10000.0,Cash,Cancelled
ORD-942918,BIZ-1047,3,5,2025-10-17,237500.0,25,9500.0,POS,Pending
ORD-799486,BIZ-1060,1,4,2025-10-03,313600.0,32,9800.0,Cash,Cancelled
ORD-634635,BIZ-1028,4,4,2025-10-04,94500.0,9,10500.0,POS,Cancelled
ORD-897460,BIZ-1023,2,5,2025-10-05,180500.0,19,9500.0,Cash,Pending
ORD-638322,BIZ-1005,4,5,2025-10-03,19000.0,2,9500.0,Bank Transfer,Pending
ORD-176116,BIZ-1014,2,5,2025-10-30,283500.0,27,10500.0,POS,Cancelled
ORD-359069,BIZ-1054,4,5,2025-10-17,380000.0,40,9500.0,POS,Pending
ORD-533595,BIZ-1056,1,2,2025-10-19,399000.0,38,10500.0,Bank Transfer,Delivered
ORD-479293,BIZ-1022,3,5,2025-10-26,186200.0,19,9800.0,Bank Transfer,Delivered
ORD-968195,BIZ-1055,1,4,2025-10-29,42000.0,4,10500.0,POS,Delivered
ORD-162571,BIZ-1046,4,4,2025-10-08,31500.0,3,10500.0,POS,Delivered
ORD-144993,BIZ-1041,2,4,2025-10-23,245000.0,25,10000.0,POS,Delivered
ORD-918551,BIZ-1049,3,2,2025-10-27,196000.0,20,9800.0,POS,Pending
ORD-301961,BIZ-1032,1,2,2025-10-12,68600.0,7,10000.0,Bank Transfer,Cancelled
ORD-491834,BIZ-1052,2,4,2025-10-21,256500.0,27,10000.0,POS,Delivered
ORD-735894,BIZ-1024,2,2,2025-10-12,190000.0,19,10000.0,Bank Transfer,Pending
ORD-335637,BIZ-1052,1,5,2025-10-26,382200.0,39,9800.0,Bank Transfer,Delivered
ORD-233511,BIZ-1026,1,4,2025-10-23,98000.0,10,9800.0,Bank Transfer,Delivered
ORD-928865,BIZ-1024,1,3,2025-10-15,68600.0,7,9800.0,POS,Cancelled
ORD-526279,BIZ-1018,2,2,2025-10-16,107800.0,11,9800.0,Cash,Delivered
ORD-892125,BIZ-1040,3,2,2025-10-20,399000.0,38,10500.0,Cash,Delivered
ORD-353063,BIZ-1028,4,4,2025-10-20,110000.0,11,10000.0,POS,Pending
ORD-401599,BIZ-1024,2,5,2025-10-18,264600.0,27,9800.0,Cash,Cancelled
ORD-178701,BIZ-1003,2,4,2025-10-15,336000.0,32,10500.0,POS,Cancelled
ORD-132415,BIZ-1053,2,2,2025-10-13,315000.0,30,10000.0,Cash,Delivered
ORD-688971,BIZ-1002,1,4,2025-10-13,171000.0,18,9500.0,POS,Pending
ORD-914793,BIZ-1031,4,2,2025-10-03,28500.0,3,9500.0,Bank Transfer,Pending
ORD-772556,BIZ-1011,4,2,2025-10-05,39200.0,4,9800.0,Bank Transfer,Cancelled
ORD-390863,BIZ-1054,4,1,2025-10-02,231000.0,22,10000.0,Cash,Delivered
ORD-587070,BIZ-1026,4,2,2025-10-12,313600.0,32,9800.0,POS,Delivered
ORD-458070,BIZ-1006,4,3,2025-10-20,190000.0,19,10000.0,Cash,Delivered
ORD-661293,BIZ-1004,2,1,2025-10-10,343000.0,35,10000.0,POS,Delivered
ORD-423110,BIZ-1050,4,2,2025-10-19,50000.0,5,10000.0,POS,Delivered
ORD-636283,BIZ-1056,1,2,2025-10-26,107800.0,11,9800.0,Bank Transfer,Cancelled
ORD-894210,BIZ-1035,2,2,2025-10-15,58800.0,6,9800.0,POS,Delivered
ORD-821893,BIZ-1035,3,3,2025-10-27,140000.0,14,10000.0,Bank Transfer,Pending
ORD-687399,BIZ-1021,3,4,2025-10-18,20000.0,2,10000.0,Cash,Pending
ORD-734603,BIZ-1045,2,5,2025-10-28,49000.0,5,9800.0,Bank Transfer,Delivered
ORD-923987,BIZ-1028,2,5,2025-10-18,372400.0,38,9800.0,Cash,Pending
ORD-592126,BIZ-1057,1,5,2025-10-18,19600.0,2,9800.0,Bank Transfer,Pending
ORD-825010,BIZ-1012,1,2,2025-10-11,264600.0,27,9800.0,POS,Pending
ORD-459042,BIZ-1055,2,2,2025-10-15,171000.0,18,9500.0,Cash,Cancelled
ORD-746307,BIZ-1046,4,5,2025-10-16,147000.0,15,9800.0,POS,Delivered
ORD-363814,BIZ-1002,2,2,2025-10-19,380000.0,40,9500.0,Bank Transfer,Cancelled
ORD-384427,BIZ-1001,4,5,2025-10-19,180000.0,18,10000.0,POS,Pending
ORD-723309,BIZ-1009,2,3,2025-10-27,39200.0,4,9800.0,Bank Transfer,Delivered
ORD-428258,BIZ-1015,3,4,2025-10-16,117600.0,12,9800.0,Cash,Delivered
ORD-439910,BIZ-1009,3,3,2025-10-28,378000.0,36,10500.0,POS,Pending
ORD-693509,BIZ-1043,4,3,2025-10-28,330000.0,33,10000.0,Cash,Pending
ORD-421228,BIZ-1037,3,5,2025-10-06,225400.0,23,9800.0,POS,Delivered
ORD-451271,BIZ-1038,2,4,2025-10-06,252000.0,24,10500.0,POS,Cancelled
ORD-531530,BIZ-1020,1,3,2025-10-16,245000.0,25,9800.0,POS,Delivered
ORD-726797,BIZ-1030,1,5,2025-10-09,120000.0,12,10000.0,POS,Cancelled
ORD-791128,BIZ-1046,3,4,2025-10-13,161500.0,17,9500.0,Cash,Pending
ORD-742833,BIZ-1049,2,1,2025-10-06,264600.0,27,10000.0,Bank Transfer,Pending
ORD-246043,BIZ-1004,4,4,2025-10-27,283500.0,27,10500.0,POS,Cancelled
ORD-821768,BIZ-1006,2,3,2025-10-25,161500.0,17,9500.0,Cash,Pending
ORD-820480,BIZ-1034,1,3,2025-10-09,29400.0,3,9800.0,Cash,Delivered
ORD-847237,BIZ-1041,1,2,2025-10-21,190000.0,19,10000.0,Bank Transfer,Pending
ORD-436742,BIZ-1013,1,2,2025-10-17,210000.0,21,10000.0,Cash,Cancelled
ORD-585166,BIZ-1019,1,5,2025-10-07,50000.0,5,10000.0,Bank Transfer,Cancelled
ORD-281839,BIZ-1015,3,5,2025-10-18,147000.0,14,10500.0,Bank Transfer,Cancelled
ORD-857850,BIZ-1035,3,4,2025-10-04,176400.0,18,9800.0,POS,Delivered
ORD-769615,BIZ-1015,1,4,2025-10-27,231000.0,22,10500.0,POS,Cancelled
ORD-727186,BIZ-1014,3,2,2025-10-08,235200.0,24,9800.0,Bank Transfer,Pending
ORD-970726,BIZ-1035,2,3,2025-10-24,115500.0,11,10500.0,Cash,Pending
ORD-778929,BIZ-1028,3,3,2025-10-11,378000.0,36,10500.0,Cash,Cancelled
ORD-493214,BIZ-1016,2,2,2025-10-25,250000.0,25,10000.0,POS,Pending
ORD-607870,BIZ-1030,4,4,2025-10-08,142500.0,15,9500.0,Cash,Cancelled
ORD-695789,BIZ-1017,3,4,2025-10-22,57000.0,6,9500.0,Bank Transfer,Delivered
ORD-457983,BIZ-1053,3,5,2025-10-14,190000.0,19,10000.0,Cash,Cancelled
ORD-735420,BIZ-1044,3,4,2025-10-05,196000.0,20,9800.0,POS,Cancelled
ORD-230473,BIZ-1023,3,4,2025-10-03,310000.0,31,10000.0,Cash,Pending
ORD-952612,BIZ-1054,3,4,2025-10-29,361000.0,38,9500.0,Cash,Delivered
ORD-512175,BIZ-1027,2,2,2025-10-17,123500.0,13,9500.0,Bank Transfer,Pending
ORD-298105,BIZ-1023,3,3,2025-10-01,362600.0,37,9800.0,Cash,Delivered
ORD-367188,BIZ-1054,1,4,2025-10-25,161500.0,17,9500.0,Bank Transfer,Pending
ORD-576851,BIZ-1004,1,4,2025-10-28,30000.0,3,10000.0,Bank Transfer,Pending
ORD-677392,BIZ-1025,1,4,2025-10-29,228000.0,24,9500.0,Cash,Cancelled
ORD-390551,BIZ-1061,2,4,2025-10-18,357000.0,34,10500.0,Cash,Pending
ORD-540919,BIZ-1048,4,5,2025-10-16,10500.0,1,10500.0,POS,Delivered
ORD-153470,BIZ-1040,2,2,2025-10-06,171000.0,18,9500.0,Cash,Delivered
ORD-758623,BIZ-1020,3,1,2025-10-30,231000.0,22,10500.0,Bank Transfer,Pending
ORD-724187,BIZ-1015,4,4,2025-10-30,94500.0,9,10500.0,POS,Delivered
ORD-558408,BIZ-1059,1,3,2025-10-04,50000.0,5,10000.0,Bank Transfer,Delivered
ORD-225246,BIZ-1004,3,4,2025-10-12,209000.0,22,9500.0,POS,Pending
ORD-228887,BIZ-1003,3,5,2025-10-05,126000.0,12,10500.0,Bank Transfer,Pending
ORD-940223,BIZ-1028,2,4,2025-10-11,392000.0,40,9800.0,Bank Transfer,Pending
ORD-143027,BIZ-1059,2,4,2025-10-30,73500.0,7,10500.0,POS,Pending
ORD-390828,BIZ-1027,2,5,2025-10-26,313600.0,32,9800.0,Bank Transfer,Delivered
ORD-661221,BIZ-1040,1,3,2025-10-04,31500.0,3,10500.0,Bank Transfer,Delivered
ORD-921947,BIZ-1017,4,2,2025-10-09,95000.0,10,9500.0,Cash,Cancelled
ORD-879116,BIZ-1005,2,2,2025-10-03,30000.0,3,10000.0,Cash,Delivered
ORD-314845,BIZ-1050,3,3,2025-10-21,378000.0,36,10500.0,POS,Cancelled
ORD-792371,BIZ-1027,1,1,2025-10-02,90000.0,9,10000.0,Cash,Delivered
ORD-110334,BIZ-1006,1,4,2025-10-17,66500.0,7,9500.0,POS,Delivered
ORD-754688,BIZ-1009,3,4,2025-10-04,171000.0,18,9500.0,Bank Transfer,Cancelled
ORD-397992,BIZ-1054,3,2,2025-10-22,420000.0,40,10500.0,POS,Cancelled
ORD-341684,BIZ-1009,2,4,2025-10-13,126000.0,12,10500.0,Cash,Cancelled
ORD-732984,BIZ-1056,1,5,2025-10-07,380000.0,38,10000.0,Cash,Cancelled
ORD-379692,BIZ-1050,2,4,2025-10-18,130000.0,13,10000.0,Bank Transfer,Pending
ORD-470725,BIZ-1058,1,3,2025-10-28,280000.0,28,10000.0,Bank Transfer,Cancelled
ORD-259072,BIZ-1036,4,5,2025-10-26,294000.0,28,10500.0,POS,Delivered
ORD-712494,BIZ-1027,2,4,2025-10-01,57000.0,6,9500.0,Bank Transfer,Cancelled
ORD-330552,BIZ-1061,1,5,2025-10-10,94500.0,9,10500.0,Bank Transfer,Delivered
ORD-965200,BIZ-1040,4,3,2025-10-06,294000.0,28,10500.0,POS,Cancelled
ORD-668025,BIZ-1060,4,3,2025-10-12,157500.0,15,10500.0,POS,Delivered
ORD-268187,BIZ-1015,3,2,2025-10-19,10500.0,1,10500.0,Cash,Delivered
ORD-876424,BIZ-1015,2,1,2025-10-03,323400.0,33,10000.0,POS,Cancelled
ORD-382831,BIZ-1012,3,5,2025-10-19,147000.0,15,9800.0,Cash,Cancelled
ORD-230614,BIZ-1004,1,2,2025-10-25,114000.0,12,9500.0,Cash,Pending
ORD-986447,BIZ-1032,1,4,2025-10-03,63000.0,6,10500.0,Bank Transfer,Pending
ORD-353781,BIZ-1007,3,2,2025-10-13,100000.0,10,10000.0,Cash,Cancelled
ORD-273688,BIZ-1031,4,3,2025-10-14,247000.0,26,9500.0,Bank Transfer,Delivered
ORD-331044,BIZ-1023,3,2,2025-10-27,20000.0,2,10000.0,POS,Delivered
ORD-103322,BIZ-1009,4,3,2025-10-09,362600.0,37,9800.0,Cash,Delivered
ORD-423479,BIZ-1018,4,2,2025-10-08,256500.0,27,9500.0,Bank Transfer,Delivered
ORD-728848,BIZ-1021,3,3,2025-10-14,380000.0,38,10000.0,Cash,Cancelled
ORD-567838,BIZ-1004,4,4,2025-10-26,273000.0,26,10500.0,POS,Pending
ORD-205242,BIZ-1036,3,4,2025-10-07,218500.0,23,9500.0,Cash,Delivered
ORD-528379,BIZ-1011,1,4,2025-10-26,370500.0,39,9500.0,Cash,Cancelled
ORD-564023,BIZ-1005,2,4,2025-10-22,392000.0,40,9800.0,POS,Cancelled
ORD-503151,BIZ-1032,2,5,2025-10-05,361000.0,38,9500.0,Cash,Pending
ORD-887159,BIZ-1030,2,4,2025-10-26,190000.0,20,9500.0,Bank Transfer,Pending
ORD-667557,BIZ-1036,3,3,2025-10-12,147000.0,14,10500.0,Bank Transfer,Pending
ORD-315093,BIZ-1046,3,3,2025-10-23,9800.0,1,9800.0,Cash,Delivered
ORD-615395,BIZ-1036,3,5,2025-10-27,361000.0,38,9500.0,POS,Cancelled
ORD-649386,BIZ-1005,4,5,2025-10-14,147000.0,14,10000.0,POS,Delivered
ORD-623273,BIZ-1021,3,3,2025-10-11,156800.0,16,9800.0,Cash,Pending
ORD-506743,BIZ-1042,3,3,2025-10-16,351500.0,37,9500.0,Cash,Pending
ORD-736017,BIZ-1004,3,4,2025-10-26,220000.0,22,10000.0,Cash,Delivered
ORD-251535,BIZ-1061,1,4,2025-10-07,320000.0,32,10000.0,Cash,Pending
ORD-730145,BIZ-1003,1,5,2025-10-22,225400.0,23,9800.0,Bank Transfer,Cancelled
ORD-816469,BIZ-1000,4,4,2025-10-26,343000.0,35,9800.0,Bank Transfer,Cancelled
ORD-926351,BIZ-1042,4,3,2025-10-12,39200.0,4,9800.0,Cash,Cancelled
ORD-328514,BIZ-1059,2,3,2025-10-13,294000.0,28,10500.0,Cash,Pending
ORD-524780,BIZ-1020,3,5,2025-10-10,140000.0,14,10000.0,Bank Transfer,Pending
ORD-849662,BIZ-1011,1,2,2025-10-09,320000.0,32,10000.0,Cash,Delivered
ORD-342111,BIZ-1027,1,4,2025-10-09,323000.0,34,9500.0,Cash,Cancelled
ORD-592529,BIZ-1020,1,3,2025-10-12,28500.0,3,9500.0,POS,Delivered
ORD-819839,BIZ-1032,3,2,2025-10-29,9500.0,1,9500.0,POS,Delivered
ORD-355928,BIZ-1038,1,5,2025-10-29,9800.0,1,9800.0,Bank Transfer,Pending
ORD-167837,BIZ-1000,4,5,2025-10-20,9500.0,1,9500.0,Cash,Cancelled
ORD-938966,BIZ-1023,3,3,2025-10-14,340000.0,34,10000.0,Cash,Delivered
ORD-699425,BIZ-1016,4,3,2025-10-01,351500.0,37,9500.0,Cash,Pending
ORD-499476,BIZ-1056,2,2,2025-10-11,171000.0,18,9500.0,POS,Pending
ORD-557485,BIZ-1041,4,2,2025-10-01,247000.0,26,9500.0,Bank Transfer,Cancelled
ORD-544740,BIZ-1015,4,2,2025-10-22,115500.0,11,10000.0,Cash,Delivered
ORD-367309,BIZ-1037,2,4,2025-10-03,20000.0,2,10000.0,Bank Transfer,Cancelled
ORD-382194,BIZ-1024,1,5,2025-10-11,237500.0,25,9500.0,Cash,Pending
ORD-372482,BIZ-1060,3,5,2025-10-11,215600.0,22,9800.0,Cash,Cancelled
ORD-276728,BIZ-1042,2,2,2025-10-15,346500.0,33,10500.0,Bank Transfer,Cancelled
ORD-713935,BIZ-1011,2,5,2025-10-07,399000.0,38,10500.0,Bank Transfer,Cancelled
ORD-728207,BIZ-1022,1,1,2025-10-20,47500.0,5,9500.0,POS,Pending
ORD-305219,BIZ-1040,4,4,2025-10-16,378000.0,36,10500.0,POS,Pending
ORD-499973,BIZ-1026,1,2,2025-10-26,200000.0,20,10000.0,POS,Cancelled
ORD-897662,BIZ-1029,4,4,2025-10-11,284200.0,29,9800.0,POS,Delivered
ORD-841452,BIZ-1032,4,5,2025-10-07,330000.0,33,10000.0,Bank Transfer,Cancelled
ORD-196864,BIZ-1009,4,3,2025-10-28,300000.0,30,10000.0,Bank Transfer,Delivered
ORD-679678,BIZ-1003,2,2,2025-10-19,333200.0,34,9800.0,POS,Cancelled
ORD-183105,BIZ-1055,1,5,2025-10-02,19000.0,2,10000.0,POS,Delivered
ORD-367539,BIZ-1011,1,2,2025-10-16,320000.0,32,10000.0,Cash,Pending
ORD-407393,BIZ-1057,3,2,2025-10-14,60000.0,6,10000.0,Bank Transfer,Pending
ORD-557067,BIZ-1026,3,3,2025-10-05,336000.0,32,10500.0,Bank Transfer,Delivered
ORD-295056,BIZ-1023,4,5,2025-10-09,21000.0,2,10500.0,POS,Cancelled
ORD-426734,BIZ-1018,2,2,2025-10-07,284200.0,29,9800.0,POS,Pending
ORD-170022,BIZ-1053,1,2,2025-10-05,270000.0,27,10000.0,POS,Pending
ORD-196753,BIZ-1025,2,5,2025-10-07,161500.0,17,9500.0,POS,Pending
ORD-700424,BIZ-1031,4,2,2025-10-19,19600.0,2,9800.0,POS,Delivered
ORD-922359,BIZ-1024,4,4,2025-10-20,178500.0,17,10500.0,POS,Delivered
ORD-877094,BIZ-1001,4,4,2025-10-27,170000.0,17,10000.0,Bank Transfer,Cancelled
ORD-674555,BIZ-1028,1,2,2025-10-06,260000.0,26,10000.0,POS,Cancelled
ORD-543824,BIZ-1041,2,2,2025-10-15,142500.0,15,9500.0,Bank Transfer,Pending
ORD-347721,BIZ-1044,3,4,2025-10-27,21000.0,2,10500.0,Cash,Cancelled
ORD-304876,BIZ-1053,4,4,2025-10-01,357000.0,34,10500.0,Bank Transfer,Pending
ORD-180790,BIZ-1036,1,5,2025-10-19,39200.0,4,9800.0,Cash,Delivered
ORD-206441,BIZ-1025,2,5,2025-10-03,117600.0,12,9800.0,Cash,Delivered
ORD-921185,BIZ-1043,1,3,2025-10-09,323400.0,33,9800.0,POS,Cancelled
ORD-230167,BIZ-1055,4,5,2025-10-06,70000.0,7,10000.0,Bank Transfer,Pending
ORD-680322,BIZ-1013,2,2,2025-10-24,21000.0,2,10500.0,POS,Delivered
ORD-858339,BIZ-1036,2,4,2025-10-23,29400.0,3,9800.0,POS,Cancelled
ORD-659580,BIZ-1012,4,3,2025-10-06,42000.0,4,10500.0,Cash,Pending
ORD-357579,BIZ-1023,3,5,2025-10-28,209000.0,22,9500.0,Bank Transfer,Cancelled
ORD-441288,BIZ-1021,4,4,2025-10-24,220500.0,21,10500.0,POS,Delivered
ORD-903575,BIZ-1061,1,2,2025-10-26,273000.0,26,10500.0,Cash,Delivered
ORD-952812,BIZ-1012,2,3,2025-10-09,176400.0,18,9800.0,Cash,Delivered
ORD-629016,BIZ-1061,4,2,2025-10-01,218500.0,23,9500.0,Bank Transfer,Cancelled
ORD-512935,BIZ-1040,4,4,2025-10-27,220500.0,21,10500.0,POS,Pending
ORD-150692,BIZ-1012,2,2,2025-10-05,323400.0,33,9800.0,Cash,Pending
ORD-987658,BIZ-1031,3,3,2025-10-15,350000.0,35,10000.0,POS,Delivered
ORD-738550,BIZ-1036,4,3,2025-10-04,290000.0,29,10000.0,Bank Transfer,Delivered
ORD-701740,BIZ-1049,2,3,2025-10-26,237500.0,25,9500.0,Bank Transfer,Delivered
ORD-584867,BIZ-1026,3,3,2025-10-24,320000.0,32,10000.0,Cash,Delivered
ORD-283652,BIZ-1034,1,5,2025-10-08,38000.0,4,9500.0,Cash,Cancelled
ORD-848085,BIZ-1009,2,3,2025-10-22,323400.0,33,9800.0,Bank Transfer,Pending
ORD-771231,BIZ-1016,4,3,2025-10-08,333200.0,34,9800.0,Cash,Pending
ORD-144327,BIZ-1050,3,2,2025-10-19,220000.0,22,10000.0,Bank Transfer,Pending
ORD-495758,BIZ-1047,2,5,2025-10-03,294500.0,31,9500.0,Bank Transfer,Delivered
ORD-401153,BIZ-1025,3,2,2025-10-05,290000.0,29,10000.0,POS,Cancelled
ORD-937642,BIZ-1005,2,3,2025-10-14,115500.0,11,10500.0,Cash,Delivered
ORD-890897,BIZ-1041,4,3,2025-10-15,362600.0,37,9800.0,Cash,Pending
ORD-667771,BIZ-1038,2,5,2025-10-12,126000.0,12,10500.0,Cash,Cancelled
ORD-650555,BIZ-1016,1,5,2025-10-22,161500.0,17,9500.0,POS,Cancelled
ORD-778799,BIZ-1026,4,5,2025-10-14,323400.0,33,9800.0,POS,Pending
ORD-471128,BIZ-1061,4,5,2025-10-29,215600.0,22,9800.0,POS,Delivered
ORD-705523,BIZ-1037,2,3,2025-10-24,114000.0,12,9500.0,Bank Transfer,Pending
ORD-885743,BIZ-1049,4,3,2025-10-22,170000.0,17,10000.0,Cash,Cancelled
ORD-363643,BIZ-1035,3,3,2025-10-13,123500.0,13,9500.0,Cash,Cancelled
ORD-527481,BIZ-1014,4,4,2025-10-16,382200.0,39,9800.0,Cash,Delivered
ORD-999601,BIZ-1009,1,3,2025-10-06,330000.0,33,10000.0,Bank Transfer,Pending
ORD-943934,BIZ-1025,2,5,2025-10-15,333200.0,34,9800.0,Bank Transfer,Delivered
ORD-176983,BIZ-1030,1,5,2025-10-02,94500.0,9,10500.0,Cash,Pending
ORD-485353,BIZ-1043,3,2,2025-10-18,120000.0,12,10000.0,POS,Pending
ORD-221148,BIZ-1043,2,3,2025-10-26,332500.0,35,9500.0,POS,Cancelled
ORD-532446,BIZ-1033,4,3,2025-10-19,237500.0,25,9500.0,Bank Transfer,Pending
ORD-414067,BIZ-1047,1,5,2025-10-12,126000.0,12,10500.0,Cash,Pending
ORD-429824,BIZ-1054,2,3,2025-10-12,66500.0,7,9500.0,POS,Pending
ORD-886758,BIZ-1039,3,1,2025-10-15,136500.0,13,10500.0,Cash,Delivered
ORD-556694,BIZ-1048,3,3,2025-10-01,254800.0,26,9800.0,Bank Transfer,Pending
ORD-886796,BIZ-1053,1,3,2025-10-24,294500.0,31,9500.0,Bank Transfer,Delivered
ORD-719110,BIZ-1033,1,4,2025-10-05,180500.0,19,9500.0,POS,Cancelled
ORD-885619,BIZ-1003,4,3,2025-10-24,84000.0,8,10500.0,POS,Delivered
ORD-932318,BIZ-1058,2,3,2025-10-05,274400.0,28,9800.0,POS,Cancelled
ORD-356368,BIZ-1053,4,3,2025-10-10,367500.0,35,10500.0,Bank Transfer,Cancelled
ORD-338101,BIZ-1047,1,5,2025-10-05,49000.0,5,9800.0,Cash,Cancelled
ORD-365205,BIZ-1021,2,3,2025-10-28,117600.0,12,9800.0,Cash,Cancelled
ORD-589002,BIZ-1005,4,4,2025-10-15,378000.0,36,10500.0,POS,Pending
ORD-489616,BIZ-1025,4,4,2025-10-22,73500.0,7,10500.0,POS,Pending
ORD-585804,BIZ-1024,4,2,2025-10-27,340000.0,34,10000.0,Cash,Pending
ORD-153840,BIZ-1003,1,2,2025-10-04,350000.0,35,10000.0,Cash,Delivered
ORD-252607,BIZ-1048,3,2,2025-10-08,370500.0,39,9500.0,Cash,Delivered
ORD-206204,BIZ-1050,1,1,2025-10-27,157500.0,15,10500.0,Cash,Pending
ORD-155699,BIZ-1010,4,4,2025-10-09,90000.0,9,10000.0,Bank Transfer,Pending
ORD-505334,BIZ-1060,1,4,2025-10-11,205800.0,21,9800.0,POS,Delivered
ORD-554434,BIZ-1055,3,3,2025-10-27,370000.0,37,10000.0,Bank Transfer,Cancelled
ORD-408230,BIZ-1021,3,3,2025-10-03,10500.0,1,10500.0,Cash,Pending
ORD-637459,BIZ-1036,3,2,2025-10-11,274400.0,28,9800.0,Bank Transfer,Pending
ORD-142492,BIZ-1003,1,2,2025-10-17,200000.0,20,10000.0,Bank Transfer,Pending
ORD-988326,BIZ-1030,2,5,2025-10-29,186200.0,19,9800.0,Bank Transfer,Delivered
ORD-469604,BIZ-1006,1,2,2025-10-15,235200.0,24,9800.0,POS,Delivered
ORD-425416,BIZ-1037,1,1,2025-10-10,28500.0,3,9500.0,Cash,Cancelled
ORD-111593,BIZ-1044,2,4,2025-10-28,273000.0,26,10500.0,Cash,Cancelled
ORD-253028,BIZ-1020,4,3,2025-10-30,380000.0,38,10000.0,Bank Transfer,Delivered
ORD-688869,BIZ-1033,3,5,2025-10-23,73500.0,7,10500.0,Cash,Cancelled
ORD-125882,BIZ-1050,1,2,2025-10-09,90000.0,9,10000.0,Bank Transfer,Delivered
ORD-761310,BIZ-1051,2,5,2025-10-16,176400.0,18,9800.0,Cash,Pending
ORD-125312,BIZ-1024,4,2,2025-10-16,136500.0,13,10500.0,Cash,Cancelled
ORD-450267,BIZ-1029,4,5,2025-10-14,274400.0,28,9800.0,POS,Pending
ORD-582650,BIZ-1059,3,3,2025-10-24,190000.0,20,9500.0,Bank Transfer,Delivered
ORD-442406,BIZ-1003,1,2,2025-10-11,283500.0,27,10500.0,POS,Delivered
ORD-153389,BIZ-1047,2,2,2025-10-09,237500.0,25,9500.0,POS,Pending
ORD-714068,BIZ-1024,3,4,2025-10-25,98000.0,10,9800.0,POS,Delivered
ORD-559693,BIZ-1015,2,2,2025-10-04,189000.0,18,10500.0,POS,Cancelled
ORD-554461,BIZ-1031,4,3,2025-10-23,209000.0,22,9500.0,POS,Delivered
ORD-137912,BIZ-1058,4,1,2025-10-23,39200.0,4,9800.0,Bank Transfer,Delivered
ORD-674608,BIZ-1019,1,2,2025-10-20,85500.0,9,9500.0,POS,Cancelled
ORD-693861,BIZ-1040,3,4,2025-10-22,392000.0,40,9800.0,Cash,Delivered
ORD-260778,BIZ-1056,2,3,2025-10-16,240000.0,24,10000.0,Cash,Delivered
ORD-496283,BIZ-1033,4,4,2025-10-28,266000.0,28,9500.0,Bank Transfer,Delivered
ORD-848967,BIZ-1015,3,5,2025-10-10,190000.0,20,9500.0,POS,Cancelled
ORD-857641,BIZ-1040,3,4,2025-10-14,189000.0,18,10500.0,POS,Delivered
ORD-250944,BIZ-1013,1,1,2025-10-20,80000.0,8,10000.0,Cash,Delivered
ORD-305871,BIZ-1036,2,2,2025-10-05,241500.0,23,10500.0,Bank Transfer,Delivered
ORD-502537,BIZ-1029,2,5,2025-10-03,66500.0,7,9500.0,POS,Pending
ORD-330935,BIZ-1049,3,3,2025-10-09,392000.0,40,9800.0,POS,Cancelled
ORD-417624,BIZ-1059,3,4,2025-10-02,73500.0,7,10500.0,Bank Transfer,Pending
ORD-239399,BIZ-1061,4,3,2025-10-01,180500.0,19,9500.0,Cash,Cancelled
ORD-696948,BIZ-1016,3,5,2025-10-06,362600.0,37,9800.0,POS,Pending
ORD-938306,BIZ-1002,4,4,2025-10-06,343000.0,35,9800.0,POS,Delivered
ORD-259012,BIZ-1025,3,1,2025-10-25,52500.0,5,10500.0,Bank Transfer,Pending
ORD-695787,BIZ-1009,3,3,2025-10-13,147000.0,14,10500.0,Cash,Delivered
ORD-320846,BIZ-1053,2,2,2025-10-08,390000.0,39,10000.0,POS,Pending
ORD-169445,BIZ-1012,1,2,2025-10-01,409500.0,39,10500.0,Bank Transfer,Delivered
ORD-139280,BIZ-1040,3,4,2025-10-05,399000.0,38,10500.0,Cash,Delivered
ORD-606110,BIZ-1035,3,5,2025-10-08,215600.0,22,9800.0,Bank Transfer,Delivered
ORD-329737,BIZ-1009,1,5,2025-10-24,241500.0,23,10500.0,POS,Cancelled
ORD-273648,BIZ-1005,2,3,2025-10-15,332500.0,35,9500.0,Bank Transfer,Pending
ORD-617453,BIZ-1017,2,5,2025-10-28,270000.0,27,10000.0,Cash,Delivered
ORD-801934,BIZ-1006,1,5,2025-10-04,254800.0,26,9800.0,Bank Transfer,Pending
ORD-459385,BIZ-1013,3,4,2025-10-14,290000.0,29,10000.0,POS,Cancelled
ORD-490192,BIZ-1056,1,4,2025-10-19,140000.0,14,10000.0,POS,Delivered
ORD-370620,BIZ-1060,4,3,2025-10-26,152000.0,16,9500.0,Cash,Pending
ORD-674541,BIZ-1025,1,4,2025-10-18,20000.0,2,10000.0,POS,Pending
ORD-953939,BIZ-1020,3,5,2025-10-27,346500.0,33,10500.0,POS,Delivered
ORD-762201,BIZ-1056,1,4,2025-10-23,390000.0,39,10000.0,Bank Transfer,Cancelled
ORD-652294,BIZ-1061,2,1,2025-10-20,333200.0,34,9800.0,Cash,Cancelled
ORD-815084,BIZ-1029,1,3,2025-10-05,123500.0,13,9500.0,Bank Transfer,Delivered
ORD-718428,BIZ-1005,1,4,2025-10-26,304500.0,29,10500.0,Bank Transfer,Delivered
ORD-392515,BIZ-1055,2,5,2025-10-16,252000.0,24,10500.0,Bank Transfer,Cancelled
ORD-916102,BIZ-1046,2,3,2025-10-25,42000.0,4,10500.0,POS,Delivered
ORD-337186,BIZ-1005,3,5,2025-10-27,130000.0,13,10000.0,POS,Cancelled
ORD-554949,BIZ-1020,3,5,2025-10-25,80000.0,8,10000.0,Bank Transfer,Cancelled
ORD-444094,BIZ-1022,1,3,2025-10-15,47500.0,5,9500.0,Bank Transfer,Pending
ORD-415169,BIZ-1014,3,1,2025-10-29,28500.0,3,9500.0,POS,Pending
ORD-859459,BIZ-1047,1,2,2025-10-15,190000.0,20,9500.0,POS,Pending
ORD-153777,BIZ-1033,3,5,2025-10-30,313500.0,33,9500.0,POS,Pending
ORD-414931,BIZ-1005,2,2,2025-10-29,110000.0,11,10000.0,POS,Cancelled
ORD-370157,BIZ-1022,2,5,2025-10-25,245000.0,25,9800.0,Cash,Delivered
ORD-255159,BIZ-1033,3,2,2025-10-04,180000.0,18,10000.0,POS,Cancelled
ORD-985510,BIZ-1038,3,4,2025-10-17,388500.0,37,10500.0,Bank Transfer,Cancelled
ORD-360820,BIZ-1039,3,5,2025-10-24,127400.0,13,9800.0,Bank Transfer,Cancelled
ORD-260702,BIZ-1018,4,3,2025-10-14,161500.0,17,9500.0,Bank Transfer,Delivered
ORD-831257,BIZ-1001,1,2,2025-10-28,70000.0,7,10000.0,Cash,Cancelled
ORD-480625,BIZ-1015,2,2,2025-10-17,31500.0,3,10500.0,POS,Pending
ORD-519273,BIZ-1014,3,3,2025-10-13,49000.0,5,9800.0,Cash,Cancelled
ORD-447302,BIZ-1010,3,4,2025-10-13,370000.0,37,10000.0,Bank Transfer,Delivered
ORD-354273,BIZ-1045,1,1,2025-10-09,49000.0,5,9800.0,POS,Delivered
ORD-604547,BIZ-1037,4,3,2025-10-05,84000.0,8,10500.0,Cash,Pending
ORD-795082,BIZ-1007,1,2,2025-10-29,262500.0,25,10500.0,Bank Transfer,Cancelled
ORD-429207,BIZ-1001,2,4,2025-10-02,136500.0,13,10500.0,Cash,Delivered
ORD-159667,BIZ-1029,4,2,2025-10-28,200000.0,20,10000.0,Bank Transfer,Cancelled
ORD-954653,BIZ-1042,2,4,2025-10-14,21000.0,2,10500.0,Cash,Delivered
ORD-534344,BIZ-1048,2,5,2025-10-13,313500.0,33,9500.0,Bank Transfer,Cancelled
ORD-132081,BIZ-1054,3,3,2025-10-15,176400.0,18,9800.0,POS,Delivered
ORD-488371,BIZ-1050,2,3,2025-10-11,254800.0,26,9800.0,Cash,Delivered
ORD-347130,BIZ-1052,4,2,2025-10-04,57000.0,6,9500.0,Cash,Pending
ORD-615753,BIZ-1039,2,4,2025-10-15,76000.0,8,9500.0,Cash,Cancelled
ORD-515597,BIZ-1000,2,5,2025-10-28,285000.0,30,9500.0,Cash,Delivered
ORD-525006,BIZ-1054,2,5,2025-10-18,360000.0,36,10000.0,Bank Transfer,Cancelled
ORD-346532,BIZ-1050,1,1,2025-10-13,280000.0,28,10000.0,Bank Transfer,Delivered
ORD-740231,BIZ-1051,1,2,2025-10-09,73500.0,7,10500.0,POS,Pending
ORD-452438,BIZ-1014,4,2,2025-10-25,100000.0,10,10000.0,POS,Cancelled
ORD-443034,BIZ-1030,3,1,2025-10-05,39200.0,4,9800.0,POS,Delivered
ORD-994643,BIZ-1029,4,5,2025-10-18,294000.0,30,9800.0,Bank Transfer,Cancelled
ORD-186082,BIZ-1058,1,4,2025-10-03,160000.0,16,10000.0,Cash,Cancelled
ORD-873251,BIZ-1007,3,2,2025-10-03,231000.0,22,10500.0,Bank Transfer,Pending
ORD-666619,BIZ-1031,1,1,2025-10-01,252000.0,24,10500.0,Bank Transfer,Delivered
ORD-196799,BIZ-1003,1,5,2025-10-13,133000.0,14,9500.0,Bank Transfer,Delivered
ORD-932138,BIZ-1053,3,4,2025-10-29,19000.0,2,10000.0,Bank Transfer,Delivered
ORD-259265,BIZ-1017,2,1,2025-10-25,199500.0,19,10500.0,Bank Transfer,Delivered
ORD-102188,BIZ-1058,4,3,2025-10-30,186200.0,19,9800.0,POS,Cancelled
ORD-134272,BIZ-1052,2,2,2025-10-15,20000.0,2,10000.0,POS,Delivered
ORD-984557,BIZ-1002,3,2,2025-10-05,325500.0,31,10500.0,Cash,Delivered
ORD-818968,BIZ-1020,4,3,2025-10-12,210000.0,20,10500.0,POS,Cancelled
ORD-833986,BIZ-1017,1,5,2025-10-28,357000.0,34,10500.0,Cash,Cancelled
ORD-699782,BIZ-1046,2,4,2025-10-11,399000.0,38,10500.0,Bank Transfer,Delivered
ORD-273247,BIZ-1011,4,3,2025-10-03,218500.0,23,9500.0,Cash,Cancelled
ORD-446178,BIZ-1055,4,2,2025-10-27,420000.0,40,10500.0,POS,Pending
ORD-711176,BIZ-1052,1,3,2025-10-03,254800.0,26,9800.0,POS,Delivered
ORD-141433,BIZ-1037,3,4,2025-10-03,31500.0,3,10500.0,POS,Pending
ORD-961331,BIZ-1051,3,5,2025-10-19,320000.0,32,10000.0,POS,Delivered
ORD-927895,BIZ-1025,3,4,2025-10-28,85500.0,9,9500.0,Bank Transfer,Pending
ORD-509850,BIZ-1039,1,2,2025-10-06,10000.0,1,10000.0,POS,Pending
ORD-614179,BIZ-1058,1,2,2025-10-25,362600.0,37,9800.0,Bank Transfer,Cancelled
ORD-722193,BIZ-1001,1,2,2025-10-04,60000.0,6,10000.0,Bank Transfer,Pending
ORD-977500,BIZ-1011,4,3,2025-10-09,52500.0,5,10500.0,Cash,Cancelled
ORD-972207,BIZ-1044,4,4,2025-10-16,210000.0,20,10500.0,Cash,Delivered
ORD-245349,BIZ-1044,3,4,2025-10-19,80000.0,8,10000.0,Bank Transfer,Pending
ORD-735612,BIZ-1003,1,2,2025-10-02,336000.0,32,10500.0,POS,Delivered
ORD-265039,BIZ-1005,3,5,2025-10-26,136500.0,13,10500.0,POS,Pending
ORD-833943,BIZ-1002,3,2,2025-10-20,357000.0,34,10500.0,Cash,Pending
ORD-620529,BIZ-1026,4,2,2025-10-16,88200.0,9,9800.0,POS,Pending
ORD-822502,BIZ-1060,4,2,2025-10-19,220000.0,22,10000.0,Cash,Delivered
ORD-512502,BIZ-1015,4,5,2025-10-09,189000.0,18,10000.0,Bank Transfer,Cancelled
ORD-797312,BIZ-1034,4,4,2025-10-26,20000.0,2,10000.0,Bank Transfer,Pending
ORD-595620,BIZ-1057,2,5,2025-10-05,340000.0,34,10000.0,Bank Transfer,Delivered
ORD-476178,BIZ-1021,2,5,2025-10-25,105000.0,10,10500.0,Bank Transfer,Pending
ORD-421282,BIZ-1007,4,2,2025-10-29,196000.0,20,9800.0,Cash,Pending
ORD-839935,BIZ-1026,2,5,2025-10-09,266000.0,28,9500.0,POS,Pending
ORD-538272,BIZ-1049,3,4,2025-10-25,285000.0,30,9500.0,Cash,Delivered
ORD-346546,BIZ-1004,4,3,2025-10-25,333200.0,34,9800.0,POS,Delivered
ORD-988272,BIZ-1009,4,5,2025-10-24,199500.0,19,10500.0,POS,Pending
ORD-442475,BIZ-1061,2,2,2025-10-10,290000.0,29,10000.0,Cash,Delivered
ORD-583694,BIZ-1058,3,5,2025-10-07,152000.0,16,9500.0,Cash,Pending
ORD-262759,BIZ-1040,3,2,2025-10-05,210000.0,21,10000.0,Cash,Pending
ORD-161601,BIZ-1008,4,3,2025-10-02,230000.0,23,10000.0,POS,Delivered
ORD-223436,BIZ-1059,4,3,2025-10-18,285000.0,30,9500.0,POS,Delivered
ORD-570726,BIZ-1037,2,2,2025-10-05,200000.0,20,10000.0,Bank Transfer,Delivered
ORD-857878,BIZ-1043,1,4,2025-10-04,52500.0,5,10500.0,Cash,Delivered
ORD-448890,BIZ-1050,1,5,2025-10-03,105000.0,10,10500.0,POS,Delivered
ORD-707408,BIZ-1003,2,3,2025-10-21,68600.0,7,9800.0,Cash,Cancelled
ORD-604990,BIZ-1019,3,5,2025-10-08,90000.0,9,10000.0,Cash,Pending
ORD-228574,BIZ-1031,3,3,2025-10-14,110000.0,11,10000.0,Cash,Pending
ORD-800731,BIZ-1050,4,5,2025-10-28,350000.0,35,10000.0,Bank Transfer,Cancelled
ORD-678940,BIZ-1052,1,5,2025-10-29,260000.0,26,10000.0,Bank Transfer,Pending
ORD-417242,BIZ-1040,1,2,2025-10-22,196000.0,20,9800.0,Bank Transfer,Delivered
ORD-319961,BIZ-1052,2,4,2025-10-29,85500.0,9,9500.0,Bank Transfer,Pending
ORD-788056,BIZ-1007,3,3,2025-10-27,199500.0,19,10500.0,Bank Transfer,Pending
ORD-264134,BIZ-1042,3,4,2025-10-02,215600.0,22,9800.0,POS,Pending
ORD-461848,BIZ-1047,4,4,2025-10-12,346500.0,33,10500.0,POS,Pending
ORD-132903,BIZ-1039,4,2,2025-10-02,284200.0,29,9800.0,Cash,Delivered
ORD-942664,BIZ-1025,1,4,2025-10-26,39200.0,4,9800.0,POS,Cancelled
ORD-295624,BIZ-1046,1,2,2025-10-08,231000.0,22,10500.0,Bank Transfer,Pending
ORD-586019,BIZ-1058,2,4,2025-10-25,10500.0,1,10000.0,Cash,Cancelled
ORD-516798,BIZ-1015,2,5,2025-10-20,237500.0,25,9500.0,Cash,Cancelled
ORD-439297,BIZ-1023,1,3,2025-10-24,225400.0,23,9800.0,Cash,Cancelled
ORD-955408,BIZ-1050,3,4,2025-10-14,161500.0,17,9500.0,Bank Transfer,Cancelled
ORD-841746,BIZ-1033,4,3,2025-10-10,104500.0,11,9500.0,Cash,Cancelled
ORD-430079,BIZ-1026,3,3,2025-10-13,30000.0,3,10000.0,Bank Transfer,Delivered
ORD-888019,BIZ-1034,2,4,2025-10-29,114000.0,12,9500.0,POS,Pending
ORD-833851,BIZ-1052,4,3,2025-10-17,199500.0,21,9500.0,POS,Delivered
ORD-921251,BIZ-1020,3,5,2025-10-06,388500.0,37,10500.0,POS,Pending
ORD-362773,BIZ-1022,3,5,2025-10-05,225400.0,23,9800.0,POS,Delivered
ORD-610545,BIZ-1019,1,4,2025-10-13,176400.0,18,9800.0,Cash,Delivered
ORD-450807,BIZ-1004,3,4,2025-10-27,186200.0,19,9800.0,Cash,Pending
ORD-247158,BIZ-1052,1,3,2025-10-05,107800.0,11,9800.0,Cash,Cancelled
ORD-733257,BIZ-1027,1,3,2025-10-08,390000.0,39,10000.0,Cash,Pending
ORD-391359,BIZ-1030,3,4,2025-10-15,115500.0,11,10500.0,Cash,Pending
ORD-855797,BIZ-1060,1,4,2025-10-28,325500.0,31,10500.0,Bank Transfer,Delivered
ORD-140316,BIZ-1051,3,5,2025-10-06,49000.0,5,9800.0,Bank Transfer,Cancelled
ORD-762215,BIZ-1031,1,2,2025-10-24,372400.0,38,9800.0,Cash,Delivered
ORD-459622,BIZ-1039,4,3,2025-10-11,98000.0,10,9800.0,Cash,Delivered
ORD-491143,BIZ-1056,3,3,2025-10-25,180000.0,18,10000.0,POS,Delivered
ORD-209678,BIZ-1054,2,3,2025-10-11,120000.0,12,10000.0,POS,Pending
ORD-964366,BIZ-1018,2,4,2025-10-15,256500.0,27,9500.0,POS,Delivered
ORD-311511,BIZ-1055,4,1,2025-10-30,256500.0,27,10000.0,Cash,Cancelled
ORD-448670,BIZ-1022,4,2,2025-10-07,196000.0,20,9800.0,Bank Transfer,Cancelled
ORD-999441,BIZ-1032,3,2,2025-10-21,399000.0,38,10500.0,Bank Transfer,Pending
ORD-629511,BIZ-1050,4,4,2025-10-23,237500.0,25,9500.0,Cash,Pending
ORD-509668,BIZ-1046,3,2,2025-10-09,237500.0,25,10000.0,POS,Pending
ORD-719171,BIZ-1009,2,4,2025-10-27,240000.0,24,10000.0,POS,Cancelled
ORD-741963,BIZ-1007,1,3,2025-10-19,30000.0,3,10000.0,Cash,Delivered
ORD-907101,BIZ-1003,4,4,2025-10-06,115500.0,11,10500.0,Cash,Delivered
ORD-939153,BIZ-1021,4,2,2025-10-29,140000.0,14,10000.0,Bank Transfer,Pending
ORD-854038,BIZ-1030,4,5,2025-10-02,120000.0,12,10000.0,Cash,Pending
ORD-404289,BIZ-1008,2,4,2025-10-18,10000.0,1,10000.0,Bank Transfer,Cancelled
ORD-892486,BIZ-1002,4,5,2025-10-17,361000.0,38,9500.0,Cash,Cancelled
ORD-398304,BIZ-1023,1,3,2025-10-14,156800.0,16,9800.0,Cash,Cancelled
ORD-527123,BIZ-1040,3,3,2025-10-10,47500.0,5,9500.0,POS,Pending
ORD-930302,BIZ-1014,2,2,2025-10-18,78400.0,8,9800.0,POS,Pending
ORD-969849,BIZ-1054,4,5,2025-10-02,114000.0,12,9500.0,Bank Transfer,Delivered
ORD-586060,BIZ-1037,2,2,2025-10-27,88200.0,9,9800.0,POS,Pending
ORD-738331,BIZ-1060,2,3,2025-10-28,52500.0,5,10500.0,Cash,Delivered
ORD-430489,BIZ-1037,2,3,2025-10-18,336000.0,32,10500.0,Bank Transfer,Delivered
ORD-333727,BIZ-1039,1,3,2025-10-26,170000.0,17,10000.0,Cash,Delivered
ORD-414869,BIZ-1042,1,5,2025-10-14,313600.0,32,9800.0,Bank Transfer,Cancelled
ORD-993559,BIZ-1014,4,2,2025-10-27,127400.0,13,9800.0,Cash,Cancelled
ORD-340619,BIZ-1039,1,3,2025-10-02,80000.0,8,10000.0,Cash,Cancelled
ORD-707716,BIZ-1029,3,4,2025-10-21,273000.0,26,10500.0,Cash,Cancelled
ORD-378256,BIZ-1005,2,2,2025-10-08,252000.0,24,10500.0,Bank Transfer,Delivered
ORD-340355,BIZ-1028,1,3,2025-10-01,39200.0,4,9800.0,Cash,Delivered
ORD-961412,BIZ-1005,4,4,2025-10-02,392000.0,40,9800.0,Cash,Pending
ORD-516263,BIZ-1008,3,2,2025-10-14,9800.0,1,9800.0,Bank Transfer,Pending
ORD-150083,BIZ-1047,1,4,2025-10-01,60000.0,6,10000.0,Bank Transfer,Pending
ORD-941368,BIZ-1009,1,3,2025-10-29,199500.0,19,10500.0,POS,Delivered
ORD-661258,BIZ-1057,1,3,2025-10-25,372400.0,38,9800.0,POS,Cancelled
ORD-673094,BIZ-1003,2,5,2025-10-25,330000.0,33,10000.0,Bank Transfer,Pending
ORD-117137,BIZ-1056,1,2,2025-10-29,264600.0,27,9800.0,Cash,Cancelled
ORD-868344,BIZ-1052,1,5,2025-10-16,362600.0,37,9800.0,Bank Transfer,Cancelled
ORD-771109,BIZ-1005,3,5,2025-10-24,303800.0,31,9800.0,POS,Cancelled
ORD-906250,BIZ-1059,3,4,2025-10-24,73500.0,7,10500.0,POS,Cancelled
ORD-153682,BIZ-1015,2,4,2025-10-19,19000.0,2,9500.0,POS,Delivered
ORD-708358,BIZ-1042,1,3,2025-10-15,157500.0,15,10000.0,Bank Transfer,Pending
ORD-793411,BIZ-1019,1,2,2025-10-07,200000.0,20,10000.0,Cash,Pending
ORD-917548,BIZ-1008,1,3,2025-10-17,390000.0,39,10000.0,Cash,Delivered
ORD-346240,BIZ-1035,1,2,2025-10-04,94500.0,9,10500.0,Bank Transfer,Delivered
ORD-507923,BIZ-1051,1,2,2025-10-28,210000.0,21,10000.0,Cash,Delivered
ORD-444548,BIZ-1044,1,2,2025-10-17,73500.0,7,10000.0,POS,Pending
ORD-787973,BIZ-1061,3,4,2025-10-06,170000.0,17,10000.0,POS,Cancelled
ORD-818362,BIZ-1060,3,3,2025-10-07,260000.0,26,10000.0,Bank Transfer,Cancelled
ORD-444745,BIZ-1038,2,5,2025-10-13,254800.0,26,9800.0,Bank Transfer,Delivered
ORD-603174,BIZ-1046,4,4,2025-10-20,136500.0,13,10500.0,POS,Pending
ORD-236186,BIZ-1039,1,3,2025-10-01,300000.0,30,10000.0,Cash,Cancelled
ORD-866526,BIZ-1058,3,4,2025-10-28,210000.0,20,10500.0,POS,Delivered
ORD-789393,BIZ-1036,3,1,2025-10-08,137200.0,14,9800.0,Bank Transfer,Delivered
ORD-369581,BIZ-1027,3,5,2025-10-09,351500.0,37,9500.0,Cash,Pending
ORD-547164,BIZ-1056,4,2,2025-10-13,228000.0,24,9500.0,Cash,Cancelled
ORD-271869,BIZ-1004,3,3,2025-10-07,330000.0,33,10000.0,Cash,Cancelled
ORD-902257,BIZ-1045,2,4,2025-10-11,270000.0,27,10000.0,POS,Pending
ORD-424526,BIZ-1037,4,4,2025-10-28,283500.0,27,10500.0,POS,Delivered
ORD-825150,BIZ-1036,4,5,2025-10-30,88200.0,9,9800.0,Cash,Cancelled
ORD-171921,BIZ-1013,3,5,2025-10-17,370000.0,37,10000.0,Bank Transfer,Pending
ORD-263125,BIZ-1014,1,5,2025-10-03,10000.0,1,10000.0,Bank Transfer,Pending
ORD-994467,BIZ-1034,4,2,2025-10-27,370500.0,39,9500.0,Cash,Delivered
ORD-351187,BIZ-1032,4,3,2025-10-29,84000.0,8,10000.0,Cash,Cancelled
ORD-907759,BIZ-1043,1,1,2025-10-02,176400.0,18,9800.0,Bank Transfer,Delivered
ORD-383169,BIZ-1061,3,3,2025-10-24,196000.0,20,9800.0,Bank Transfer,Cancelled
ORD-218877,BIZ-1028,1,5,2025-10-29,57000.0,6,9500.0,Cash,Delivered
ORD-453925,BIZ-1001,2,4,2025-10-23,73500.0,7,10500.0,Bank Transfer,Cancelled
ORD-903208,BIZ-1057,1,5,2025-10-04,120000.0,12,10000.0,Bank Transfer,Cancelled
ORD-660560,BIZ-1011,1,3,2025-10-26,137200.0,14,9800.0,Bank Transfer,Delivered
ORD-228028,BIZ-1049,1,5,2025-10-14,200000.0,20,10000.0,Bank Transfer,Delivered
ORD-744209,BIZ-1009,1,5,2025-10-15,220500.0,21,10500.0,Bank Transfer,Delivered
ORD-187312,BIZ-1049,3,3,2025-10-09,275500.0,29,9500.0,Bank Transfer,Delivered
ORD-196500,BIZ-1029,4,4,2025-10-11,230000.0,23,10000.0,POS,Pending
ORD-506722,BIZ-1028,1,2,2025-10-11,166600.0,17,9800.0,Cash,Pending
ORD-671793,BIZ-1050,4,2,2025-10-25,73500.0,7,10500.0,POS,Cancelled
ORD-860548,BIZ-1052,4,2,2025-10-29,95000.0,10,9500.0,POS,Cancelled
ORD-750475,BIZ-1021,2,4,2025-10-01,380000.0,38,10000.0,Bank Transfer,Cancelled
ORD-931845,BIZ-1027,4,1,2025-10-25,200000.0,20,10000.0,POS,Cancelled
ORD-166514,BIZ-1016,3,3,2025-10-23,256500.0,27,10000.0,POS,Delivered
ORD-458719,BIZ-1038,1,4,2025-10-05,240000.0,24,10000.0,Cash,Pending
ORD-954817,BIZ-1016,2,4,2025-10-05,168000.0,16,10000.0,Bank Transfer,Delivered
ORD-303602,BIZ-1017,3,2,2025-10-21,357000.0,34,10500.0,Cash,Pending
ORD-894101,BIZ-1042,3,3,2025-10-15,199500.0,19,10500.0,Bank Transfer,Pending
ORD-131236,BIZ-1032,2,2,2025-10-19,10000.0,1,10000.0,Bank Transfer,Pending
ORD-508187,BIZ-1048,1,3,2025-10-11,21000.0,2,10500.0,Cash,Delivered
ORD-553405,BIZ-1004,2,3,2025-10-24,94500.0,9,10500.0,Bank Transfer,Pending
ORD-637311,BIZ-1049,1,4,2025-10-04,390000.0,39,10000.0,Bank Transfer,Delivered
ORD-522009,BIZ-1015,3,3,2025-10-24,300000.0,30,10000.0,POS,Pending
ORD-299380,BIZ-1033,4,2,2025-10-07,94500.0,9,10500.0,Bank Transfer,Pending
ORD-606905,BIZ-1016,1,2,2025-10-19,63000.0,6,10500.0,Bank Transfer,Cancelled
ORD-884056,BIZ-1038,4,3,2025-10-24,73500.0,7,10500.0,Cash,Cancelled
ORD-880823,BIZ-1048,2,3,2025-10-21,378000.0,36,10500.0,Cash,Delivered
ORD-788941,BIZ-1026,2,5,2025-10-07,78400.0,8,9800.0,Bank Transfer,Delivered
ORD-918691,BIZ-1040,2,4,2025-10-29,290000.0,29,10000.0,Cash,Pending
ORD-908283,BIZ-1006,3,5,2025-10-15,73500.0,7,10500.0,POS,Delivered
ORD-437865,BIZ-1046,3,2,2025-10-14,350000.0,35,10000.0,POS,Pending
ORD-308785,BIZ-1045,4,5,2025-10-20,94500.0,9,10500.0,Cash,Pending
ORD-138146,BIZ-1021,3,5,2025-10-27,304500.0,29,10500.0,Bank Transfer,Pending
ORD-103902,BIZ-1001,3,5,2025-10-14,90000.0,9,10000.0,Cash,Delivered
ORD-117953,BIZ-1000,1,5,2025-10-18,256500.0,27,9500.0,POS,Pending
ORD-490633,BIZ-1007,1,4,2025-10-30,107800.0,11,9800.0,Bank Transfer,Delivered
ORD-535718,BIZ-1024,4,2,2025-10-20,420000.0,40,10000.0,Cash,Delivered
ORD-107799,BIZ-1048,3,3,2025-10-23,230000.0,23,10000.0,Cash,Pending
ORD-585995,BIZ-1029,4,2,2025-10-30,160000.0,16,10000.0,Bank Transfer,Pending
ORD-983973,BIZ-1015,4,3,2025-10-03,176400.0,18,9800.0,Bank Transfer,Pending
ORD-645798,BIZ-1052,4,4,2025-10-03,254800.0,26,9800.0,Bank Transfer,Pending
ORD-222152,BIZ-1025,2,2,2025-10-17,84000.0,8,10500.0,POS,Pending
ORD-596427,BIZ-1027,2,2,2025-10-18,390000.0,39,10000.0,POS,Pending
ORD-678399,BIZ-1045,4,1,2025-10-15,228000.0,24,9500.0,POS,Cancelled
ORD-457253,BIZ-1039,4,2,2025-10-22,90000.0,9,10000.0,Bank Transfer,Cancelled
ORD-950216,BIZ-1041,1,5,2025-10-04,388500.0,37,10500.0,Cash,Cancelled
ORD-975798,BIZ-1025,4,1,2025-10-01,171000.0,18,9500.0,POS,Cancelled
ORD-357989,BIZ-1005,3,5,2025-10-20,196000.0,20,9800.0,POS,Cancelled
ORD-962102,BIZ-1043,1,4,2025-10-10,80000.0,8,10000.0,Cash,Pending
ORD-140830,BIZ-1001,4,3,2025-10-13,190000.0,20,9500.0,Cash,Delivered
ORD-157580,BIZ-1031,2,3,2025-10-26,196000.0,20,9800.0,Cash,Delivered
ORD-797118,BIZ-1058,2,2,2025-10-29,190000.0,20,9500.0,POS,Cancelled
ORD-243570,BIZ-1043,3,2,2025-10-29,336000.0,32,10500.0,Cash,Pending
ORD-955316,BIZ-1019,4,2,2025-10-21,315000.0,30,10500.0,Bank Transfer,Pending
ORD-260470,BIZ-1034,2,4,2025-10-12,304500.0,29,10500.0,POS,Cancelled
ORD-991013,BIZ-1061,4,5,2025-10-09,9500.0,1,9500.0,Bank Transfer,Cancelled
ORD-178011,BIZ-1034,4,2,2025-10-13,180500.0,19,9500.0,Bank Transfer,Pending
ORD-481456,BIZ-1002,2,4,2025-10-30,256500.0,27,9500.0,Cash,Delivered
ORD-423365,BIZ-1009,3,2,2025-10-03,52500.0,5,10500.0,POS,Delivered
ORD-526635,BIZ-1018,1,5,2025-10-23,85500.0,9,9500.0,Bank Transfer,Cancelled
ORD-399006,BIZ-1045,3,2,2025-10-01,133000.0,14,9500.0,POS,Cancelled
ORD-846376,BIZ-1032,3,4,2025-10-10,218500.0,23,9500.0,Cash,Pending
ORD-244100,BIZ-1046,1,4,2025-10-03,178500.0,17,10500.0,POS,Pending
ORD-732193,BIZ-1038,1,2,2025-10-28,240000.0,24,10000.0,Cash,Cancelled
ORD-204986,BIZ-1024,2,1,2025-10-18,123500.0,13,9500.0,Cash,Pending
ORD-199779,BIZ-1008,4,5,2025-10-11,190000.0,19,10000.0,Cash,Delivered
ORD-449999,BIZ-1061,1,2,2025-10-30,245000.0,25,9800.0,Bank Transfer,Cancelled
ORD-229737,BIZ-1039,4,5,2025-10-10,360000.0,36,10000.0,Bank Transfer,Cancelled
ORD-322623,BIZ-1046,2,2,2025-10-06,29400.0,3,9800.0,Bank Transfer,Cancelled
ORD-182668,BIZ-1048,3,2,2025-10-18,90000.0,9,10000.0,Bank Transfer,Delivered
ORD-389946,BIZ-1051,4,5,2025-10-07,266000.0,28,9500.0,POS,Cancelled
ORD-897582,BIZ-1059,1,5,2025-10-10,161500.0,17,9500.0,POS,Cancelled
ORD-667600,BIZ-1000,2,4,2025-10-17,362600.0,37,9800.0,Cash,Cancelled
ORD-183532,BIZ-1026,1,5,2025-10-28,303800.0,31,9800.0,POS,Cancelled
ORD-675601,BIZ-1027,4,4,2025-10-25,142500.0,15,9500.0,POS,Cancelled
ORD-824023,BIZ-1056,1,4,2025-10-29,95000.0,10,10000.0,Cash,Cancelled
ORD-679198,BIZ-1060,1,2,2025-10-17,21000.0,2,10500.0,Bank Transfer,Delivered
ORD-205314,BIZ-1031,4,4,2025-10-20,357000.0,34,10500.0,POS,Delivered
ORD-888845,BIZ-1019,1,2,2025-10-27,19000.0,2,9500.0,POS,Cancelled
ORD-427042,BIZ-1025,4,4,2025-10-28,168000.0,16,10500.0,POS,Delivered
ORD-540581,BIZ-1049,2,2,2025-10-28,241500.0,23,10500.0,Cash,Pending
ORD-449455,BIZ-1055,3,4,2025-10-03,200000.0,20,10000.0,POS,Cancelled
ORD-154582,BIZ-1053,2,3,2025-10-09,130000.0,13,10000.0,POS,Delivered
ORD-198896,BIZ-1001,1,3,2025-10-05,357000.0,34,10500.0,Bank Transfer,Pending
ORD-716881,BIZ-1007,1,5,2025-10-29,19600.0,2,9800.0,POS,Delivered
ORD-600146,BIZ-1013,3,3,2025-10-01,39200.0,4,9800.0,POS,Pending
ORD-948822,BIZ-1010,2,5,2025-10-02,380000.0,40,9500.0,Bank Transfer,Cancelled
ORD-668290,BIZ-1059,1,5,2025-10-11,28500.0,3,9500.0,Cash,Delivered
ORD-266521,BIZ-1006,1,5,2025-10-04,357000.0,34,10500.0,Bank Transfer,Cancelled
ORD-688450,BIZ-1043,4,3,2025-10-18,57000.0,6,9500.0,Bank Transfer,Delivered
ORD-359602,BIZ-1053,4,3,2025-10-27,137200.0,14,9800.0,Cash,Delivered
ORD-276559,BIZ-1011,1,5,2025-10-03,180500.0,19,9500.0,POS,Pending
ORD-696655,BIZ-1035,1,5,2025-10-06,254800.0,26,9800.0,POS,Pending
ORD-208919,BIZ-1023,3,4,2025-10-22,215600.0,22,10000.0,Bank Transfer,Cancelled
ORD-117663,BIZ-1030,2,5,2025-10-19,80000.0,8,10000.0,Cash,Cancelled
ORD-864148,BIZ-1022,1,4,2025-10-15,210000.0,20,10500.0,Cash,Pending
ORD-277596,BIZ-1033,3,3,2025-10-22,40000.0,4,10000.0,Bank Transfer,Delivered
ORD-962113,BIZ-1030,3,3,2025-10-23,88200.0,9,9800.0,Cash,Pending
ORD-634442,BIZ-1036,1,5,2025-10-26,380000.0,40,9500.0,Cash,Cancelled
ORD-527725,BIZ-1003,3,4,2025-10-08,382200.0,39,9800.0,Bank Transfer,Delivered
ORD-648379,BIZ-1056,3,4,2025-10-01,10000.0,1,10000.0,Bank Transfer,Cancelled
ORD-704704,BIZ-1005,3,4,2025-10-27,313600.0,32,9800.0,Bank Transfer,Cancelled
ORD-913970,BIZ-1045,2,3,2025-10-24,294000.0,30,9800.0,Cash,Pending
ORD-616583,BIZ-1013,4,2,2025-10-26,78400.0,8,10000.0,Cash,Delivered
ORD-162255,BIZ-1060,4,2,2025-10-17,42000.0,4,10500.0,Bank Transfer,Cancelled
ORD-743047,BIZ-1008,1,5,2025-10-13,19600.0,2,10000.0,Bank Transfer,Pending
ORD-301821,BIZ-1060,4,2,2025-10-21,262500.0,25,10500.0,Bank Transfer,Delivered
ORD-406924,BIZ-1043,4,2,2025-10-25,320000.0,32,10000.0,Bank Transfer,Delivered
ORD-524170,BIZ-1007,2,5,2025-10-11,140000.0,14,10000.0,POS,Delivered
ORD-531534,BIZ-1017,4,1,2025-10-30,400000.0,40,10000.0,Cash,Delivered
ORD-401636,BIZ-1011,2,4,2025-10-28,49000.0,5,9800.0,POS,Cancelled
ORD-746326,BIZ-1008,2,4,2025-10-09,370000.0,37,10000.0,Cash,Pending
ORD-230703,BIZ-1007,4,3,2025-10-26,235200.0,24,9800.0,Bank Transfer,Pending
ORD-367386,BIZ-1046,2,1,2025-10-22,352800.0,36,9800.0,Cash,Cancelled
ORD-621852,BIZ-1040,2,3,2025-10-20,241500.0,23,10500.0,Cash,Pending
ORD-220178,BIZ-1002,2,3,2025-10-01,380000.0,38,10000.0,Cash,Cancelled
ORD-300450,BIZ-1053,3,1,2025-10-13,10000.0,1,10000.0,Cash,Delivered
ORD-824880,BIZ-1010,4,5,2025-10-23,273000.0,26,10500.0,Cash,Delivered
ORD-293313,BIZ-1025,3,5,2025-10-04,70000.0,7,10000.0,POS,Delivered
ORD-708388,BIZ-1035,4,4,2025-10-25,231000.0,22,10500.0,Cash,Delivered
ORD-803619,BIZ-1051,4,3,2025-10-04,280000.0,28,10000.0,POS,Pending
ORD-845609,BIZ-1047,2,3,2025-10-08,28500.0,3,9500.0,Cash,Delivered
ORD-362139,BIZ-1003,1,5,2025-10-02,245000.0,25,9800.0,Bank Transfer,Cancelled
ORD-866773,BIZ-1012,4,2,2025-10-23,180500.0,19,9500.0,Cash,Pending
ORD-513892,BIZ-1049,3,2,2025-10-03,9800.0,1,9800.0,Bank Transfer,Pending
ORD-328731,BIZ-1039,1,1,2025-10-04,114000.0,12,9500.0,POS,Delivered
ORD-218083,BIZ-1017,2,3,2025-10-09,120000.0,12,10000.0,Bank Transfer,Pending
ORD-783517,BIZ-1048,2,4,2025-10-18,245000.0,25,9800.0,Cash,Cancelled
ORD-216155,BIZ-1051,4,4,2025-10-07,300000.0,30,10000.0,Cash,Cancelled
ORD-114428,BIZ-1054,2,5,2025-10-25,68600.0,7,9800.0,Cash,Cancelled
ORD-457938,BIZ-1005,2,2,2025-10-13,382200.0,39,9800.0,POS,Delivered
ORD-251397,BIZ-1002,3,3,2025-10-07,220000.0,22,10000.0,POS,Pending
ORD-779438,BIZ-1046,2,2,2025-10-05,150000.0,15,10000.0,Bank Transfer,Cancelled
ORD-486669,BIZ-1018,3,2,2025-10-24,310000.0,31,10000.0,Bank Transfer,Cancelled
ORD-531097,BIZ-1013,3,3,2025-10-10,28500.0,3,9500.0,POS,Pending
ORD-644070,BIZ-1007,1,4,2025-10-12,388500.0,37,10500.0,Bank Transfer,Delivered
ORD-564950,BIZ-1022,1,2,2025-10-21,199500.0,19,10000.0,Cash,Delivered
ORD-999422,BIZ-1038,3,5,2025-10-20,351500.0,37,9500.0,POS,Delivered
ORD-316826,BIZ-1022,4,4,2025-10-20,190000.0,19,10000.0,POS,Cancelled
ORD-297133,BIZ-1047,3,4,2025-10-12,290000.0,29,10000.0,POS,Pending
ORD-999797,BIZ-1042,2,2,2025-10-27,420000.0,40,10500.0,Cash,Cancelled
ORD-354561,BIZ-1046,2,2,2025-10-29,190000.0,19,10000.0,Bank Transfer,Delivered
ORD-387202,BIZ-1003,3,5,2025-10-15,196000.0,20,10000.0,Bank Transfer,Cancelled
ORD-364357,BIZ-1043,2,5,2025-10-14,126000.0,12,10500.0,POS,Delivered
ORD-586101,BIZ-1027,1,5,2025-10-01,315000.0,30,10500.0,Cash,Delivered
ORD-919350,BIZ-1023,3,1,2025-10-05,240000.0,24,10000.0,Bank Transfer,Cancelled
ORD-162487,BIZ-1006,4,1,2025-10-27,39200.0,4,9800.0,Cash,Pending
ORD-649749,BIZ-1009,4,4,2025-10-23,10500.0,1,10500.0,POS,Pending
ORD-533485,BIZ-1058,2,4,2025-10-09,63000.0,6,10500.0,Bank Transfer,Pending
ORD-401161,BIZ-1053,2,2,2025-10-04,68600.0,7,9800.0,Cash,Cancelled
ORD-392896,BIZ-1040,2,2,2025-10-05,210000.0,21,10000.0,Cash,Pending
ORD-906411,BIZ-1058,1,2,2025-10-06,42000.0,4,10500.0,Cash,Cancelled
ORD-923861,BIZ-1004,4,1,2025-10-01,80000.0,8,10000.0,POS,Delivered
ORD-168466,BIZ-1026,1,3,2025-10-23,266000.0,28,9500.0,Cash,Delivered
ORD-464739,BIZ-1060,1,2,2025-10-18,19000.0,2,9500.0,Cash,Delivered
ORD-335212,BIZ-1048,2,5,2025-10-10,85500.0,9,9500.0,POS,Cancelled
ORD-821872,BIZ-1051,2,3,2025-10-14,237500.0,25,9500.0,Bank Transfer,Cancelled
ORD-980245,BIZ-1011,1,5,2025-10-26,170000.0,17,10000.0,POS,Cancelled
ORD-509568,BIZ-1013,1,3,2025-10-15,274400.0,28,9800.0,Cash,Cancelled
ORD-603683,BIZ-1052,3,2,2025-10-09,330000.0,33,10000.0,POS,Cancelled
ORD-239970,BIZ-1007,3,4,2025-10-07,325500.0,31,10500.0,POS,Cancelled
ORD-345808,BIZ-1053,3,2,2025-10-01,57000.0,6,9500.0,Bank Transfer,Pending
ORD-503263,BIZ-1013,1,2,2025-10-20,400000.0,40,10000.0,Bank Transfer,Delivered
ORD-678548,BIZ-1043,1,5,2025-10-07,176400.0,18,10000.0,Bank Transfer,Cancelled
ORD-251720,BIZ-1022,4,4,2025-10-16,275500.0,29,9500.0,Bank Transfer,Pending
ORD-856277,BIZ-1020,4,2,2025-10-04,346500.0,33,10500.0,Bank Transfer,Cancelled
ORD-823420,BIZ-1047,3,4,2025-10-12,346500.0,33,10500.0,Bank Transfer,Cancelled
ORD-790271,BIZ-1021,3,2,2025-10-03,117600.0,12,9800.0,Bank Transfer,Delivered
ORD-425286,BIZ-1052,2,2,2025-10-16,200000.0,20,10000.0,Cash,Delivered
ORD-121285,BIZ-1020,3,3,2025-10-23,409500.0,39,10500.0,Cash,Cancelled
ORD-212322,BIZ-1025,3,4,2025-10-02,241500.0,23,10500.0,Cash,Delivered
ORD-396551,BIZ-1056,3,2,2025-10-08,209000.0,22,9500.0,POS,Pending
ORD-356161,BIZ-1024,2,4,2025-10-08,107800.0,11,9800.0,Cash,Delivered
ORD-800917,BIZ-1004,3,2,2025-10-23,78400.0,8,9800.0,Cash,Pending
ORD-997423,BIZ-1042,2,4,2025-10-28,176400.0,18,9800.0,Bank Transfer,Delivered
ORD-937806,BIZ-1060,1,5,2025-10-19,231000.0,22,10500.0,POS,Cancelled
ORD-291834,BIZ-1039,1,2,2025-10-28,63000.0,6,10500.0,Bank Transfer,Pending
ORD-653991,BIZ-1002,1,3,2025-10-19,323000.0,34,9500.0,POS,Delivered
ORD-120520,BIZ-1050,3,5,2025-10-01,104500.0,11,9500.0,Bank Transfer,Cancelled
ORD-823137,BIZ-1014,2,5,2025-10-10,336000.0,32,10500.0,Cash,Delivered
ORD-540114,BIZ-1034,4,3,2025-10-24,57000.0,6,9500.0,Bank Transfer,Cancelled
ORD-101531,BIZ-1026,1,4,2025-10-18,42000.0,4,10500.0,POS,Delivered
ORD-296473,BIZ-1023,2,4,2025-10-15,68600.0,7,9800.0,Cash,Cancelled
ORD-421218,BIZ-1006,2,5,2025-10-04,262500.0,25,10500.0,POS,Delivered
ORD-545486,BIZ-1054,1,1,2025-10-22,245000.0,25,9800.0,POS,Delivered
ORD-943677,BIZ-1032,3,4,2025-10-08,209000.0,22,9500.0,Bank Transfer,Pending
ORD-309156,BIZ-1020,2,4,2025-10-09,178500.0,17,10500.0,POS,Delivered
ORD-802374,BIZ-1004,2,5,2025-10-19,351500.0,37,9500.0,Cash,Pending
ORD-730794,BIZ-1037,4,2,2025-10-26,380000.0,38,10000.0,Cash,Pending
ORD-474223,BIZ-1003,3,5,2025-10-17,294000.0,30,9800.0,Cash,Pending
ORD-594775,BIZ-1039,3,1,2025-10-03,196000.0,20,9800.0,Cash,Pending
ORD-356779,BIZ-1031,3,5,2025-10-19,150000.0,15,10000.0,Cash,Pending
ORD-999464,BIZ-1031,2,1,2025-10-10,70000.0,7,10000.0,Cash,Pending
ORD-594281,BIZ-1019,2,4,2025-10-11,252000.0,24,10500.0,Cash,Cancelled
ORD-658352,BIZ-1014,2,2,2025-10-23,205800.0,21,9800.0,POS,Cancelled
ORD-338632,BIZ-1021,2,3,2025-10-11,346500.0,33,10500.0,Cash,Delivered
ORD-689756,BIZ-1058,3,5,2025-10-13,352800.0,36,9800.0,Bank Transfer,Delivered
ORD-179973,BIZ-1057,1,4,2025-10-01,310000.0,31,10000.0,Bank Transfer,Cancelled
ORD-243650,BIZ-1033,4,3,2025-10-04,68600.0,7,9800.0,Cash,Pending
ORD-146008,BIZ-1042,1,3,2025-10-07,333200.0,34,9800.0,Cash,Pending
ORD-532390,BIZ-1001,3,5,2025-10-07,94500.0,9,10500.0,Cash,Delivered
ORD-874494,BIZ-1049,3,2,2025-10-17,110000.0,11,10000.0,Cash,Delivered
ORD-814039,BIZ-1050,2,4,2025-10-03,137200.0,14,9800.0,Bank Transfer,Pending
ORD-675215,BIZ-1002,1,2,2025-10-30,303800.0,31,9800.0,Cash,Delivered
ORD-242314,BIZ-1043,2,4,2025-10-14,31500.0,3,10500.0,POS,Pending
ORD-324954,BIZ-1017,4,4,2025-10-07,225400.0,23,9800.0,POS,Delivered
ORD-201561,BIZ-1035,1,2,2025-10-07,274400.0,28,9800.0,POS,Cancelled
ORD-112266,BIZ-1001,4,2,2025-10-02,378000.0,36,10500.0,Bank Transfer,Pending
ORD-529012,BIZ-1052,3,5,2025-10-28,104500.0,11,9500.0,POS,Delivered
ORD-394032,BIZ-1025,2,2,2025-10-04,300000.0,30,10000.0,Cash,Delivered
ORD-571688,BIZ-1058,2,5,2025-10-20,104500.0,11,9500.0,Bank Transfer,Cancelled
ORD-198023,BIZ-1012,3,4,2025-10-27,40000.0,4,10000.0,Bank Transfer,Cancelled
ORD-348207,BIZ-1018,1,4,2025-10-11,400000.0,40,10000.0,Cash,Cancelled
ORD-198052,BIZ-1029,2,2,2025-10-19,352800.0,36,9800.0,POS,Delivered
ORD-929527,BIZ-1029,1,2,2025-10-25,270000.0,27,10000.0,POS,Cancelled
ORD-882675,BIZ-1027,1,5,2025-10-18,210000.0,21,10000.0,Bank Transfer,Delivered
ORD-897872,BIZ-1022,3,3,2025-10-19,199500.0,19,10500.0,Bank Transfer,Cancelled
ORD-599135,BIZ-1039,3,2,2025-10-08,10000.0,1,10000.0,Bank Transfer,Pending
ORD-667358,BIZ-1051,1,4,2025-10-21,100000.0,10,10000.0,Bank Transfer,Cancelled
ORD-894114,BIZ-1022,1,4,2025-10-06,63000.0,6,10500.0,Cash,Delivered
ORD-106665,BIZ-1056,2,2,2025-10-21,147000.0,15,9800.0,Bank Transfer,Cancelled
ORD-613329,BIZ-1021,1,5,2025-10-28,357000.0,34,10500.0,Cash,Pending
ORD-326868,BIZ-1053,3,3,2025-10-25,323400.0,33,9800.0,Bank Transfer,Delivered
ORD-446810,BIZ-1010,2,3,2025-10-24,58800.0,6,9800.0,POS,Cancelled
ORD-628168,BIZ-1030,3,4,2025-10-04,399000.0,38,10500.0,Bank Transfer,Pending
ORD-703638,BIZ-1039,4,2,2025-10-18,78400.0,8,9800.0,Cash,Pending
ORD-547852,BIZ-1026,1,4,2025-10-09,400000.0,40,10000.0,Cash,Pending
ORD-474236,BIZ-1035,2,1,2025-10-21,351500.0,37,9500.0,POS,Delivered
ORD-683309,BIZ-1041,4,3,2025-10-23,57000.0,6,10000.0,POS,Cancelled
ORD-128206,BIZ-1051,4,3,2025-10-21,218500.0,23,9500.0,Cash,Delivered
ORD-757673,BIZ-1031,3,5,2025-10-23,66500.0,7,9500.0,Cash,Pending
ORD-799713,BIZ-1033,4,3,2025-10-18,19600.0,2,10000.0,Cash,Delivered
ORD-962258,BIZ-1021,1,4,2025-10-09,78400.0,8,10000.0,Cash,Delivered
ORD-873298,BIZ-1019,2,1,2025-10-05,231000.0,22,10500.0,Bank Transfer,Delivered
ORD-288105,BIZ-1060,4,3,2025-10-02,19600.0,2,9800.0,POS,Pending
ORD-319226,BIZ-1027,1,3,2025-10-06,310000.0,31,10000.0,POS,Delivered
ORD-409329,BIZ-1038,4,4,2025-10-06,360000.0,36,10000.0,POS,Cancelled
ORD-793802,BIZ-1048,2,4,2025-10-14,350000.0,35,10000.0,Cash,Delivered
ORD-748697,BIZ-1026,3,2,2025-10-14,39200.0,4,9800.0,POS,Delivered
ORD-223602,BIZ-1016,1,3,2025-10-05,343000.0,35,9800.0,Bank Transfer,Pending
ORD-859233,BIZ-1059,3,4,2025-10-22,90000.0,9,10000.0,Bank Transfer,Cancelled
ORD-757594,BIZ-1045,1,4,2025-10-07,323000.0,34,9500.0,Bank Transfer,Delivered
ORD-898063,BIZ-1014,1,3,2025-10-23,245000.0,25,10000.0,Bank Transfer,Pending
ORD-820119,BIZ-1051,4,5,2025-10-09,31500.0,3,10500.0,POS,Cancelled
ORD-821333,BIZ-1039,1,1,2025-10-13,120000.0,12,10000.0,POS,Delivered
ORD-266795,BIZ-1033,4,5,2025-10-02,210000.0,21,10000.0,POS,Cancelled
ORD-107993,BIZ-1060,4,2,2025-10-15,189000.0,18,10500.0,Bank Transfer,Pending
ORD-136835,BIZ-1060,2,5,2025-10-06,370500.0,39,9500.0,Cash,Cancelled
ORD-817686,BIZ-1000,4,5,2025-10-16,39200.0,4,9800.0,Bank Transfer,Pending
ORD-540775,BIZ-1043,1,3,2025-10-26,186200.0,19,9800.0,Bank Transfer,Pending
ORD-901549,BIZ-1030,4,3,2025-10-04,294000.0,28,10500.0,POS,Delivered
ORD-176769,BIZ-1012,4,3,2025-10-05,115500.0,11,10000.0,Bank Transfer,Pending
ORD-213707,BIZ-1016,3,5,2025-10-05,210000.0,20,10500.0,Cash,Pending
ORD-833675,BIZ-1028,2,2,2025-10-14,107800.0,11,9800.0,POS,Delivered
ORD-379068,BIZ-1016,2,2,2025-10-25,252000.0,24,10500.0,Cash,Pending
ORD-848392,BIZ-1025,3,3,2025-10-22,409500.0,39,10500.0,Cash,Delivered
ORD-810034,BIZ-1030,4,1,2025-10-17,294500.0,31,9500.0,POS,Cancelled
ORD-720424,BIZ-1042,4,2,2025-10-16,130000.0,13,10000.0,Bank Transfer,Delivered
ORD-714067,BIZ-1029,3,5,2025-10-27,266000.0,28,9500.0,Cash,Pending
ORD-575062,BIZ-1040,1,4,2025-10-30,160000.0,16,10000.0,Bank Transfer,Cancelled
ORD-723136,BIZ-1058,1,5,2025-10-05,210000.0,21,10000.0,Bank Transfer,Delivered
ORD-694850,BIZ-1031,2,2,2025-10-16,218500.0,23,9500.0,POS,Pending
ORD-570872,BIZ-1029,4,4,2025-10-07,380000.0,40,10000.0,POS,Cancelled
ORD-740626,BIZ-1001,2,5,2025-10-13,160000.0,16,10000.0,POS,Cancelled
ORD-566695,BIZ-1046,2,5,2025-10-26,157500.0,15,10500.0,Cash,Cancelled
ORD-372869,BIZ-1020,2,3,2025-10-09,378000.0,36,10500.0,POS,Cancelled
ORD-869040,BIZ-1026,1,5,2025-10-19,310000.0,31,10000.0,POS,Pending
ORD-976214,BIZ-1043,2,2,2025-10-24,104500.0,11,9500.0,Cash,Cancelled
ORD-525529,BIZ-1036,2,3,2025-10-01,115500.0,11,10500.0,POS,Pending
ORD-910085,BIZ-1049,2,4,2025-10-09,399000.0,38,10500.0,POS,Pending
ORD-195446,BIZ-1043,4,2,2025-10-17,357000.0,34,10500.0,Cash,Delivered
ORD-220950,BIZ-1020,2,4,2025-10-27,38000.0,4,9500.0,POS,Pending
ORD-232937,BIZ-1008,2,4,2025-10-24,290000.0,29,10000.0,Bank Transfer,Cancelled
ORD-340897,BIZ-1038,2,3,2025-10-28,147000.0,15,9800.0,Cash,Delivered
ORD-659460,BIZ-1009,4,5,2025-10-23,362600.0,37,9800.0,Bank Transfer,Delivered
ORD-687270,BIZ-1002,3,4,2025-10-29,275500.0,29,9500.0,POS,Delivered
ORD-781212,BIZ-1046,4,2,2025-10-15,400000.0,40,10000.0,Cash,Delivered
ORD-873442,BIZ-1043,2,1,2025-10-18,378000.0,36,10500.0,Bank Transfer,Pending
ORD-155398,BIZ-1016,3,2,2025-10-25,137200.0,14,9800.0,Cash,Delivered
ORD-665209,BIZ-1047,3,5,2025-10-16,142500.0,15,9500.0,Cash,Pending
ORD-937752,BIZ-1037,4,2,2025-10-27,171000.0,18,10000.0,POS,Cancelled
ORD-153223,BIZ-1008,3,2,2025-10-04,180500.0,19,9500.0,Cash,Pending
ORD-736382,BIZ-1041,4,2,2025-10-16,199500.0,21,9500.0,Bank Transfer,Cancelled
ORD-177775,BIZ-1008,3,1,2025-10-17,340000.0,34,10000.0,Bank Transfer,Pending
ORD-679104,BIZ-1040,3,2,2025-10-08,49000.0,5,9800.0,POS,Pending
ORD-650581,BIZ-1038,3,5,2025-10-03,21000.0,2,10500.0,Cash,Pending
ORD-372271,BIZ-1028,4,3,2025-10-17,361000.0,38,9500.0,POS,Delivered
ORD-675571,BIZ-1027,3,3,2025-10-08,303800.0,31,9800.0,POS,Delivered
ORD-286971,BIZ-1058,1,3,2025-10-05,290000.0,29,10000.0,Cash,Pending
ORD-614335,BIZ-1058,3,4,2025-10-02,38000.0,4,9500.0,Cash,Cancelled
ORD-315273,BIZ-1017,4,5,2025-10-26,409500.0,39,10500.0,Bank Transfer,Delivered
ORD-928404,BIZ-1046,3,4,2025-10-05,409500.0,39,10500.0,POS,Delivered
ORD-767155,BIZ-1034,4,3,2025-10-07,90000.0,9,10000.0,POS,Delivered
ORD-255002,BIZ-1018,4,4,2025-10-03,332500.0,35,9500.0,Bank Transfer,Cancelled
ORD-174905,BIZ-1060,4,4,2025-10-19,215600.0,22,9800.0,Bank Transfer,Pending
ORD-764644,BIZ-1024,3,4,2025-10-13,38000.0,4,9500.0,Bank Transfer,Delivered
ORD-873577,BIZ-1033,1,3,2025-10-17,85500.0,9,9500.0,POS,Delivered
ORD-583287,BIZ-1008,2,4,2025-10-23,380000.0,40,9500.0,POS,Delivered
ORD-389733,BIZ-1015,3,3,2025-10-05,76000.0,8,9500.0,POS,Delivered
ORD-454084,BIZ-1041,3,3,2025-10-30,171000.0,18,9500.0,Cash,Pending
ORD-902663,BIZ-1024,3,4,2025-10-01,420000.0,40,10500.0,Bank Transfer,Pending
ORD-128648,BIZ-1039,3,4,2025-10-01,400000.0,40,10000.0,Cash,Delivered
ORD-824443,BIZ-1024,1,5,2025-10-24,117600.0,12,9800.0,Bank Transfer,Cancelled
ORD-948924,BIZ-1012,1,5,2025-10-01,250000.0,25,10000.0,POS,Cancelled
ORD-187696,BIZ-1004,4,3,2025-10-22,237500.0,25,9500.0,Bank Transfer,Delivered
ORD-894357,BIZ-1035,3,2,2025-10-10,52500.0,5,10500.0,Cash,Pending
ORD-767984,BIZ-1055,2,5,2025-10-23,210000.0,20,10500.0,Bank Transfer,Delivered
ORD-186646,BIZ-1001,3,2,2025-10-18,176400.0,18,9800.0,Cash,Pending
ORD-604134,BIZ-1000,2,3,2025-10-21,323000.0,34,9500.0,Cash,Cancelled
ORD-203033,BIZ-1045,1,5,2025-10-29,209000.0,22,9500.0,Bank Transfer,Pending
ORD-665215,BIZ-1029,1,2,2025-10-14,94500.0,9,10500.0,Cash,Delivered
ORD-160028,BIZ-1047,4,5,2025-10-20,142500.0,15,9500.0,Cash,Cancelled
ORD-884829,BIZ-1027,3,2,2025-10-24,304500.0,29,10500.0,Bank Transfer,Delivered
ORD-127096,BIZ-1014,4,4,2025-10-30,95000.0,10,9500.0,POS,Delivered
ORD-470500,BIZ-1001,3,2,2025-10-22,392000.0,40,9800.0,Bank Transfer,Cancelled
ORD-804830,BIZ-1048,4,3,2025-10-10,283500.0,27,10500.0,Cash,Pending
ORD-628503,BIZ-1052,1,3,2025-10-04,333200.0,34,9800.0,POS,Delivered
ORD-889084,BIZ-1012,3,4,2025-10-20,313600.0,32,9800.0,Cash,Cancelled
ORD-267011,BIZ-1040,3,3,2025-10-09,274400.0,28,9800.0,Cash,Pending
ORD-952246,BIZ-1031,1,3,2025-10-03,304500.0,29,10500.0,Bank Transfer,Cancelled
ORD-800599,BIZ-1011,2,4,2025-10-05,115500.0,11,10500.0,POS,Delivered
ORD-599938,BIZ-1037,3,3,2025-10-18,178500.0,17,10500.0,Cash,Cancelled
ORD-647589,BIZ-1014,2,5,2025-10-09,210000.0,21,10000.0,POS,Pending
ORD-180324,BIZ-1030,4,3,2025-10-28,270000.0,27,10000.0,POS,Delivered
ORD-964400,BIZ-1025,3,5,2025-10-05,168000.0,16,10500.0,Bank Transfer,Pending
ORD-625772,BIZ-1061,1,2,2025-10-23,115500.0,11,10500.0,POS,Pending
ORD-144522,BIZ-1015,1,3,2025-10-19,137200.0,14,9800.0,Cash,Pending
ORD-591650,BIZ-1009,2,2,2025-10-10,210000.0,21,10000.0,Cash,Pending
ORD-555805,BIZ-1042,4,5,2025-10-02,390000.0,39,10000.0,Cash,Cancelled
ORD-146290,BIZ-1012,1,4,2025-10-15,171000.0,18,9500.0,POS,Delivered
ORD-102931,BIZ-1058,2,2,2025-10-18,95000.0,10,10000.0,Cash,Pending
ORD-357543,BIZ-1045,2,2,2025-10-20,210000.0,21,10000.0,POS,Cancelled
ORD-767594,BIZ-1047,1,2,2025-10-12,117600.0,12,9800.0,Cash,Pending
ORD-479025,BIZ-1026,2,3,2025-10-11,156800.0,16,9800.0,Cash,Cancelled
ORD-388441,BIZ-1040,4,5,2025-10-22,107800.0,11,9800.0,Cash,Cancelled
ORD-524865,BIZ-1052,1,4,2025-10-16,240000.0,24,10000.0,Bank Transfer,Cancelled
ORD-228914,BIZ-1010,3,2,2025-10-12,380000.0,40,9500.0,Bank Transfer,Cancelled
ORD-256524,BIZ-1024,3,4,2025-10-08,315000.0,30,10500.0,Cash,Cancelled
ORD-636538,BIZ-1060,3,4,2025-10-24,315000.0,30,10500.0,Cash,Delivered
ORD-437264,BIZ-1017,2,4,2025-10-07,76000.0,8,9500.0,POS,Pending
ORD-151378,BIZ-1040,3,5,2025-10-12,98000.0,10,9800.0,Bank Transfer,Cancelled
ORD-961487,BIZ-1012,3,4,2025-10-11,176400.0,18,9800.0,Cash,Cancelled
ORD-704845,BIZ-1038,2,4,2025-10-06,315000.0,30,10500.0,POS,Delivered
ORD-143907,BIZ-1059,4,5,2025-10-12,245000.0,25,10000.0,Bank Transfer,Pending
ORD-141288,BIZ-1040,3,5,2025-10-17,284200.0,29,9800.0,Bank Transfer,Delivered
ORD-155613,BIZ-1020,3,4,2025-10-19,370500.0,39,9500.0,POS,Cancelled
ORD-352067,BIZ-1026,1,4,2025-10-13,170000.0,17,10000.0,Bank Transfer,Delivered
ORD-997607,BIZ-1012,1,1,2025-10-13,315000.0,30,10500.0,Bank Transfer,Cancelled
ORD-582369,BIZ-1003,4,5,2025-10-19,250000.0,25,10000.0,Bank Transfer,Pending
ORD-924729,BIZ-1044,3,1,2025-10-19,264600.0,27,9800.0,Cash,Delivered
ORD-909884,BIZ-1011,4,3,2025-10-30,115500.0,11,10500.0,POS,Delivered
ORD-767151,BIZ-1037,2,2,2025-10-19,66500.0,7,9500.0,Bank Transfer,Cancelled
ORD-997744,BIZ-1060,2,1,2025-10-29,42000.0,4,10500.0,POS,Cancelled
ORD-293741,BIZ-1017,2,4,2025-10-28,294500.0,31,9500.0,Cash,Delivered
ORD-163660,BIZ-1035,1,2,2025-10-04,280000.0,28,10000.0,Bank Transfer,Pending
ORD-149269,BIZ-1006,3,5,2025-10-09,178500.0,17,10500.0,Bank Transfer,Cancelled
ORD-510702,BIZ-1012,4,3,2025-10-28,123500.0,13,9500.0,Cash,Cancelled
ORD-654251,BIZ-1017,2,4,2025-10-08,90000.0,9,10000.0,Cash,Cancelled
ORD-682791,BIZ-1038,2,2,2025-10-04,199500.0,19,10500.0,POS,Cancelled
ORD-874379,BIZ-1041,2,2,2025-10-28,199500.0,19,10500.0,POS,Cancelled
ORD-755966,BIZ-1040,2,5,2025-10-01,303800.0,31,9800.0,POS,Pending
ORD-998572,BIZ-1009,1,5,2025-10-22,362600.0,37,9800.0,Cash,Pending
ORD-674071,BIZ-1041,2,1,2025-10-20,180500.0,19,9500.0,Bank Transfer,Delivered
ORD-622659,BIZ-1021,2,3,2025-10-29,9500.0,1,9500.0,Bank Transfer,Delivered
ORD-361111,BIZ-1055,2,5,2025-10-27,325500.0,31,10500.0,Cash,Delivered
ORD-496453,BIZ-1002,2,3,2025-10-16,351500.0,37,9500.0,POS,Cancelled
ORD-296800,BIZ-1041,4,1,2025-10-22,367500.0,35,10500.0,POS,Pending
ORD-167282,BIZ-1024,1,1,2025-10-16,382200.0,39,9800.0,POS,Pending
ORD-353993,BIZ-1011,3,2,2025-10-12,152000.0,16,9500.0,POS,Pending
ORD-168713,BIZ-1003,2,2,2025-10-05,225400.0,23,10000.0,POS,Pending
ORD-519517,BIZ-1011,4,3,2025-10-05,254800.0,26,9800.0,POS,Cancelled
ORD-409488,BIZ-1046,1,5,2025-10-19,133000.0,14,9500.0,Bank Transfer,Pending
ORD-647066,BIZ-1023,3,4,2025-10-22,252000.0,24,10500.0,Bank Transfer,Delivered
ORD-802016,BIZ-1027,4,5,2025-10-18,76000.0,8,9500.0,Bank Transfer,Pending
ORD-422433,BIZ-1012,2,2,2025-10-21,156800.0,16,9800.0,Cash,Delivered
ORD-266296,BIZ-1049,3,5,2025-10-13,186200.0,19,9800.0,Bank Transfer,Pending
ORD-540191,BIZ-1051,2,2,2025-10-01,280000.0,28,10000.0,POS,Pending
ORD-236850,BIZ-1004,3,3,2025-10-23,378000.0,36,10500.0,Bank Transfer,Delivered
ORD-860457,BIZ-1044,2,1,2025-10-12,205800.0,21,9800.0,Bank Transfer,Pending
ORD-551819,BIZ-1050,2,3,2025-10-26,176400.0,18,9800.0,Bank Transfer,Cancelled
ORD-424623,BIZ-1030,4,5,2025-10-07,303800.0,31,9800.0,Bank Transfer,Cancelled
ORD-364083,BIZ-1002,4,4,2025-10-29,123500.0,13,9500.0,Bank Transfer,Delivered
ORD-142759,BIZ-1047,4,1,2025-10-03,382200.0,39,9800.0,POS,Pending
ORD-405791,BIZ-1020,4,5,2025-10-25,105000.0,10,10500.0,Bank Transfer,Pending
ORD-762314,BIZ-1039,4,2,2025-10-29,157500.0,15,10500.0,Bank Transfer,Cancelled
ORD-471904,BIZ-1035,2,4,2025-10-12,399000.0,38,10500.0,Cash,Pending
ORD-491816,BIZ-1030,1,5,2025-10-29,380000.0,40,9500.0,POS,Pending
ORD-144374,BIZ-1021,2,5,2025-10-23,340000.0,34,10000.0,Bank Transfer,Pending
ORD-926968,BIZ-1044,1,4,2025-10-06,186200.0,19,9800.0,Bank Transfer,Delivered
ORD-808576,BIZ-1061,2,1,2025-10-07,220500.0,21,10500.0,Bank Transfer,Delivered
ORD-816369,BIZ-1019,3,4,2025-10-12,245000.0,25,9800.0,Cash,Cancelled
ORD-300982,BIZ-1047,4,2,2025-10-06,9800.0,1,9800.0,Bank Transfer,Delivered
ORD-864670,BIZ-1026,2,2,2025-10-29,228000.0,24,9500.0,Bank Transfer,Cancelled
ORD-188716,BIZ-1059,2,3,2025-10-01,63000.0,6,10500.0,Bank Transfer,Delivered
ORD-422677,BIZ-1055,1,3,2025-10-15,42000.0,4,10500.0,Bank Transfer,Cancelled
ORD-393378,BIZ-1035,2,5,2025-10-13,190000.0,19,10000.0,Cash,Delivered
ORD-637898,BIZ-1059,4,5,2025-10-26,19000.0,2,10000.0,Cash,Cancelled
ORD-954297,BIZ-1029,4,5,2025-10-18,304500.0,29,10500.0,Bank Transfer,Cancelled
ORD-123584,BIZ-1040,2,4,2025-10-16,199500.0,19,10500.0,POS,Delivered
ORD-866278,BIZ-1002,1,2,2025-10-24,73500.0,7,10500.0,Bank Transfer,Pending
ORD-353171,BIZ-1013,4,2,2025-10-04,147000.0,15,9800.0,Bank Transfer,Pending
ORD-625304,BIZ-1032,4,3,2025-10-17,300000.0,30,10000.0,Cash,Delivered
ORD-970753,BIZ-1016,1,5,2025-10-16,285000.0,30,9500.0,Bank Transfer,Pending
ORD-447656,BIZ-1023,4,4,2025-10-30,262500.0,25,10500.0,Cash,Cancelled
ORD-240775,BIZ-1001,2,2,2025-10-22,218500.0,23,9500.0,Cash,Delivered
ORD-972156,BIZ-1052,4,5,2025-10-14,42000.0,4,10500.0,Cash,Cancelled
ORD-806402,BIZ-1025,4,5,2025-10-21,137200.0,14,9800.0,Cash,Pending
ORD-139364,BIZ-1009,3,2,2025-10-21,70000.0,7,10000.0,POS,Pending
ORD-770125,BIZ-1037,1,1,2025-10-09,10000.0,1,10000.0,POS,Pending
ORD-994399,BIZ-1009,2,3,2025-10-02,323400.0,33,9800.0,Bank Transfer,Delivered
ORD-314580,BIZ-1008,1,4,2025-10-09,9500.0,1,9500.0,POS,Pending
ORD-319086,BIZ-1054,1,4,2025-10-28,73500.0,7,10500.0,POS,Delivered
ORD-963961,BIZ-1006,4,4,2025-10-30,372400.0,38,10000.0,POS,Delivered
ORD-968772,BIZ-1030,3,3,2025-10-11,323400.0,33,9800.0,POS,Delivered
ORD-715641,BIZ-1008,2,1,2025-10-16,73500.0,7,10500.0,Bank Transfer,Cancelled
ORD-843312,BIZ-1008,2,3,2025-10-10,52500.0,5,10500.0,Cash,Cancelled
ORD-863836,BIZ-1051,3,3,2025-10-04,9500.0,1,9500.0,POS,Pending
ORD-248285,BIZ-1059,1,3,2025-10-07,205800.0,21,9800.0,Bank Transfer,Pending
ORD-194432,BIZ-1024,2,2,2025-10-25,370500.0,39,9500.0,POS,Cancelled
ORD-728993,BIZ-1010,1,4,2025-10-03,392000.0,40,9800.0,Cash,Pending
ORD-589108,BIZ-1034,4,3,2025-10-14,209000.0,22,9500.0,Bank Transfer,Delivered
ORD-925620,BIZ-1020,4,5,2025-10-22,133000.0,14,9500.0,POS,Delivered
ORD-150678,BIZ-1030,2,2,2025-10-04,78400.0,8,9800.0,POS,Cancelled
ORD-308266,BIZ-1009,1,5,2025-10-19,336000.0,32,10500.0,Cash,Cancelled
ORD-195859,BIZ-1030,4,5,2025-10-08,168000.0,16,10000.0,Bank Transfer,Delivered
ORD-307607,BIZ-1035,2,3,2025-10-19,333200.0,34,9800.0,Cash,Cancelled
ORD-241250,BIZ-1056,4,2,2025-10-15,209000.0,22,9500.0,POS,Delivered
ORD-438711,BIZ-1030,4,4,2025-10-13,294000.0,30,9800.0,Cash,Pending
ORD-141115,BIZ-1043,4,2,2025-10-30,343000.0,35,9800.0,POS,Delivered
ORD-996336,BIZ-1015,3,2,2025-10-27,130000.0,13,10000.0,Cash,Delivered
ORD-180573,BIZ-1020,2,3,2025-10-02,127400.0,13,9800.0,Bank Transfer,Cancelled
ORD-886476,BIZ-1006,4,1,2025-10-29,310000.0,31,10000.0,Cash,Pending
ORD-629411,BIZ-1028,4,5,2025-10-19,200000.0,20,10000.0,Cash,Cancelled
ORD-443346,BIZ-1061,3,1,2025-10-15,166600.0,17,9800.0,Bank Transfer,Cancelled
ORD-199937,BIZ-1047,3,2,2025-10-30,352800.0,36,9800.0,Cash,Pending
ORD-625004,BIZ-1052,4,5,2025-10-14,346500.0,33,10500.0,Bank Transfer,Pending
ORD-916749,BIZ-1046,3,5,2025-10-26,39200.0,4,9800.0,Bank Transfer,Delivered
ORD-649950,BIZ-1013,2,4,2025-10-17,210000.0,20,10500.0,POS,Cancelled
ORD-293807,BIZ-1054,4,3,2025-10-27,270000.0,27,10000.0,POS,Cancelled
ORD-127859,BIZ-1013,2,5,2025-10-07,157500.0,15,10500.0,Cash,Pending
ORD-130826,BIZ-1057,2,4,2025-10-30,58800.0,6,9800.0,Bank Transfer,Pending
ORD-450841,BIZ-1031,2,4,2025-10-18,156800.0,16,9800.0,Bank Transfer,Pending
ORD-217455,BIZ-1035,1,1,2025-10-24,252000.0,24,10500.0,Cash,Pending
ORD-978283,BIZ-1053,1,4,2025-10-17,252000.0,24,10500.0,Cash,Pending
ORD-113757,BIZ-1055,1,2,2025-10-18,39200.0,4,9800.0,Cash,Pending
ORD-495618,BIZ-1005,2,5,2025-10-08,336000.0,32,10000.0,Bank Transfer,Delivered
ORD-767768,BIZ-1014,1,3,2025-10-11,360000.0,36,10000.0,Bank Transfer,Cancelled
ORD-376705,BIZ-1061,3,4,2025-10-22,78400.0,8,9800.0,Bank Transfer,Cancelled
ORD-963020,BIZ-1038,1,5,2025-10-22,171000.0,18,10000.0,POS,Cancelled
ORD-225515,BIZ-1012,3,3,2025-10-30,126000.0,12,10500.0,Bank Transfer,Cancelled
ORD-535694,BIZ-1053,1,4,2025-10-29,85500.0,9,9500.0,POS,Delivered
ORD-751226,BIZ-1059,4,5,2025-10-28,294000.0,28,10500.0,Cash,Cancelled
ORD-510791,BIZ-1013,2,3,2025-10-21,228000.0,24,9500.0,POS,Cancelled
ORD-930558,BIZ-1049,2,5,2025-10-12,336000.0,32,10500.0,POS,Cancelled
ORD-160759,BIZ-1003,4,3,2025-10-11,320000.0,32,10000.0,Bank Transfer,Delivered
ORD-733016,BIZ-1055,4,5,2025-10-03,180500.0,19,9500.0,Cash,Delivered
ORD-229156,BIZ-1004,4,2,2025-10-03,380000.0,40,9500.0,Bank Transfer,Cancelled
ORD-770342,BIZ-1001,3,4,2025-10-27,370000.0,37,10000.0,POS,Cancelled
ORD-400769,BIZ-1023,4,3,2025-10-24,137200.0,14,10000.0,Cash,Cancelled
ORD-406439,BIZ-1003,1,4,2025-10-04,280000.0,28,10000.0,Bank Transfer,Delivered
ORD-516286,BIZ-1057,2,1,2025-10-07,126000.0,12,10500.0,POS,Delivered
ORD-459609,BIZ-1023,1,5,2025-10-16,40000.0,4,10000.0,Bank Transfer,Delivered
ORD-715049,BIZ-1020,3,3,2025-10-26,176400.0,18,9800.0,Cash,Pending
ORD-527063,BIZ-1021,1,5,2025-10-05,68600.0,7,9800.0,Bank Transfer,Cancelled
ORD-954533,BIZ-1046,4,3,2025-10-06,190000.0,19,10000.0,Bank Transfer,Delivered
ORD-326057,BIZ-1034,3,4,2025-10-22,388500.0,37,10500.0,POS,Pending
ORD-630424,BIZ-1002,4,4,2025-10-19,362600.0,37,9800.0,Cash,Pending
ORD-351807,BIZ-1030,4,3,2025-10-05,147000.0,14,10500.0,Bank Transfer,Delivered
ORD-451473,BIZ-1046,4,3,2025-10-14,388500.0,37,10500.0,Cash,Delivered
ORD-180472,BIZ-1002,2,5,2025-10-11,78400.0,8,9800.0,POS,Pending
ORD-138255,BIZ-1049,2,2,2025-10-03,247000.0,26,9500.0,Bank Transfer,Pending
ORD-998920,BIZ-1054,2,5,2025-10-21,127400.0,13,9800.0,Bank Transfer,Delivered
ORD-236369,BIZ-1041,3,5,2025-10-22,114000.0,12,9500.0,POS,Delivered
ORD-527030,BIZ-1012,3,2,2025-10-16,190000.0,20,9500.0,Cash,Delivered
ORD-144935,BIZ-1061,1,3,2025-10-29,275500.0,29,9500.0,POS,Pending
ORD-761104,BIZ-1013,4,2,2025-10-25,117600.0,12,9800.0,Bank Transfer,Delivered
ORD-930505,BIZ-1020,1,5,2025-10-01,140000.0,14,10000.0,Bank Transfer,Pending
ORD-616293,BIZ-1053,4,3,2025-10-11,275500.0,29,9500.0,Bank Transfer,Delivered
ORD-549492,BIZ-1032,2,2,2025-10-29,325500.0,31,10500.0,POS,Cancelled
ORD-929142,BIZ-1055,3,4,2025-10-14,114000.0,12,9500.0,Cash,Delivered
ORD-644566,BIZ-1047,1,4,2025-10-23,320000.0,32,10000.0,POS,Pending
ORD-222172,BIZ-1030,2,4,2025-10-21,63000.0,6,10500.0,POS,Pending
ORD-547234,BIZ-1011,1,4,2025-10-23,388500.0,37,10500.0,Bank Transfer,Delivered
ORD-118841,BIZ-1003,2,3,2025-10-24,171000.0,18,9500.0,Bank Transfer,Cancelled
ORD-302310,BIZ-1021,3,3,2025-10-29,270000.0,27,10000.0,Cash,Delivered
ORD-158077,BIZ-1048,2,5,2025-10-27,294500.0,31,9500.0,Cash,Delivered
ORD-313051,BIZ-1027,4,3,2025-10-16,280000.0,28,10000.0,Bank Transfer,Delivered
ORD-517155,BIZ-1028,4,3,2025-10-11,290000.0,29,10000.0,Bank Transfer,Cancelled
ORD-192672,BIZ-1002,1,4,2025-10-27,285000.0,30,9500.0,POS,Cancelled
ORD-899786,BIZ-1017,3,3,2025-10-25,362600.0,37,10000.0,Cash,Cancelled
ORD-261472,BIZ-1049,4,4,2025-10-01,294500.0,31,9500.0,Bank Transfer,Delivered
ORD-176209,BIZ-1041,4,2,2025-10-21,115500.0,11,10500.0,POS,Pending
ORD-881358,BIZ-1004,1,3,2025-10-10,200000.0,20,10000.0,POS,Pending
ORD-284033,BIZ-1010,3,2,2025-10-07,123500.0,13,9500.0,POS,Cancelled
ORD-366366,BIZ-1028,4,5,2025-10-24,304000.0,32,10000.0,Cash,Pending
ORD-473078,BIZ-1031,3,3,2025-10-27,370000.0,37,10000.0,POS,Cancelled
ORD-550671,BIZ-1055,2,2,2025-10-02,210000.0,20,10500.0,POS,Delivered
ORD-292312,BIZ-1048,1,2,2025-10-16,9800.0,1,9800.0,Cash,Cancelled
ORD-214057,BIZ-1047,3,2,2025-10-14,273000.0,26,10000.0,Cash,Pending
ORD-988596,BIZ-1040,2,5,2025-10-15,252000.0,24,10500.0,Cash,Pending
ORD-900117,BIZ-1002,1,4,2025-10-15,250000.0,25,10000.0,POS,Delivered
ORD-249522,BIZ-1018,2,2,2025-10-17,178500.0,17,10500.0,Bank Transfer,Cancelled
ORD-649969,BIZ-1021,1,2,2025-10-19,78400.0,8,10000.0,Bank Transfer,Pending
ORD-404507,BIZ-1025,3,1,2025-10-25,300000.0,30,10000.0,Bank Transfer,Delivered
ORD-142301,BIZ-1032,4,5,2025-10-23,115500.0,11,10500.0,Bank Transfer,Cancelled
ORD-418773,BIZ-1005,2,5,2025-10-04,228000.0,24,9500.0,Cash,Cancelled
ORD-105199,BIZ-1005,3,5,2025-10-27,284200.0,29,9800.0,POS,Delivered
ORD-569164,BIZ-1036,1,2,2025-10-24,294000.0,28,10500.0,POS,Pending
ORD-459251,BIZ-1030,4,1,2025-10-24,336000.0,32,10500.0,Bank Transfer,Cancelled
ORD-600052,BIZ-1015,4,4,2025-10-09,95000.0,10,9500.0,Bank Transfer,Delivered
ORD-677019,BIZ-1003,2,3,2025-10-26,100000.0,10,10000.0,Cash,Delivered
ORD-654285,BIZ-1061,4,3,2025-10-23,294000.0,30,9800.0,POS,Delivered
ORD-148360,BIZ-1060,1,2,2025-10-05,147000.0,15,9800.0,POS,Delivered
ORD-776473,BIZ-1014,4,2,2025-10-07,357000.0,34,10500.0,POS,Cancelled
ORD-859019,BIZ-1018,2,4,2025-10-12,254800.0,26,9800.0,Cash,Delivered
ORD-207452,BIZ-1049,3,3,2025-10-04,378000.0,36,10500.0,Cash,Delivered
ORD-573467,BIZ-1031,2,1,2025-10-21,98000.0,10,9800.0,Cash,Cancelled
ORD-118931,BIZ-1030,4,3,2025-10-21,382200.0,39,9800.0,Bank Transfer,Cancelled
ORD-149798,BIZ-1020,3,4,2025-10-19,235200.0,24,9800.0,Cash,Cancelled
ORD-691881,BIZ-1029,3,2,2025-10-16,178500.0,17,10500.0,Bank Transfer,Pending
ORD-167989,BIZ-1043,3,3,2025-10-18,120000.0,12,10000.0,Cash,Delivered
ORD-399645,BIZ-1044,4,1,2025-10-25,105000.0,10,10500.0,POS,Delivered
ORD-116539,BIZ-1037,4,3,2025-10-18,42000.0,4,10500.0,Cash,Cancelled
ORD-575118,BIZ-1016,4,2,2025-10-22,304500.0,29,10500.0,POS,Cancelled
ORD-711214,BIZ-1039,3,4,2025-10-30,294500.0,31,9500.0,Cash,Cancelled
ORD-522424,BIZ-1038,2,3,2025-10-25,388500.0,37,10500.0,POS,Cancelled
ORD-840464,BIZ-1000,1,4,2025-10-23,362600.0,37,9800.0,Cash,Delivered
ORD-756369,BIZ-1014,3,3,2025-10-18,320000.0,32,10000.0,Bank Transfer,Pending
ORD-754818,BIZ-1039,3,4,2025-10-13,94500.0,9,10000.0,POS,Delivered
ORD-494126,BIZ-1044,2,3,2025-10-18,156800.0,16,9800.0,Cash,Delivered
ORD-788674,BIZ-1051,3,5,2025-10-27,250000.0,25,10000.0,POS,Delivered
ORD-679546,BIZ-1035,4,4,2025-10-09,420000.0,40,10500.0,Bank Transfer,Delivered
ORD-896387,BIZ-1046,3,3,2025-10-20,380000.0,38,10000.0,Bank Transfer,Pending
ORD-865206,BIZ-1009,2,1,2025-10-19,303800.0,31,9800.0,Cash,Delivered
ORD-898054,BIZ-1057,4,2,2025-10-21,390000.0,39,10000.0,Cash,Cancelled
ORD-578362,BIZ-1017,3,4,2025-10-30,340000.0,34,10000.0,Cash,Delivered
ORD-647579,BIZ-1034,1,5,2025-10-03,360000.0,36,10000.0,POS,Delivered
ORD-661265,BIZ-1001,4,2,2025-10-09,21000.0,2,10500.0,POS,Pending
ORD-707418,BIZ-1048,2,4,2025-10-24,199500.0,21,9500.0,Cash,Cancelled
ORD-696389,BIZ-1047,4,2,2025-10-12,20000.0,2,10000.0,Cash,Cancelled
ORD-446401,BIZ-1060,2,5,2025-10-08,409500.0,39,10500.0,Bank Transfer,Pending
ORD-408708,BIZ-1044,4,5,2025-10-17,205800.0,21,9800.0,POS,Cancelled
ORD-624747,BIZ-1018,3,3,2025-10-01,247000.0,26,9500.0,Cash,Cancelled
ORD-697144,BIZ-1036,4,2,2025-10-27,388500.0,37,10500.0,Bank Transfer,Delivered
ORD-998456,BIZ-1014,2,3,2025-10-19,105000.0,10,10500.0,POS,Cancelled
ORD-283630,BIZ-1050,1,2,2025-10-06,60000.0,6,10000.0,Bank Transfer,Delivered
ORD-213618,BIZ-1023,3,2,2025-10-27,105000.0,10,10500.0,Cash,Pending
ORD-918240,BIZ-1013,4,3,2025-10-06,42000.0,4,10500.0,POS,Pending
ORD-333861,BIZ-1024,3,5,2025-10-25,362600.0,37,9800.0,Bank Transfer,Pending
ORD-248155,BIZ-1030,4,4,2025-10-09,225400.0,23,9800.0,Bank Transfer,Pending
ORD-550756,BIZ-1047,1,4,2025-10-24,323000.0,34,9500.0,Cash,Pending
ORD-687043,BIZ-1024,3,3,2025-10-13,9500.0,1,9500.0,POS,Cancelled
ORD-157433,BIZ-1045,2,5,2025-10-29,60000.0,6,10000.0,POS,Delivered
ORD-833665,BIZ-1017,1,5,2025-10-13,372400.0,38,9800.0,Cash,Pending
ORD-685009,BIZ-1034,2,2,2025-10-01,241500.0,23,10500.0,Bank Transfer,Delivered
ORD-517326,BIZ-1010,2,5,2025-10-15,85500.0,9,9500.0,Cash,Delivered
ORD-579389,BIZ-1016,3,3,2025-10-20,130000.0,13,10000.0,Cash,Cancelled
ORD-132002,BIZ-1041,1,4,2025-10-23,382200.0,39,9800.0,Bank Transfer,Cancelled
ORD-282362,BIZ-1000,4,5,2025-10-20,60000.0,6,10000.0,POS,Delivered
ORD-424536,BIZ-1029,2,1,2025-10-23,294500.0,31,9500.0,POS,Pending
ORD-859589,BIZ-1030,4,2,2025-10-17,47500.0,5,9500.0,Cash,Delivered
ORD-736203,BIZ-1055,4,5,2025-10-07,49000.0,5,10000.0,Bank Transfer,Cancelled
ORD-802699,BIZ-1022,3,3,2025-10-07,313500.0,33,9500.0,Bank Transfer,Delivered
ORD-479376,BIZ-1045,1,4,2025-10-20,245000.0,25,9800.0,Cash,Pending
ORD-645478,BIZ-1038,4,2,2025-10-20,94500.0,9,10500.0,POS,Cancelled
ORD-688411,BIZ-1024,1,5,2025-10-05,152000.0,16,9500.0,Bank Transfer,Pending
ORD-976579,BIZ-1010,2,4,2025-10-23,95000.0,10,9500.0,Cash,Pending
ORD-398531,BIZ-1054,3,4,2025-10-25,39200.0,4,9800.0,Bank Transfer,Cancelled
ORD-461426,BIZ-1023,2,5,2025-10-25,256500.0,27,9500.0,POS,Cancelled
ORD-795817,BIZ-1009,2,5,2025-10-29,388500.0,37,10500.0,POS,Cancelled
ORD-249376,BIZ-1038,2,4,2025-10-04,50000.0,5,10000.0,POS,Delivered
ORD-693774,BIZ-1016,2,5,2025-10-28,367500.0,35,10500.0,Cash,Delivered
ORD-457920,BIZ-1010,4,4,2025-10-19,392000.0,40,9800.0,POS,Pending
ORD-943668,BIZ-1041,2,3,2025-10-01,178500.0,17,10500.0,Bank Transfer,Pending
ORD-254394,BIZ-1047,1,2,2025-10-26,273000.0,26,10500.0,Bank Transfer,Cancelled
ORD-900173,BIZ-1053,4,4,2025-10-13,40000.0,4,10000.0,POS,Cancelled
ORD-809418,BIZ-1005,4,4,2025-10-11,200000.0,20,10000.0,Cash,Delivered
ORD-793023,BIZ-1026,1,5,2025-10-05,68600.0,7,9800.0,Bank Transfer,Pending
ORD-921665,BIZ-1037,4,3,2025-10-08,260000.0,26,10000.0,Bank Transfer,Pending
ORD-700743,BIZ-1046,3,5,2025-10-17,20000.0,2,10000.0,POS,Pending
ORD-526691,BIZ-1049,2,3,2025-10-12,315000.0,30,10500.0,POS,Cancelled
ORD-969494,BIZ-1017,1,4,2025-10-19,147000.0,14,10500.0,POS,Pending
ORD-689083,BIZ-1043,1,3,2025-10-07,320000.0,32,10000.0,Bank Transfer,Cancelled
ORD-546644,BIZ-1000,1,5,2025-10-15,361000.0,38,9500.0,Bank Transfer,Delivered
ORD-970962,BIZ-1055,3,4,2025-10-03,388500.0,37,10500.0,Bank Transfer,Delivered
ORD-252795,BIZ-1033,2,3,2025-10-21,315000.0,30,10000.0,Bank Transfer,Pending
ORD-946444,BIZ-1039,1,2,2025-10-23,120000.0,12,10000.0,Bank Transfer,Delivered
ORD-699268,BIZ-1040,1,3,2025-10-16,47500.0,5,10000.0,POS,Pending
ORD-886874,BIZ-1012,4,3,2025-10-11,88200.0,9,9800.0,Bank Transfer,Cancelled
ORD-984272,BIZ-1035,1,2,2025-10-04,342000.0,36,9500.0,Bank Transfer,Cancelled
ORD-380019,BIZ-1033,3,5,2025-10-06,343000.0,35,9800.0,Cash,Delivered
ORD-256187,BIZ-1035,3,2,2025-10-12,168000.0,16,10500.0,Cash,Pending
ORD-934963,BIZ-1026,1,3,2025-10-08,137200.0,14,9800.0,Cash,Cancelled
ORD-991041,BIZ-1044,4,5,2025-10-24,100000.0,10,10000.0,Cash,Cancelled
ORD-756451,BIZ-1041,3,5,2025-10-16,273000.0,26,10500.0,POS,Delivered
ORD-996151,BIZ-1055,2,5,2025-10-27,28500.0,3,9500.0,POS,Delivered
ORD-272223,BIZ-1034,2,3,2025-10-01,332500.0,35,9500.0,Cash,Delivered
ORD-334602,BIZ-1049,2,1,2025-10-15,60000.0,6,10000.0,POS,Cancelled
ORD-800151,BIZ-1041,3,4,2025-10-01,231000.0,22,10500.0,Cash,Pending
ORD-555342,BIZ-1045,3,5,2025-10-26,400000.0,40,10000.0,POS,Cancelled
ORD-508196,BIZ-1039,3,5,2025-10-19,80000.0,8,10000.0,Cash,Pending
ORD-157829,BIZ-1025,2,5,2025-10-02,256500.0,27,9500.0,Bank Transfer,Pending
ORD-900329,BIZ-1019,3,3,2025-10-04,57000.0,6,9500.0,Cash,Pending
ORD-311873,BIZ-1030,4,1,2025-10-12,105000.0,10,10500.0,POS,Cancelled
ORD-800779,BIZ-1011,2,5,2025-10-03,240000.0,24,10000.0,Bank Transfer,Cancelled
ORD-741613,BIZ-1050,4,3,2025-10-06,254800.0,26,9800.0,Cash,Pending
ORD-963318,BIZ-1056,3,2,2025-10-11,240000.0,24,10000.0,POS,Delivered
ORD-150243,BIZ-1014,1,2,2025-10-26,180000.0,18,10000.0,POS,Delivered
ORD-493416,BIZ-1060,1,1,2025-10-29,274400.0,28,10000.0,Cash,Pending
ORD-741799,BIZ-1034,3,3,2025-10-16,330000.0,33,10000.0,Bank Transfer,Pending
ORD-183995,BIZ-1054,1,1,2025-10-20,245000.0,25,9800.0,Bank Transfer,Cancelled
ORD-735996,BIZ-1046,2,2,2025-10-09,209000.0,22,9500.0,Bank Transfer,Delivered
ORD-873566,BIZ-1015,1,4,2025-10-03,228000.0,24,9500.0,POS,Delivered
ORD-575148,BIZ-1047,3,4,2025-10-10,241500.0,23,10500.0,Cash,Delivered
ORD-285796,BIZ-1047,2,3,2025-10-13,115500.0,11,10500.0,Bank Transfer,Pending
ORD-647155,BIZ-1055,1,3,2025-10-26,210000.0,20,10000.0,Bank Transfer,Cancelled
ORD-710756,BIZ-1039,3,3,2025-10-06,117600.0,12,9800.0,Cash,Delivered
ORD-773262,BIZ-1033,1,2,2025-10-29,420000.0,40,10500.0,Cash,Cancelled
ORD-250625,BIZ-1053,2,1,2025-10-13,350000.0,35,10000.0,Bank Transfer,Delivered
ORD-486254,BIZ-1023,2,4,2025-10-02,220500.0,21,10500.0,POS,Pending
ORD-393391,BIZ-1000,2,4,2025-10-07,210000.0,20,10500.0,Cash,Delivered
ORD-619326,BIZ-1022,1,3,2025-10-09,420000.0,40,10500.0,Bank Transfer,Cancelled
ORD-727924,BIZ-1014,4,5,2025-10-14,320000.0,32,10000.0,Cash,Pending
ORD-270196,BIZ-1052,4,4,2025-10-09,361000.0,38,9500.0,POS,Delivered
ORD-570836,BIZ-1027,1,5,2025-10-02,190000.0,19,10000.0,Bank Transfer,Delivered
ORD-861288,BIZ-1036,2,5,2025-10-27,313500.0,33,10000.0,Cash,Pending
ORD-531642,BIZ-1041,2,4,2025-10-13,49000.0,5,9800.0,Cash,Delivered
ORD-725278,BIZ-1060,1,5,2025-10-21,346500.0,33,10500.0,POS,Pending
ORD-120407,BIZ-1047,4,4,2025-10-05,9500.0,1,9500.0,POS,Pending
ORD-196541,BIZ-1061,2,4,2025-10-17,42000.0,4,10000.0,Cash,Pending
ORD-615998,BIZ-1028,1,3,2025-10-23,205800.0,21,9800.0,POS,Pending
ORD-966130,BIZ-1014,3,5,2025-10-22,114000.0,12,9500.0,Cash,Cancelled
ORD-503149,BIZ-1055,4,4,2025-10-15,70000.0,7,10000.0,Cash,Cancelled
ORD-268791,BIZ-1007,2,3,2025-10-28,190000.0,20,9500.0,Bank Transfer,Delivered
ORD-731031,BIZ-1014,2,4,2025-10-17,325500.0,31,10500.0,POS,Cancelled
ORD-915519,BIZ-1015,2,4,2025-10-03,58800.0,6,9800.0,POS,Pending
ORD-516577,BIZ-1045,3,4,2025-10-08,313500.0,33,9500.0,Cash,Delivered
ORD-807403,BIZ-1027,4,4,2025-10-29,370000.0,37,10000.0,POS,Pending
ORD-170420,BIZ-1052,2,5,2025-10-17,218500.0,23,9500.0,Bank Transfer,Pending
ORD-308078,BIZ-1046,2,2,2025-10-30,380000.0,38,10000.0,POS,Pending
ORD-343388,BIZ-1053,3,3,2025-10-07,147000.0,14,10500.0,Bank Transfer,Cancelled
ORD-239110,BIZ-1041,3,4,2025-10-03,273000.0,26,10500.0,POS,Pending
ORD-429462,BIZ-1054,4,5,2025-10-29,152000.0,16,9500.0,POS,Delivered
ORD-279567,BIZ-1038,1,4,2025-10-11,294000.0,30,9800.0,POS,Cancelled
ORD-520806,BIZ-1056,3,5,2025-10-07,31500.0,3,10000.0,POS,Pending
ORD-671144,BIZ-1032,2,4,2025-10-04,180000.0,18,10000.0,Bank Transfer,Delivered
ORD-586806,BIZ-1056,3,5,2025-10-28,10500.0,1,10500.0,Cash,Cancelled
ORD-990813,BIZ-1043,3,3,2025-10-01,76000.0,8,9500.0,Bank Transfer,Delivered
ORD-272252,BIZ-1008,1,1,2025-10-30,38000.0,4,9500.0,POS,Pending
ORD-182412,BIZ-1006,4,2,2025-10-21,156800.0,16,9800.0,Bank Transfer,Delivered
ORD-100487,BIZ-1035,4,5,2025-10-19,313600.0,32,9800.0,Bank Transfer,Pending
ORD-329502,BIZ-1018,4,4,2025-10-12,137200.0,14,9800.0,Cash,Cancelled
ORD-349532,BIZ-1025,4,2,2025-10-23,40000.0,4,10000.0,Cash,Delivered
ORD-802160,BIZ-1029,1,3,2025-10-25,205800.0,21,9800.0,POS,Pending
ORD-590448,BIZ-1025,3,5,2025-10-10,166600.0,17,9800.0,Bank Transfer,Cancelled
ORD-701290,BIZ-1037,2,5,2025-10-15,294000.0,30,10000.0,Bank Transfer,Delivered
ORD-494244,BIZ-1061,2,2,2025-10-30,241500.0,23,10500.0,Cash,Delivered
ORD-328855,BIZ-1012,3,3,2025-10-04,237500.0,25,9500.0,Bank Transfer,Pending
ORD-800318,BIZ-1057,2,4,2025-10-14,161500.0,17,9500.0,Cash,Cancelled
ORD-422015,BIZ-1060,4,5,2025-10-17,152000.0,16,9500.0,Bank Transfer,Delivered
ORD-151573,BIZ-1061,1,3,2025-10-08,370500.0,39,9500.0,Cash,Pending
ORD-276888,BIZ-1032,1,5,2025-10-22,190000.0,20,9500.0,Cash,Delivered
ORD-438713,BIZ-1061,3,3,2025-10-26,266000.0,28,10000.0,Bank Transfer,Cancelled
ORD-514804,BIZ-1028,1,2,2025-10-02,362600.0,37,9800.0,POS,Pending
ORD-145090,BIZ-1044,4,2,2025-10-09,140000.0,14,10000.0,POS,Cancelled
ORD-199107,BIZ-1039,2,5,2025-10-30,390000.0,39,10000.0,POS,Cancelled
ORD-398593,BIZ-1038,2,4,2025-10-13,107800.0,11,10000.0,POS,Pending
ORD-347996,BIZ-1017,2,2,2025-10-30,189000.0,18,10500.0,POS,Pending
ORD-815179,BIZ-1023,4,5,2025-10-14,420000.0,40,10500.0,Cash,Pending
ORD-206551,BIZ-1040,1,5,2025-10-08,199500.0,21,9500.0,Cash,Delivered
ORD-660130,BIZ-1036,4,3,2025-10-12,343000.0,35,9800.0,Cash,Pending
ORD-248660,BIZ-1011,3,2,2025-10-04,241500.0,23,10500.0,Bank Transfer,Cancelled
ORD-876907,BIZ-1010,1,2,2025-10-28,9500.0,1,9500.0,POS,Delivered
ORD-799689,BIZ-1049,4,5,2025-10-24,156800.0,16,9800.0,Bank Transfer,Cancelled
ORD-295714,BIZ-1041,3,5,2025-10-16,166600.0,17,9800.0,Cash,Cancelled
ORD-974468,BIZ-1056,2,5,2025-10-03,323400.0,33,9800.0,POS,Pending
ORD-196750,BIZ-1010,1,3,2025-10-05,300000.0,30,10000.0,POS,Delivered
ORD-960498,BIZ-1046,2,2,2025-10-27,352800.0,36,9800.0,Cash,Pending
ORD-967510,BIZ-1030,1,5,2025-10-18,133000.0,14,9500.0,POS,Delivered
ORD-758784,BIZ-1015,3,5,2025-10-06,215600.0,22,9800.0,Bank Transfer,Pending
ORD-644656,BIZ-1006,4,3,2025-10-06,130000.0,13,10000.0,Bank Transfer,Pending
ORD-540263,BIZ-1049,2,3,2025-10-28,343000.0,35,9800.0,Bank Transfer,Pending
ORD-672653,BIZ-1033,4,4,2025-10-06,310000.0,31,10000.0,Bank Transfer,Cancelled
ORD-970053,BIZ-1050,3,2,2025-10-11,28500.0,3,10000.0,Bank Transfer,Delivered
ORD-866748,BIZ-1004,1,2,2025-10-15,114000.0,12,9500.0,POS,Pending
ORD-559203,BIZ-1038,1,4,2025-10-21,228000.0,24,9500.0,Cash,Cancelled
ORD-546714,BIZ-1004,1,2,2025-10-08,323400.0,33,9800.0,Bank Transfer,Cancelled
ORD-342880,BIZ-1004,3,5,2025-10-26,230000.0,23,10000.0,Bank Transfer,Delivered
ORD-665559,BIZ-1051,1,3,2025-10-27,264600.0,27,9800.0,POS,Cancelled
ORD-220570,BIZ-1014,2,5,2025-10-08,85500.0,9,9500.0,Cash,Delivered
ORD-285825,BIZ-1021,2,4,2025-10-26,294500.0,31,10000.0,Cash,Pending
ORD-433910,BIZ-1019,4,3,2025-10-17,84000.0,8,10500.0,Cash,Cancelled
ORD-454912,BIZ-1027,3,4,2025-10-13,313500.0,33,9500.0,POS,Pending
ORD-886716,BIZ-1009,1,2,2025-10-07,370500.0,39,9500.0,Cash,Cancelled
ORD-874672,BIZ-1042,1,2,2025-10-14,196000.0,20,9800.0,POS,Cancelled
ORD-923769,BIZ-1001,2,5,2025-10-01,254800.0,26,9800.0,Cash,Pending
ORD-671052,BIZ-1016,1,2,2025-10-22,380000.0,40,9500.0,POS,Pending
ORD-549513,BIZ-1035,3,4,2025-10-22,362600.0,37,9800.0,Cash,Pending
ORD-224775,BIZ-1022,1,2,2025-10-13,63000.0,6,10500.0,Bank Transfer,Cancelled
ORD-834120,BIZ-1026,2,1,2025-10-14,342000.0,36,9500.0,Cash,Pending
ORD-620580,BIZ-1017,4,3,2025-10-02,94500.0,9,10500.0,POS,Delivered
ORD-524762,BIZ-1053,1,2,2025-10-08,237500.0,25,9500.0,Cash,Pending
ORD-946835,BIZ-1045,1,4,2025-10-16,180500.0,19,9500.0,POS,Cancelled
ORD-930895,BIZ-1044,3,5,2025-10-05,420000.0,40,10500.0,Bank Transfer,Pending
ORD-901674,BIZ-1057,4,3,2025-10-01,378000.0,36,10500.0,POS,Cancelled
ORD-666881,BIZ-1061,3,4,2025-10-01,382200.0,39,9800.0,POS,Cancelled
ORD-790917,BIZ-1036,2,3,2025-10-05,199500.0,19,10500.0,Bank Transfer,Delivered
ORD-289214,BIZ-1061,3,4,2025-10-26,152000.0,16,9500.0,Bank Transfer,Pending
ORD-466271,BIZ-1002,2,4,2025-10-07,60000.0,6,10000.0,Cash,Pending
ORD-266951,BIZ-1013,1,3,2025-10-10,357000.0,34,10500.0,Bank Transfer,Pending
ORD-512464,BIZ-1040,1,3,2025-10-03,137200.0,14,10000.0,Bank Transfer,Delivered
ORD-791593,BIZ-1021,4,3,2025-10-21,346500.0,33,10500.0,POS,Pending
ORD-915044,BIZ-1015,2,2,2025-10-11,350000.0,35,10000.0,Bank Transfer,Delivered
ORD-569009,BIZ-1023,3,4,2025-10-11,245000.0,25,9800.0,POS,Cancelled
ORD-820106,BIZ-1022,3,5,2025-10-29,260000.0,26,10000.0,POS,Cancelled
ORD-697092,BIZ-1008,1,3,2025-10-08,178500.0,17,10500.0,POS,Pending
ORD-176401,BIZ-1043,3,4,2025-10-05,186200.0,19,10000.0,Cash,Pending
ORD-907498,BIZ-1025,3,4,2025-10-16,304500.0,29,10500.0,Bank Transfer,Cancelled
ORD-176287,BIZ-1006,4,5,2025-10-29,39200.0,4,9800.0,POS,Pending
ORD-245483,BIZ-1048,4,3,2025-10-30,30000.0,3,10000.0,POS,Delivered
ORD-517260,BIZ-1057,1,5,2025-10-10,220000.0,22,10000.0,Bank Transfer,Delivered
ORD-891636,BIZ-1022,2,5,2025-10-30,70000.0,7,10000.0,Bank Transfer,Cancelled
ORD-141350,BIZ-1022,2,3,2025-10-18,68600.0,7,9800.0,Bank Transfer,Pending
ORD-660211,BIZ-1013,3,4,2025-10-17,85500.0,9,9500.0,POS,Pending
ORD-381560,BIZ-1000,2,4,2025-10-24,38000.0,4,9500.0,Cash,Cancelled
ORD-753721,BIZ-1023,3,5,2025-10-08,70000.0,7,10000.0,Bank Transfer,Cancelled
ORD-402833,BIZ-1032,3,2,2025-10-19,218500.0,23,9500.0,POS,Pending
ORD-116951,BIZ-1005,1,3,2025-10-24,310000.0,31,10000.0,Bank Transfer,Pending
ORD-233037,BIZ-1017,1,2,2025-10-29,161500.0,17,9500.0,Cash,Pending
ORD-139623,BIZ-1059,2,5,2025-10-27,284200.0,29,9800.0,POS,Delivered
ORD-937167,BIZ-1053,2,5,2025-10-26,362600.0,37,9800.0,Bank Transfer,Cancelled
ORD-734563,BIZ-1029,2,1,2025-10-02,247000.0,26,9500.0,Cash,Delivered
ORD-340961,BIZ-1034,4,5,2025-10-21,332500.0,35,9500.0,POS,Cancelled
ORD-668624,BIZ-1009,2,2,2025-10-20,176400.0,18,9800.0,POS,Cancelled
ORD-854124,BIZ-1004,1,3,2025-10-13,260000.0,26,10000.0,Cash,Cancelled
ORD-824992,BIZ-1017,3,4,2025-10-18,114000.0,12,9500.0,Bank Transfer,Delivered
ORD-406045,BIZ-1006,4,4,2025-10-08,210000.0,20,10500.0,Cash,Delivered
ORD-412619,BIZ-1017,4,4,2025-10-20,332500.0,35,9500.0,Bank Transfer,Delivered
ORD-454126,BIZ-1034,3,3,2025-10-27,409500.0,39,10000.0,POS,Delivered
ORD-739348,BIZ-1017,2,4,2025-10-26,218500.0,23,9500.0,Bank Transfer,Pending
ORD-760095,BIZ-1008,1,4,2025-10-16,215600.0,22,9800.0,Cash,Delivered
ORD-188095,BIZ-1021,1,2,2025-10-02,90000.0,9,10000.0,Cash,Cancelled
ORD-573813,BIZ-1029,4,4,2025-10-09,294500.0,31,9500.0,Cash,Cancelled
ORD-632188,BIZ-1057,4,5,2025-10-19,168000.0,16,10500.0,POS,Pending
ORD-887663,BIZ-1050,1,3,2025-10-14,120000.0,12,10000.0,Bank Transfer,Pending
ORD-829054,BIZ-1061,3,1,2025-10-28,85500.0,9,9500.0,Bank Transfer,Delivered
ORD-196118,BIZ-1019,3,2,2025-10-20,142500.0,15,9500.0,Bank Transfer,Pending
ORD-287739,BIZ-1058,2,3,2025-10-11,262500.0,25,10500.0,Cash,Delivered
ORD-670392,BIZ-1019,3,4,2025-10-08,127400.0,13,9800.0,Cash,Delivered
ORD-509464,BIZ-1018,1,5,2025-10-13,409500.0,39,10500.0,POS,Cancelled
ORD-665465,BIZ-1052,1,3,2025-10-15,196000.0,20,9800.0,POS,Pending
ORD-788627,BIZ-1058,2,5,2025-10-24,123500.0,13,9500.0,Bank Transfer,Delivered
ORD-745485,BIZ-1034,1,5,2025-10-06,361000.0,38,9500.0,POS,Cancelled
ORD-498928,BIZ-1056,3,5,2025-10-14,78400.0,8,9800.0,Cash,Cancelled
ORD-743851,BIZ-1060,4,3,2025-10-24,215600.0,22,9800.0,Cash,Delivered
ORD-758315,BIZ-1050,2,3,2025-10-02,147000.0,14,10500.0,POS,Delivered
ORD-618938,BIZ-1003,2,5,2025-10-20,209000.0,22,9500.0,Bank Transfer,Delivered
ORD-616393,BIZ-1027,1,2,2025-10-19,323400.0,33,9800.0,Cash,Cancelled
ORD-257199,BIZ-1033,2,2,2025-10-12,140000.0,14,10000.0,POS,Cancelled
ORD-702504,BIZ-1056,2,3,2025-10-26,284200.0,29,9800.0,Cash,Pending
ORD-630375,BIZ-1051,1,2,2025-10-28,300000.0,30,10000.0,Cash,Delivered
ORD-986582,BIZ-1022,3,3,2025-10-15,84000.0,8,10500.0,Cash,Delivered
ORD-974604,BIZ-1028,3,2,2025-10-05,280000.0,28,10000.0,Bank Transfer,Cancelled
ORD-641187,BIZ-1000,2,4,2025-10-04,50000.0,5,10000.0,Bank Transfer,Pending
ORD-617899,BIZ-1008,1,4,2025-10-18,178500.0,17,10500.0,Cash,Pending
ORD-140034,BIZ-1019,4,2,2025-10-30,9500.0,1,9500.0,Bank Transfer,Pending
ORD-657989,BIZ-1015,2,4,2025-10-24,19600.0,2,9800.0,Cash,Delivered
ORD-649859,BIZ-1019,1,3,2025-10-10,20000.0,2,10000.0,POS,Cancelled
ORD-774810,BIZ-1043,4,5,2025-10-01,254800.0,26,9800.0,Bank Transfer,Pending
ORD-755569,BIZ-1014,1,3,2025-10-06,95000.0,10,10000.0,Cash,Cancelled
ORD-486589,BIZ-1041,1,3,2025-10-24,210000.0,21,10000.0,Cash,Pending
ORD-382410,BIZ-1001,4,3,2025-10-02,346500.0,33,10000.0,POS,Pending
ORD-795803,BIZ-1059,1,3,2025-10-27,262500.0,25,10500.0,POS,Cancelled
ORD-477861,BIZ-1052,3,4,2025-10-27,264600.0,27,9800.0,POS,Delivered
ORD-509106,BIZ-1015,1,3,2025-10-23,137200.0,14,10000.0,POS,Cancelled
ORD-749633,BIZ-1024,3,3,2025-10-12,352800.0,36,9800.0,Bank Transfer,Delivered
ORD-578816,BIZ-1014,3,3,2025-10-10,283500.0,27,10500.0,Bank Transfer,Pending
ORD-132122,BIZ-1022,3,5,2025-10-18,390000.0,39,10000.0,Bank Transfer,Pending
ORD-276076,BIZ-1045,4,4,2025-10-21,300000.0,30,10000.0,Cash,Cancelled
ORD-668087,BIZ-1056,2,5,2025-10-09,29400.0,3,9800.0,POS,Delivered
ORD-882733,BIZ-1034,4,2,2025-10-06,247000.0,26,9500.0,Bank Transfer,Cancelled
ORD-492722,BIZ-1020,4,4,2025-10-11,300000.0,30,10000.0,Cash,Delivered
ORD-291423,BIZ-1059,4,4,2025-10-09,10500.0,1,10500.0,POS,Pending
ORD-512272,BIZ-1038,1,2,2025-10-29,392000.0,40,9800.0,POS,Pending
ORD-513209,BIZ-1006,2,4,2025-10-14,275500.0,29,9500.0,Cash,Cancelled
ORD-470168,BIZ-1045,3,1,2025-10-06,9800.0,1,9800.0,Cash,Cancelled
ORD-741086,BIZ-1057,3,2,2025-10-25,294500.0,31,9500.0,Bank Transfer,Delivered
ORD-769307,BIZ-1012,3,2,2025-10-09,303800.0,31,10000.0,Bank Transfer,Cancelled
ORD-239563,BIZ-1005,3,2,2025-10-08,240000.0,24,10000.0,POS,Cancelled
ORD-875275,BIZ-1025,4,2,2025-10-21,95000.0,10,9500.0,Bank Transfer,Delivered
ORD-382331,BIZ-1022,1,5,2025-10-18,29400.0,3,9800.0,POS,Cancelled
ORD-970641,BIZ-1021,1,5,2025-10-24,98000.0,10,9800.0,Bank Transfer,Delivered
ORD-304019,BIZ-1021,4,3,2025-10-26,78400.0,8,9800.0,Bank Transfer,Cancelled
ORD-700408,BIZ-1028,4,3,2025-10-17,294000.0,30,10000.0,Cash,Pending
ORD-456710,BIZ-1019,1,3,2025-10-29,343000.0,35,9800.0,Bank Transfer,Cancelled
ORD-373393,BIZ-1054,1,2,2025-10-13,360000.0,36,10000.0,POS,Pending
ORD-813586,BIZ-1022,3,5,2025-10-03,270000.0,27,10000.0,Cash,Cancelled
ORD-295666,BIZ-1023,2,3,2025-10-28,178500.0,17,10500.0,Cash,Delivered
ORD-454301,BIZ-1045,1,4,2025-10-16,21000.0,2,10500.0,Cash,Cancelled
ORD-606779,BIZ-1020,2,4,2025-10-22,50000.0,5,10000.0,POS,Cancelled
ORD-460029,BIZ-1040,3,1,2025-10-06,284200.0,29,9800.0,POS,Cancelled
ORD-703396,BIZ-1037,1,4,2025-10-12,57000.0,6,9500.0,Bank Transfer,Cancelled
ORD-717741,BIZ-1033,1,4,2025-10-06,176400.0,18,9800.0,Cash,Delivered
ORD-828338,BIZ-1004,3,3,2025-10-07,361000.0,38,9500.0,POS,Pending
ORD-655473,BIZ-1053,3,5,2025-10-07,156800.0,16,9800.0,Bank Transfer,Pending
ORD-819781,BIZ-1029,3,5,2025-10-19,180000.0,18,10000.0,Cash,Delivered
ORD-334412,BIZ-1045,3,2,2025-10-12,115500.0,11,10500.0,POS,Cancelled
ORD-628986,BIZ-1038,2,5,2025-10-26,9800.0,1,9800.0,Bank Transfer,Pending
ORD-845134,BIZ-1048,1,3,2025-10-04,63000.0,6,10500.0,Bank Transfer,Pending
ORD-483573,BIZ-1036,3,3,2025-10-12,40000.0,4,10000.0,Bank Transfer,Delivered
ORD-777192,BIZ-1026,1,3,2025-10-01,152000.0,16,9500.0,Bank Transfer,Cancelled
ORD-505042,BIZ-1009,2,4,2025-10-15,220500.0,21,10500.0,Bank Transfer,Delivered
ORD-685823,BIZ-1036,1,2,2025-10-29,325500.0,31,10500.0,Cash,Cancelled
ORD-739509,BIZ-1048,3,5,2025-10-10,220000.0,22,10000.0,Bank Transfer,Pending
ORD-611462,BIZ-1026,2,4,2025-10-10,343000.0,35,9800.0,Cash,Delivered
ORD-401260,BIZ-1039,3,4,2025-10-24,220500.0,21,10000.0,Cash,Pending
ORD-335097,BIZ-1026,4,5,2025-10-25,189000.0,18,10500.0,Cash,Delivered
ORD-421513,BIZ-1013,3,4,2025-10-01,127400.0,13,9800.0,Bank Transfer,Delivered
ORD-225805,BIZ-1058,2,1,2025-10-19,370500.0,39,9500.0,POS,Delivered
ORD-637196,BIZ-1006,3,1,2025-10-27,70000.0,7,10000.0,Bank Transfer,Delivered
ORD-178129,BIZ-1035,3,2,2025-10-25,199500.0,19,10500.0,Bank Transfer,Cancelled
ORD-218695,BIZ-1049,2,3,2025-10-28,235200.0,24,9800.0,POS,Delivered
ORD-728098,BIZ-1060,3,1,2025-10-28,313500.0,33,9500.0,Bank Transfer,Cancelled
ORD-149167,BIZ-1017,1,5,2025-10-15,78400.0,8,9800.0,Cash,Delivered
ORD-973489,BIZ-1023,4,3,2025-10-06,63000.0,6,10500.0,Cash,Delivered
ORD-710247,BIZ-1056,3,1,2025-10-22,105000.0,10,10500.0,POS,Cancelled
ORD-931994,BIZ-1019,2,3,2025-10-08,126000.0,12,10500.0,POS,Cancelled
ORD-979296,BIZ-1020,3,2,2025-10-02,285000.0,30,9500.0,POS,Delivered
ORD-513695,BIZ-1053,4,4,2025-10-11,210000.0,20,10000.0,Cash,Delivered
ORD-441045,BIZ-1052,4,2,2025-10-10,10000.0,1,10000.0,Bank Transfer,Cancelled
ORD-212745,BIZ-1006,1,2,2025-10-09,342000.0,36,9500.0,Bank Transfer,Delivered
ORD-443687,BIZ-1051,2,2,2025-10-10,76000.0,8,9500.0,Cash,Cancelled
ORD-327117,BIZ-1040,1,4,2025-10-07,60000.0,6,10000.0,Cash,Pending
ORD-483894,BIZ-1030,4,5,2025-10-22,210000.0,20,10500.0,Bank Transfer,Pending
ORD-324885,BIZ-1011,1,5,2025-10-19,388500.0,37,10500.0,POS,Delivered
ORD-598970,BIZ-1036,4,3,2025-10-25,19000.0,2,9500.0,POS,Cancelled
ORD-650004,BIZ-1022,1,5,2025-10-22,382200.0,39,9800.0,Cash,Delivered
ORD-937606,BIZ-1022,3,5,2025-10-03,40000.0,4,10000.0,Bank Transfer,Cancelled
ORD-992924,BIZ-1002,3,2,2025-10-13,58800.0,6,9800.0,Bank Transfer,Pending
ORD-116836,BIZ-1002,3,3,2025-10-10,262500.0,25,10500.0,Bank Transfer,Pending
ORD-378663,BIZ-1033,4,5,2025-10-29,73500.0,7,10500.0,Cash,Pending
ORD-256957,BIZ-1048,3,1,2025-10-29,343000.0,35,9800.0,Bank Transfer,Cancelled
ORD-774561,BIZ-1049,3,3,2025-10-21,190000.0,20,9500.0,POS,Pending
ORD-397249,BIZ-1028,1,5,2025-10-25,382200.0,39,9800.0,Cash,Pending
ORD-930948,BIZ-1023,2,3,2025-10-29,40000.0,4,10000.0,Bank Transfer,Pending
ORD-914044,BIZ-1037,1,4,2025-10-03,336000.0,32,10500.0,Bank Transfer,Cancelled
ORD-578814,BIZ-1046,4,2,2025-10-11,264600.0,27,9800.0,Bank Transfer,Cancelled
ORD-654919,BIZ-1016,4,4,2025-10-12,361000.0,38,9500.0,POS,Pending
ORD-227940,BIZ-1026,3,3,2025-10-29,380000.0,38,10000.0,POS,Cancelled
ORD-649161,BIZ-1006,3,4,2025-10-21,107800.0,11,9800.0,Bank Transfer,Pending
ORD-163063,BIZ-1039,4,3,2025-10-15,42000.0,4,10500.0,Bank Transfer,Pending
ORD-975468,BIZ-1057,2,2,2025-10-19,85500.0,9,9500.0,Cash,Cancelled
ORD-601233,BIZ-1023,2,3,2025-10-04,161500.0,17,9500.0,Bank Transfer,Pending
ORD-478521,BIZ-1017,1,3,2025-10-01,285000.0,30,9500.0,Cash,Pending
ORD-985734,BIZ-1058,2,4,2025-10-04,241500.0,23,10500.0,POS,Pending
ORD-684900,BIZ-1041,4,3,2025-10-16,220500.0,21,10500.0,Cash,Delivered
ORD-465236,BIZ-1009,3,4,2025-10-26,231000.0,22,10500.0,Bank Transfer,Delivered
ORD-243497,BIZ-1020,3,4,2025-10-13,31500.0,3,10500.0,POS,Cancelled
ORD-684483,BIZ-1038,1,5,2025-10-29,20000.0,2,10000.0,POS,Pending
ORD-948708,BIZ-1033,4,2,2025-10-25,313600.0,32,9800.0,Cash,Cancelled
ORD-536294,BIZ-1028,2,3,2025-10-24,215600.0,22,9800.0,Cash,Delivered
ORD-440215,BIZ-1021,1,2,2025-10-02,218500.0,23,9500.0,Cash,Cancelled
ORD-711914,BIZ-1060,3,3,2025-10-26,330000.0,33,10000.0,Bank Transfer,Cancelled
ORD-930782,BIZ-1052,3,5,2025-10-16,274400.0,28,9800.0,Bank Transfer,Pending
ORD-665093,BIZ-1025,4,5,2025-10-23,98000.0,10,9800.0,Bank Transfer,Delivered
ORD-413157,BIZ-1058,3,2,2025-10-14,76000.0,8,9500.0,Bank Transfer,Cancelled
ORD-244933,BIZ-1016,3,4,2025-10-26,343000.0,35,9800.0,Cash,Delivered
ORD-454303,BIZ-1000,4,3,2025-10-15,39200.0,4,9800.0,Cash,Cancelled
ORD-876787,BIZ-1052,3,5,2025-10-16,190000.0,20,9500.0,Bank Transfer,Pending
ORD-393196,BIZ-1052,3,2,2025-10-27,280000.0,28,10000.0,Cash,Pending
ORD-456029,BIZ-1021,3,4,2025-10-17,378000.0,36,10500.0,POS,Pending
ORD-542461,BIZ-1045,1,3,2025-10-22,380000.0,40,9500.0,POS,Cancelled
ORD-935298,BIZ-1051,2,3,2025-10-29,351500.0,37,9500.0,Bank Transfer,Pending
ORD-925866,BIZ-1016,3,2,2025-10-27,370500.0,39,9500.0,POS,Pending
ORD-743456,BIZ-1059,4,2,2025-10-22,176400.0,18,9800.0,Cash,Cancelled
ORD-626417,BIZ-1051,4,2,2025-10-09,256500.0,27,9500.0,Cash,Pending
ORD-744226,BIZ-1039,4,3,2025-10-04,294500.0,31,9500.0,Cash,Delivered
ORD-187008,BIZ-1010,2,2,2025-10-28,409500.0,39,10500.0,POS,Pending
ORD-548903,BIZ-1037,2,5,2025-10-25,380000.0,40,9500.0,POS,Cancelled
ORD-126629,BIZ-1007,3,5,2025-10-30,420000.0,40,10500.0,Bank Transfer,Cancelled
ORD-992351,BIZ-1012,2,2,2025-10-05,90000.0,9,10000.0,Cash,Pending
ORD-141316,BIZ-1057,3,3,2025-10-01,30000.0,3,10000.0,Cash,Pending
ORD-940561,BIZ-1052,4,2,2025-10-02,30000.0,3,10000.0,Cash,Pending
ORD-770213,BIZ-1014,4,1,2025-10-10,332500.0,35,9500.0,POS,Cancelled
ORD-778785,BIZ-1006,3,2,2025-10-07,228000.0,24,9500.0,POS,Delivered
ORD-176281,BIZ-1017,4,1,2025-10-27,362600.0,37,9800.0,Cash,Pending
ORD-237497,BIZ-1009,1,4,2025-10-29,60000.0,6,10000.0,Bank Transfer,Delivered
ORD-965932,BIZ-1032,1,2,2025-10-20,180000.0,18,10000.0,POS,Cancelled
ORD-967252,BIZ-1050,3,5,2025-10-27,50000.0,5,10000.0,Cash,Delivered
ORD-441813,BIZ-1035,4,2,2025-10-04,210000.0,20,10500.0,Cash,Pending
ORD-172606,BIZ-1005,4,2,2025-10-27,117600.0,12,9800.0,Cash,Delivered
ORD-439714,BIZ-1033,3,2,2025-10-07,142500.0,15,9500.0,Cash,Pending
ORD-135430,BIZ-1053,4,5,2025-10-11,190000.0,19,10000.0,Bank Transfer,Delivered
ORD-764186,BIZ-1019,2,5,2025-10-16,47500.0,5,9500.0,POS,Pending
ORD-682532,BIZ-1022,3,3,2025-10-19,378000.0,36,10500.0,Cash,Cancelled
ORD-815123,BIZ-1018,4,4,2025-10-23,123500.0,13,9500.0,POS,Cancelled
ORD-417993,BIZ-1018,4,3,2025-10-04,50000.0,5,10000.0,Cash,Delivered
ORD-645059,BIZ-1012,2,4,2025-10-09,285000.0,30,9500.0,Bank Transfer,Delivered
ORD-501675,BIZ-1060,4,2,2025-10-16,140000.0,14,10000.0,Cash,Pending
ORD-750077,BIZ-1005,3,4,2025-10-12,254800.0,26,9800.0,POS,Cancelled
ORD-614462,BIZ-1003,1,4,2025-10-30,370500.0,39,9500.0,Cash,Pending
ORD-991648,BIZ-1030,2,4,2025-10-05,380000.0,38,10000.0,Bank Transfer,Delivered
ORD-332873,BIZ-1027,2,4,2025-10-21,170000.0,17,10000.0,Cash,Pending
ORD-768280,BIZ-1023,3,5,2025-10-13,245000.0,25,9800.0,POS,Pending
ORD-854304,BIZ-1053,2,3,2025-10-24,115500.0,11,10500.0,Bank Transfer,Delivered
ORD-774387,BIZ-1012,3,3,2025-10-29,19600.0,2,9800.0,Cash,Cancelled
ORD-883181,BIZ-1060,1,4,2025-10-13,362600.0,37,9800.0,Cash,Delivered
ORD-484087,BIZ-1042,3,2,2025-10-01,285000.0,30,9500.0,POS,Pending
ORD-874633,BIZ-1024,4,2,2025-10-26,247000.0,26,9500.0,Bank Transfer,Cancelled
ORD-486750,BIZ-1042,2,2,2025-10-22,137200.0,14,9800.0,Bank Transfer,Delivered
ORD-172973,BIZ-1013,2,3,2025-10-09,315000.0,30,10500.0,Cash,Pending
ORD-944507,BIZ-1011,4,3,2025-10-16,400000.0,40,10000.0,POS,Pending
ORD-841936,BIZ-1018,2,4,2025-10-25,137200.0,14,9800.0,Cash,Cancelled
ORD-956011,BIZ-1023,4,1,2025-10-17,186200.0,19,9800.0,Cash,Pending
ORD-240221,BIZ-1032,2,3,2025-10-04,241500.0,23,10500.0,Cash,Cancelled
ORD-165971,BIZ-1055,2,3,2025-10-06,231000.0,22,10500.0,Cash,Pending
ORD-736044,BIZ-1012,2,2,2025-10-04,58800.0,6,9800.0,Cash,Cancelled
ORD-982027,BIZ-1028,4,2,2025-10-05,160000.0,16,10000.0,POS,Cancelled
ORD-757364,BIZ-1017,3,3,2025-10-20,360000.0,36,10000.0,Cash,Delivered
ORD-197102,BIZ-1028,1,5,2025-10-10,126000.0,12,10500.0,Bank Transfer,Delivered
ORD-874159,BIZ-1056,4,3,2025-10-02,378000.0,36,10500.0,Bank Transfer,Pending
ORD-194215,BIZ-1042,2,3,2025-10-01,50000.0,5,10000.0,POS,Pending
ORD-535544,BIZ-1031,4,3,2025-10-16,290000.0,29,10000.0,Bank Transfer,Cancelled
ORD-267930,BIZ-1029,3,2,2025-10-08,275500.0,29,9500.0,Bank Transfer,Cancelled
ORD-679596,BIZ-1046,1,3,2025-10-07,367500.0,35,10500.0,Cash,Cancelled
ORD-125402,BIZ-1004,4,3,2025-10-14,256500.0,27,9500.0,Cash,Cancelled
ORD-904189,BIZ-1004,3,5,2025-10-16,186200.0,19,9800.0,POS,Cancelled
ORD-643876,BIZ-1025,4,5,2025-10-15,20000.0,2,10000.0,Cash,Delivered
ORD-797467,BIZ-1014,4,2,2025-10-22,95000.0,10,9500.0,Cash,Pending
ORD-925148,BIZ-1026,4,5,2025-10-14,209000.0,22,9500.0,Bank Transfer,Pending
ORD-467093,BIZ-1052,1,4,2025-10-06,142500.0,15,9500.0,Cash,Delivered
ORD-436434,BIZ-1035,4,4,2025-10-15,147000.0,15,9800.0,POS,Cancelled
ORD-480829,BIZ-1034,2,4,2025-10-08,294000.0,28,10500.0,POS,Pending
ORD-378533,BIZ-1042,3,4,2025-10-17,294000.0,28,10500.0,Cash,Delivered
ORD-497315,BIZ-1008,4,3,2025-10-15,225400.0,23,9800.0,Bank Transfer,Delivered
ORD-698966,BIZ-1011,1,2,2025-10-05,220000.0,22,10000.0,Cash,Pending
ORD-441242,BIZ-1047,2,3,2025-10-29,49000.0,5,9800.0,Cash,Pending
ORD-194617,BIZ-1044,4,3,2025-10-05,100000.0,10,10000.0,Bank Transfer,Pending
ORD-913189,BIZ-1029,1,2,2025-10-16,84000.0,8,10500.0,Bank Transfer,Delivered
ORD-877939,BIZ-1030,3,1,2025-10-26,115500.0,11,10500.0,Bank Transfer,Cancelled
ORD-789625,BIZ-1000,3,2,2025-10-14,57000.0,6,10000.0,Bank Transfer,Cancelled
ORD-864995,BIZ-1033,3,5,2025-10-17,171000.0,18,9500.0,Cash,Cancelled
ORD-155675,BIZ-1042,2,3,2025-10-04,210000.0,21,10000.0,POS,Pending
ORD-290476,BIZ-1017,1,2,2025-10-17,160000.0,16,10000.0,POS,Delivered
ORD-226804,BIZ-1041,1,2,2025-10-22,142500.0,15,9500.0,POS,Cancelled
ORD-284076,BIZ-1021,4,3,2025-10-20,49000.0,5,9800.0,POS,Cancelled
ORD-820878,BIZ-1042,2,4,2025-10-02,166600.0,17,9800.0,POS,Pending
ORD-564412,BIZ-1001,1,2,2025-10-07,262500.0,25,10500.0,POS,Pending
ORD-863681,BIZ-1007,2,3,2025-10-24,210000.0,21,10000.0,Bank Transfer,Pending
ORD-691905,BIZ-1017,4,4,2025-10-07,68600.0,7,9800.0,POS,Delivered
ORD-295190,BIZ-1030,4,5,2025-10-20,170000.0,17,10000.0,Cash,Cancelled
ORD-130688,BIZ-1038,3,3,2025-10-29,332500.0,35,9500.0,Cash,Delivered
ORD-280925,BIZ-1014,4,2,2025-10-10,370000.0,37,10000.0,Bank Transfer,Pending
ORD-694411,BIZ-1048,2,3,2025-10-05,105000.0,10,10500.0,POS,Pending
ORD-324498,BIZ-1001,1,5,2025-10-28,346500.0,33,10500.0,Cash,Pending
ORD-279508,BIZ-1061,3,2,2025-10-23,245000.0,25,9800.0,POS,Cancelled
ORD-868401,BIZ-1001,3,2,2025-10-29,176400.0,18,9800.0,Cash,Pending
ORD-442836,BIZ-1016,3,4,2025-10-13,372400.0,38,9800.0,POS,Delivered
ORD-713602,BIZ-1052,3,2,2025-10-20,98000.0,10,9800.0,Bank Transfer,Pending
ORD-417926,BIZ-1049,2,4,2025-10-03,68600.0,7,9800.0,Bank Transfer,Pending
ORD-677407,BIZ-1052,3,5,2025-10-08,330000.0,33,10000.0,Cash,Delivered
ORD-274654,BIZ-1051,1,2,2025-10-05,250000.0,25,10000.0,Cash,Delivered
ORD-481359,BIZ-1004,4,3,2025-10-10,10500.0,1,10500.0,Cash,Delivered
ORD-356399,BIZ-1010,3,2,2025-10-22,380000.0,40,9500.0,Bank Transfer,Delivered
ORD-997265,BIZ-1046,4,2,2025-10-24,266000.0,28,9500.0,Cash,Pending
ORD-313056,BIZ-1054,1,2,2025-10-27,330000.0,33,10000.0,Cash,Pending
ORD-423025,BIZ-1056,4,5,2025-10-10,170000.0,17,10000.0,POS,Delivered
ORD-228090,BIZ-1039,1,2,2025-10-09,47500.0,5,9500.0,Bank Transfer,Delivered
ORD-775918,BIZ-1049,2,2,2025-10-15,350000.0,35,10000.0,Cash,Cancelled
ORD-879784,BIZ-1045,1,4,2025-10-14,294000.0,28,10500.0,POS,Pending
ORD-329497,BIZ-1025,1,4,2025-10-27,360000.0,36,10000.0,POS,Pending
ORD-512176,BIZ-1028,4,2,2025-10-05,180000.0,18,10000.0,Bank Transfer,Pending
ORD-120510,BIZ-1000,1,4,2025-10-09,133000.0,14,9500.0,Bank Transfer,Pending
ORD-373718,BIZ-1033,1,2,2025-10-18,235200.0,24,9800.0,Bank Transfer,Pending
ORD-705666,BIZ-1053,2,4,2025-10-26,332500.0,35,9500.0,Bank Transfer,Pending
ORD-912574,BIZ-1011,4,3,2025-10-25,285000.0,30,10000.0,Bank Transfer,Pending
ORD-850246,BIZ-1038,2,5,2025-10-15,313600.0,32,9800.0,POS,Pending
ORD-289226,BIZ-1016,2,3,2025-10-22,210000.0,20,10500.0,Bank Transfer,Delivered
ORD-732928,BIZ-1043,2,3,2025-10-27,142500.0,15,9500.0,POS,Pending
ORD-710549,BIZ-1006,3,2,2025-10-25,133000.0,14,9500.0,Cash,Delivered
ORD-295868,BIZ-1017,2,3,2025-10-14,250000.0,25,10000.0,Bank Transfer,Cancelled
ORD-561522,BIZ-1039,2,5,2025-10-18,189000.0,18,10500.0,POS,Delivered
ORD-158130,BIZ-1040,3,2,2025-10-03,66500.0,7,9500.0,Cash,Cancelled
ORD-799107,BIZ-1043,1,3,2025-10-10,241500.0,23,10500.0,Bank Transfer,Cancelled
ORD-591269,BIZ-1060,2,4,2025-10-28,126000.0,12,10500.0,Bank Transfer,Pending
ORD-621877,BIZ-1001,4,5,2025-10-23,49000.0,5,9800.0,Bank Transfer,Delivered
ORD-324643,BIZ-1021,1,3,2025-10-22,9800.0,1,9800.0,Bank Transfer,Cancelled
ORD-957211,BIZ-1052,4,2,2025-10-15,342000.0,36,9500.0,Cash,Pending
ORD-707732,BIZ-1001,3,3,2025-10-10,210000.0,20,10500.0,POS,Cancelled
ORD-644153,BIZ-1042,3,3,2025-10-29,199500.0,21,9500.0,POS,Cancelled
ORD-256489,BIZ-1004,1,5,2025-10-08,176400.0,18,9800.0,Cash,Delivered
ORD-808020,BIZ-1061,3,2,2025-10-01,130000.0,13,10000.0,Bank Transfer,Delivered
ORD-203343,BIZ-1051,3,4,2025-10-23,84000.0,8,10500.0,Bank Transfer,Delivered
ORD-482003,BIZ-1015,1,2,2025-10-05,343000.0,35,9800.0,Bank Transfer,Pending
ORD-928989,BIZ-1038,1,4,2025-10-12,156800.0,16,9800.0,POS,Cancelled
ORD-156927,BIZ-1045,4,4,2025-10-22,160000.0,16,10000.0,POS,Cancelled
ORD-281682,BIZ-1060,2,3,2025-10-17,323000.0,34,9500.0,Cash,Delivered
ORD-146625,BIZ-1024,3,4,2025-10-02,275500.0,29,9500.0,Cash,Pending
ORD-681131,BIZ-1001,2,3,2025-10-08,343000.0,35,9800.0,Cash,Cancelled
ORD-950219,BIZ-1057,3,3,2025-10-15,380000.0,40,9500.0,Bank Transfer,Cancelled
ORD-588219,BIZ-1047,4,5,2025-10-29,31500.0,3,10500.0,Bank Transfer,Cancelled
ORD-630490,BIZ-1001,4,3,2025-10-16,260000.0,26,10000.0,Bank Transfer,Delivered
ORD-559664,BIZ-1011,3,3,2025-10-26,294000.0,30,9800.0,Bank Transfer,Delivered
ORD-320815,BIZ-1036,1,1,2025-10-11,218500.0,23,9500.0,Cash,Delivered
ORD-857118,BIZ-1043,1,3,2025-10-21,254800.0,26,9800.0,Bank Transfer,Cancelled
ORD-490272,BIZ-1054,2,4,2025-10-22,225400.0,23,9800.0,POS,Pending
ORD-474723,BIZ-1030,2,3,2025-10-21,390000.0,39,10000.0,Cash,Pending
ORD-768390,BIZ-1038,4,3,2025-10-06,367500.0,35,10500.0,Cash,Cancelled
ORD-163838,BIZ-1040,3,5,2025-10-17,178500.0,17,10500.0,Bank Transfer,Cancelled
ORD-887068,BIZ-1013,3,4,2025-10-24,330000.0,33,10000.0,Bank Transfer,Delivered
ORD-953132,BIZ-1023,4,5,2025-10-24,78400.0,8,9800.0,Bank Transfer,Pending
ORD-311807,BIZ-1023,4,4,2025-10-24,330000.0,33,10000.0,Bank Transfer,Pending
ORD-416778,BIZ-1055,1,2,2025-10-01,156800.0,16,9800.0,Bank Transfer,Pending
ORD-506691,BIZ-1050,1,3,2025-10-08,343000.0,35,9800.0,Cash,Delivered
ORD-954246,BIZ-1040,1,5,2025-10-20,98000.0,10,9800.0,Cash,Delivered
ORD-932830,BIZ-1052,2,4,2025-10-18,80000.0,8,10000.0,Cash,Pending
ORD-214798,BIZ-1016,4,3,2025-10-18,260000.0,26,10000.0,Cash,Delivered
ORD-463737,BIZ-1052,3,4,2025-10-14,28500.0,3,9500.0,Cash,Cancelled
ORD-270922,BIZ-1015,4,1,2025-10-26,57000.0,6,9500.0,POS,Cancelled
ORD-863319,BIZ-1011,1,2,2025-10-29,189000.0,18,10000.0,POS,Delivered
ORD-198114,BIZ-1037,2,4,2025-10-18,190000.0,20,9500.0,Bank Transfer,Pending
ORD-256463,BIZ-1047,1,4,2025-10-01,399000.0,38,10500.0,Cash,Cancelled
ORD-275615,BIZ-1032,3,4,2025-10-20,230000.0,23,10000.0,POS,Pending
ORD-865215,BIZ-1006,2,3,2025-10-24,252000.0,24,10500.0,Cash,Delivered
ORD-885675,BIZ-1029,1,2,2025-10-29,133000.0,14,9500.0,Bank Transfer,Pending
ORD-125197,BIZ-1014,2,5,2025-10-11,40000.0,4,10000.0,Cash,Cancelled
ORD-308498,BIZ-1059,3,2,2025-10-03,199500.0,21,9500.0,POS,Cancelled
ORD-785511,BIZ-1048,2,5,2025-10-15,58800.0,6,9800.0,Bank Transfer,Cancelled
ORD-636221,BIZ-1029,1,2,2025-10-27,196000.0,20,9800.0,Cash,Cancelled
ORD-741812,BIZ-1015,4,4,2025-10-06,180000.0,18,10000.0,Bank Transfer,Pending
ORD-105151,BIZ-1007,1,3,2025-10-25,284200.0,29,9800.0,POS,Delivered
ORD-592932,BIZ-1018,4,5,2025-10-18,47500.0,5,9500.0,Bank Transfer,Pending
ORD-820134,BIZ-1051,2,3,2025-10-03,30000.0,3,10000.0,Bank Transfer,Delivered
ORD-197443,BIZ-1022,3,4,2025-10-18,303800.0,31,9800.0,POS,Delivered
ORD-220764,BIZ-1040,4,3,2025-10-19,245000.0,25,9800.0,Cash,Pending
ORD-150768,BIZ-1011,4,4,2025-10-05,370500.0,39,9500.0,Cash,Delivered
ORD-867301,BIZ-1009,4,4,2025-10-19,346500.0,33,10000.0,POS,Pending
ORD-317312,BIZ-1030,3,4,2025-10-05,262500.0,25,10000.0,POS,Cancelled
ORD-820147,BIZ-1060,3,4,2025-10-05,117600.0,12,9800.0,Cash,Pending
ORD-582706,BIZ-1020,2,2,2025-10-28,346500.0,33,10500.0,Cash,Cancelled
ORD-889221,BIZ-1059,4,5,2025-10-13,152000.0,16,9500.0,Bank Transfer,Delivered
ORD-156102,BIZ-1053,3,1,2025-10-20,245000.0,25,9800.0,POS,Delivered
ORD-908847,BIZ-1024,3,3,2025-10-04,346500.0,33,10500.0,Bank Transfer,Cancelled
ORD-193571,BIZ-1036,4,3,2025-10-23,310000.0,31,10000.0,Bank Transfer,Pending
ORD-501166,BIZ-1038,4,5,2025-10-04,210000.0,21,10000.0,POS,Cancelled
ORD-235793,BIZ-1015,3,3,2025-10-13,107800.0,11,9800.0,POS,Cancelled
ORD-143884,BIZ-1020,2,2,2025-10-28,100000.0,10,10000.0,Bank Transfer,Delivered
ORD-856726,BIZ-1003,3,3,2025-10-04,130000.0,13,10000.0,Cash,Pending
ORD-242592,BIZ-1035,2,4,2025-10-01,160000.0,16,10000.0,POS,Delivered
ORD-793861,BIZ-1006,1,5,2025-10-22,330000.0,33,10000.0,POS,Cancelled
ORD-654859,BIZ-1025,1,3,2025-10-23,152000.0,16,10000.0,POS,Delivered
ORD-360753,BIZ-1028,1,5,2025-10-23,304500.0,29,10500.0,Bank Transfer,Pending
ORD-753235,BIZ-1008,1,4,2025-10-06,372400.0,38,9800.0,POS,Delivered
ORD-324488,BIZ-1039,3,3,2025-10-23,262500.0,25,10500.0,Cash,Cancelled
ORD-699663,BIZ-1040,3,2,2025-10-02,66500.0,7,9500.0,Cash,Delivered
ORD-498756,BIZ-1021,4,2,2025-10-06,114000.0,12,9500.0,Cash,Delivered
ORD-662192,BIZ-1044,2,3,2025-10-11,320000.0,32,10000.0,Cash,Delivered
ORD-287524,BIZ-1060,2,4,2025-10-01,294500.0,31,9500.0,Bank Transfer,Delivered
ORD-797453,BIZ-1012,3,2,2025-10-14,19000.0,2,9500.0,Bank Transfer,Delivered
ORD-914375,BIZ-1017,2,4,2025-10-25,104500.0,11,9500.0,Cash,Delivered
ORD-256900,BIZ-1050,1,2,2025-10-16,57000.0,6,9500.0,Bank Transfer,Pending
ORD-395745,BIZ-1010,1,3,2025-10-23,342000.0,36,9500.0,Cash,Delivered
ORD-194477,BIZ-1032,1,3,2025-10-06,180000.0,18,10000.0,POS,Pending
ORD-928204,BIZ-1012,4,4,2025-10-09,190000.0,19,10000.0,POS,Cancelled
ORD-513960,BIZ-1010,3,5,2025-10-17,210000.0,20,10500.0,POS,Cancelled
ORD-247441,BIZ-1029,1,3,2025-10-19,343000.0,35,9800.0,Cash,Cancelled
ORD-109166,BIZ-1026,4,4,2025-10-28,290000.0,29,10000.0,POS,Cancelled
ORD-442506,BIZ-1005,4,4,2025-10-18,70000.0,7,10000.0,POS,Delivered
ORD-257420,BIZ-1018,1,2,2025-10-30,370500.0,39,9500.0,POS,Delivered
ORD-493820,BIZ-1007,4,4,2025-10-18,250000.0,25,10000.0,POS,Pending
ORD-980794,BIZ-1002,3,2,2025-10-04,367500.0,35,10500.0,Cash,Pending
ORD-303060,BIZ-1018,4,2,2025-10-25,256500.0,27,9500.0,POS,Cancelled
ORD-484541,BIZ-1030,3,3,2025-10-22,315000.0,30,10000.0,POS,Pending
ORD-466975,BIZ-1058,2,3,2025-10-30,241500.0,23,10500.0,Cash,Cancelled
ORD-980432,BIZ-1049,2,1,2025-10-22,304500.0,29,10500.0,Cash,Pending
ORD-949833,BIZ-1040,3,4,2025-10-24,303800.0,31,9800.0,Cash,Pending
ORD-786981,BIZ-1039,1,2,2025-10-23,31500.0,3,10500.0,POS,Cancelled
ORD-325043,BIZ-1035,1,2,2025-10-01,168000.0,16,10500.0,POS,Delivered
ORD-696503,BIZ-1005,2,4,2025-10-22,189000.0,18,10500.0,POS,Cancelled
ORD-234430,BIZ-1056,4,3,2025-10-18,126000.0,12,10500.0,Cash,Pending
ORD-711800,BIZ-1028,1,5,2025-10-24,42000.0,4,10500.0,Cash,Pending
ORD-117918,BIZ-1041,1,4,2025-10-15,10000.0,1,10000.0,Cash,Delivered
ORD-339980,BIZ-1054,1,2,2025-10-24,85500.0,9,9500.0,Bank Transfer,Cancelled
ORD-224413,BIZ-1050,1,1,2025-10-30,231000.0,22,10000.0,Bank Transfer,Cancelled
ORD-300022,BIZ-1058,2,3,2025-10-05,110000.0,11,10000.0,Cash,Cancelled
ORD-476455,BIZ-1051,1,3,2025-10-13,133000.0,14,9500.0,POS,Delivered
ORD-665852,BIZ-1055,3,3,2025-10-17,275500.0,29,9500.0,Bank Transfer,Delivered
ORD-421855,BIZ-1009,2,2,2025-10-12,60000.0,6,10000.0,Cash,Pending
ORD-236664,BIZ-1003,4,5,2025-10-23,380000.0,40,9500.0,Cash,Delivered
ORD-128355,BIZ-1003,4,3,2025-10-07,350000.0,35,10000.0,Bank Transfer,Delivered
ORD-178589,BIZ-1042,2,1,2025-10-08,284200.0,29,9800.0,POS,Pending
ORD-916338,BIZ-1054,1,3,2025-10-27,160000.0,16,10000.0,Cash,Cancelled
ORD-247687,BIZ-1025,3,3,2025-10-05,40000.0,4,10000.0,Bank Transfer,Cancelled
ORD-156429,BIZ-1001,1,5,2025-10-30,273000.0,26,10500.0,Bank Transfer,Cancelled
ORD-479398,BIZ-1015,1,3,2025-10-13,409500.0,39,10500.0,Bank Transfer,Delivered
ORD-602593,BIZ-1053,3,5,2025-10-19,156800.0,16,9800.0,Cash,Pending
ORD-618895,BIZ-1016,3,4,2025-10-07,275500.0,29,10000.0,POS,Pending
ORD-274432,BIZ-1024,3,4,2025-10-09,84000.0,8,10500.0,Cash,Pending
ORD-164506,BIZ-1017,3,3,2025-10-18,392000.0,40,9800.0,Bank Transfer,Cancelled
ORD-856597,BIZ-1006,1,2,2025-10-14,370500.0,39,9500.0,Bank Transfer,Delivered
ORD-552168,BIZ-1025,3,1,2025-10-29,73500.0,7,10500.0,Bank Transfer,Delivered
ORD-719511,BIZ-1028,3,4,2025-10-13,210000.0,20,10500.0,Cash,Delivered
ORD-339286,BIZ-1041,4,5,2025-10-01,180500.0,19,9500.0,Bank Transfer,Pending
ORD-395068,BIZ-1021,2,5,2025-10-04,270000.0,27,10000.0,Cash,Delivered
ORD-212239,BIZ-1004,1,5,2025-10-16,117600.0,12,9800.0,Cash,Cancelled
ORD-373743,BIZ-1028,2,4,2025-10-11,52500.0,5,10500.0,Cash,Cancelled
ORD-266302,BIZ-1025,1,4,2025-10-29,283500.0,27,10500.0,POS,Delivered
ORD-817696,BIZ-1014,1,3,2025-10-25,245000.0,25,9800.0,POS,Pending
ORD-107945,BIZ-1041,2,4,2025-10-19,346500.0,33,10500.0,Bank Transfer,Pending
ORD-844836,BIZ-1036,1,5,2025-10-07,190000.0,19,10000.0,Bank Transfer,Pending
ORD-133956,BIZ-1005,3,3,2025-10-26,9500.0,1,9500.0,Cash,Delivered
ORD-230751,BIZ-1029,4,4,2025-10-08,260000.0,26,10000.0,Cash,Cancelled
ORD-480828,BIZ-1048,4,3,2025-10-01,294000.0,28,10500.0,POS,Cancelled
ORD-525239,BIZ-1028,2,4,2025-10-28,68600.0,7,9800.0,Cash,Pending
ORD-691845,BIZ-1040,2,3,2025-10-29,100000.0,10,10000.0,Cash,Cancelled
ORD-770919,BIZ-1009,1,5,2025-10-28,50000.0,5,10000.0,Bank Transfer,Cancelled
ORD-543745,BIZ-1024,1,5,2025-10-14,20000.0,2,10000.0,POS,Delivered
ORD-423233,BIZ-1051,3,3,2025-10-27,340000.0,34,10000.0,Bank Transfer,Cancelled
ORD-488904,BIZ-1041,4,5,2025-10-19,100000.0,10,10000.0,Bank Transfer,Delivered
ORD-809957,BIZ-1055,3,4,2025-10-14,105000.0,10,10500.0,Bank Transfer,Pending
ORD-464938,BIZ-1028,1,3,2025-10-24,380000.0,40,10000.0,Cash,Delivered
ORD-545823,BIZ-1048,4,4,2025-10-12,340000.0,34,10000.0,POS,Cancelled
ORD-358051,BIZ-1049,1,4,2025-10-26,342000.0,36,9500.0,Cash,Delivered
ORD-982459,BIZ-1033,4,2,2025-10-08,370500.0,39,9500.0,Bank Transfer,Cancelled
ORD-977417,BIZ-1061,4,2,2025-10-04,98000.0,10,9800.0,Cash,Cancelled
ORD-584175,BIZ-1060,4,5,2025-10-25,147000.0,15,9800.0,Cash,Cancelled
ORD-215930,BIZ-1025,1,5,2025-10-14,76000.0,8,9500.0,POS,Cancelled
ORD-162283,BIZ-1018,1,4,2025-10-02,68600.0,7,9800.0,Bank Transfer,Pending
ORD-935986,BIZ-1008,3,2,2025-10-24,117600.0,12,9800.0,POS,Cancelled
ORD-228594,BIZ-1019,2,4,2025-10-24,110000.0,11,10000.0,Cash,Pending
ORD-127939,BIZ-1055,4,3,2025-10-02,351500.0,37,9500.0,Cash,Delivered
ORD-872468,BIZ-1005,3,3,2025-10-25,388500.0,37,10500.0,POS,Delivered
ORD-680746,BIZ-1030,1,2,2025-10-24,73500.0,7,10500.0,Bank Transfer,Delivered
ORD-571152,BIZ-1022,1,2,2025-10-07,199500.0,21,9500.0,Cash,Delivered
ORD-900529,BIZ-1028,1,5,2025-10-12,60000.0,6,10000.0,Cash,Delivered
ORD-612737,BIZ-1045,1,5,2025-10-29,367500.0,35,10500.0,Cash,Cancelled
ORD-641358,BIZ-1013,3,5,2025-10-05,20000.0,2,10000.0,Bank Transfer,Pending
ORD-113766,BIZ-1053,3,3,2025-10-02,304500.0,29,10500.0,POS,Delivered
ORD-951796,BIZ-1001,3,2,2025-10-16,343000.0,35,9800.0,Cash,Pending
ORD-484034,BIZ-1050,3,3,2025-10-22,245000.0,25,9800.0,Bank Transfer,Pending
ORD-255327,BIZ-1058,3,2,2025-10-14,94500.0,9,10500.0,POS,Pending
ORD-854757,BIZ-1024,1,2,2025-10-18,199500.0,19,10500.0,POS,Delivered
ORD-459366,BIZ-1013,1,5,2025-10-04,137200.0,14,9800.0,Bank Transfer,Pending
ORD-585968,BIZ-1028,1,3,2025-10-22,136500.0,13,10500.0,POS,Cancelled
ORD-633057,BIZ-1015,2,5,2025-10-03,58800.0,6,9800.0,Bank Transfer,Pending
ORD-574966,BIZ-1027,4,5,2025-10-02,215600.0,22,9800.0,Cash,Pending
ORD-156500,BIZ-1049,2,5,2025-10-04,380000.0,40,10000.0,Cash,Pending
ORD-340322,BIZ-1035,4,1,2025-10-14,63000.0,6,10500.0,Bank Transfer,Pending
ORD-150120,BIZ-1038,3,5,2025-10-10,171000.0,18,10000.0,Cash,Cancelled
ORD-401701,BIZ-1018,4,5,2025-10-25,190000.0,20,9500.0,Bank Transfer,Pending
ORD-656473,BIZ-1017,1,2,2025-10-11,137200.0,14,9800.0,Cash,Pending
ORD-615934,BIZ-1022,2,5,2025-10-29,176400.0,18,9800.0,Bank Transfer,Cancelled
ORD-939937,BIZ-1025,2,4,2025-10-10,380000.0,38,10000.0,POS,Cancelled
ORD-219753,BIZ-1028,4,5,2025-10-13,409500.0,39,10500.0,Cash,Pending
ORD-125994,BIZ-1021,2,3,2025-10-22,85500.0,9,9500.0,Bank Transfer,Pending
ORD-556231,BIZ-1024,2,4,2025-10-01,274400.0,28,9800.0,Bank Transfer,Cancelled
ORD-657519,BIZ-1032,1,4,2025-10-06,274400.0,28,9800.0,Cash,Delivered
ORD-809221,BIZ-1008,3,5,2025-10-26,304500.0,29,10500.0,POS,Pending
ORD-546597,BIZ-1034,1,5,2025-10-11,378000.0,36,10500.0,POS,Pending
ORD-725119,BIZ-1052,4,4,2025-10-22,372400.0,38,9800.0,Cash,Delivered
ORD-131125,BIZ-1031,3,5,2025-10-08,333200.0,34,9800.0,Cash,Cancelled
ORD-688521,BIZ-1031,3,1,2025-10-07,85500.0,9,9500.0,Bank Transfer,Cancelled
ORD-308629,BIZ-1008,1,2,2025-10-01,294500.0,31,9500.0,Bank Transfer,Cancelled
ORD-942691,BIZ-1038,1,4,2025-10-30,90000.0,9,10000.0,Bank Transfer,Cancelled
ORD-310098,BIZ-1056,1,2,2025-10-27,380000.0,38,10000.0,POS,Pending
ORD-264190,BIZ-1003,3,2,2025-10-19,178500.0,17,10500.0,Bank Transfer,Cancelled
ORD-560824,BIZ-1049,1,4,2025-10-25,115500.0,11,10000.0,Bank Transfer,Pending
ORD-979053,BIZ-1049,3,2,2025-10-28,57000.0,6,9500.0,Bank Transfer,Pending
ORD-512744,BIZ-1040,2,3,2025-10-14,382200.0,39,9800.0,POS,Cancelled
ORD-256147,BIZ-1010,2,5,2025-10-14,323400.0,33,9800.0,Bank Transfer,Delivered
ORD-713571,BIZ-1049,1,2,2025-10-03,266000.0,28,9500.0,Bank Transfer,Pending
ORD-352232,BIZ-1034,4,3,2025-10-02,38000.0,4,9500.0,POS,Delivered
ORD-833455,BIZ-1058,4,4,2025-10-25,9800.0,1,9800.0,Cash,Delivered
ORD-119902,BIZ-1011,4,5,2025-10-26,218500.0,23,9500.0,Bank Transfer,Pending
ORD-378925,BIZ-1041,2,1,2025-10-01,237500.0,25,9500.0,POS,Delivered
ORD-546235,BIZ-1007,3,5,2025-10-13,350000.0,35,10000.0,Bank Transfer,Delivered
ORD-446377,BIZ-1055,4,4,2025-10-04,94500.0,9,10500.0,Bank Transfer,Cancelled
ORD-126144,BIZ-1031,2,5,2025-10-19,399000.0,38,10500.0,Bank Transfer,Delivered
ORD-933726,BIZ-1041,2,4,2025-10-23,275500.0,29,9500.0,Bank Transfer,Pending
ORD-568641,BIZ-1018,1,3,2025-10-04,199500.0,19,10500.0,Bank Transfer,Cancelled
ORD-798914,BIZ-1022,3,2,2025-10-18,218500.0,23,9500.0,Cash,Cancelled
ORD-364573,BIZ-1053,2,2,2025-10-15,388500.0,37,10500.0,Cash,Delivered
ORD-885407,BIZ-1016,4,3,2025-10-02,94500.0,9,10500.0,Bank Transfer,Pending
ORD-714008,BIZ-1003,2,5,2025-10-20,196000.0,20,9800.0,Cash,Delivered
ORD-905592,BIZ-1041,4,3,2025-10-08,380000.0,38,10000.0,Bank Transfer,Delivered
ORD-171245,BIZ-1059,3,4,2025-10-29,285000.0,30,9500.0,Bank Transfer,Pending
ORD-690265,BIZ-1017,4,2,2025-10-25,127400.0,13,9800.0,Cash,Cancelled
ORD-999594,BIZ-1032,4,2,2025-10-23,95000.0,10,9500.0,Bank Transfer,Pending
ORD-830268,BIZ-1029,3,5,2025-10-22,10000.0,1,10000.0,Cash,Cancelled
ORD-103173,BIZ-1019,4,2,2025-10-09,367500.0,35,10500.0,Bank Transfer,Cancelled
ORD-800144,BIZ-1059,4,4,2025-10-10,176400.0,18,9800.0,Cash,Delivered
ORD-168974,BIZ-1052,2,2,2025-10-30,50000.0,5,10000.0,Bank Transfer,Delivered
ORD-280481,BIZ-1004,2,4,2025-10-10,340000.0,34,10000.0,POS,Delivered
ORD-740216,BIZ-1049,2,4,2025-10-02,250000.0,25,10000.0,Cash,Delivered
ORD-139738,BIZ-1014,4,3,2025-10-19,157500.0,15,10500.0,Cash,Cancelled
ORD-412086,BIZ-1042,1,4,2025-10-25,80000.0,8,10000.0,Bank Transfer,Pending
ORD-726978,BIZ-1000,3,4,2025-10-20,161500.0,17,9500.0,POS,Cancelled
ORD-514187,BIZ-1014,3,4,2025-10-25,38000.0,4,9500.0,Cash,Delivered
ORD-654893,BIZ-1039,1,5,2025-10-24,352800.0,36,9800.0,Cash,Delivered
ORD-769915,BIZ-1050,2,5,2025-10-30,115500.0,11,10500.0,POS,Cancelled
ORD-168281,BIZ-1024,3,3,2025-10-07,199500.0,21,10000.0,POS,Cancelled
ORD-718992,BIZ-1034,3,3,2025-10-06,220000.0,22,10000.0,POS,Delivered
ORD-226120,BIZ-1014,1,1,2025-10-14,230000.0,23,10000.0,POS,Cancelled
